Order Date,Product Name,Category,Region,Quantity,Sales,Profit
2022-11-27,Mouse,Accessories,East,3,598.665,53.265
2022-05-11,Tablet,Electronics,South,5,5865.57,502.73
2024-03-16,Mouse,Accessories,South,1,393.48,101.435
2022-09-10,Mouse,Accessories,West,0,254.59,51.64
2023-12-01,Camera,Electronics,West,1,524.38,106.35
2023-10-09,Headphones,Accessories,North,7,6167.32,1027.98
2022-01-14,Camera,Electronics,South,7,3059.53,873.5
2022-04-02,Smartwatch,Electronics,East,9,5526.03,595.28
2023-12-04,Monitor,Accessories,South,6,7074.06,1357.68
2022-09-27,Smartwatch,Electronics,East,2,502.32,137.4
2023-12-21,Tablet,Electronics,North,7,7462.65,2166.17
2024-02-03,Smartphone,Electronics,West,10,8411.84,1170.58
2023-10-10,Camera,Electronics,West,1,570.09,138.54
2022-10-16,Headphones,Accessories,East,1,441.49,102.42
2022-05-15,Mouse,Accessories,North,3,3734.88,294.905
2023-02-11,Tablet,Electronics,South,2,2212.34,145.75
2023-12-27,Tablet,Electronics,East,5,740.92,146.39
2024-03-05,Mouse,Accessories,North,7,5712.86,651.27
2023-07-18,Smartwatch,Electronics,North,3,2739.3,572.73
2023-06-25,Keyboard,Accessories,West,5,1400.8,213.63
2023-11-13,Printer,Office,North,3,3477.13,939.2
2022-07-09,Camera,Electronics,North,5,3475.57,570.36
2023-12-11,Laptop,Electronics,West,9,6138.45,1562.14
2023-03-18,Camera,Electronics,West,5,3665.45,406.93
2024-05-04,Laptop,Electronics,North,2,1382.07,211.11
2022-09-04,Laptop,Electronics,West,2,2252.78,388.16
2024-01-22,Mouse,Accessories,West,4,988.48,147.91
2023-04-09,Laptop,Electronics,North,18,21547.9,3814.72
2023-02-07,Headphones,Accessories,South,-1,3252.37,713.46
2023-05-04,Headphones,Accessories,North,3,2739.99,202.81
2023-04-18,Tablet,Electronics,South,7,2709.04,702.79
2022-12-12,Printer,Office,West,3,936.74,201.24
2022-09-11,Camera,Electronics,West,4,3720.11,410.92
2024-03-26,Mouse,Accessories,West,5,5320.04,716.91
2023-09-20,Headphones,Accessories,East,4,804.62,121.51
2023-05-25,Laptop,Electronics,North,16,2449.54,493.54
2022-12-04,Headphones,Accessories,South,9,8667.44,781.78
2022-06-10,Monitor,Accessories,West,3,3018.16,320.11
2023-02-05,Laptop,Electronics,West,10,8651.26,2046.78
2024-01-20,Laptop,Electronics,South,3,1557.98,181.08
2022-01-27,Monitor,Accessories,South,6,3672.29,1002.5
2023-03-29,Mouse,Accessories,West,1,333.49,72.34
2024-11-26,Mouse,Accessories,West,3,444.345,105.195
2024-09-19,Laptop,Electronics,West,10,6560.28,1908.34
2023-07-20,Mouse,Accessories,South,3,619.525,88.695
2024-05-03,Headphones,Accessories,East,8,5880.1,436.85
2022-09-03,Smartphone,Electronics,West,4,3336.14,874.6
2024-07-09,Printer,Office,West,7,4109.95,1037.64
2022-11-17,Smartwatch,Electronics,West,7,595.52,148.5
2022-05-30,Monitor,Accessories,South,3,1872.77,553.1
2024-04-17,Smartwatch,Electronics,East,6,2124.38,126.03
2024-09-30,Monitor,Accessories,West,5,5210.13,1338.8
2024-06-02,Mouse,Accessories,South,3,2880.965,181.24
2022-09-26,Headphones,Accessories,South,7,6895.65,1596.35
2024-12-17,Smartwatch,Electronics,East,3,2118.89,317.08
2024-10-09,Smartwatch,Electronics,North,5,830.43,58.28
2023-07-14,Smartwatch,Electronics,North,1,851.61,93.56
2023-12-05,Tablet,Electronics,East,5,4730.17,1365.63
2022-06-03,Mouse,Accessories,West,3,2730.08,422.875
2024-12-28,Headphones,Accessories,East,5,5795.79,310.6
2022-08-06,Laptop,Electronics,South,8,4016.1,676.88
2023-06-06,Mouse,Accessories,South,7,2842.46,425.24
2024-02-01,Mouse,Accessories,East,2,1702.03,196.11
2023-05-31,Smartwatch,Electronics,West,1,1065.84,228.63
2024-06-14,Tablet,Electronics,West,7,2149.23,121.69
2024-08-14,Keyboard,Accessories,East,8,5912.66,1143.04
2023-02-01,Mouse,Accessories,West,3,3348.47,331.28
2024-04-28,Smartphone,Electronics,South,3,2409.46,531.79
2024-04-05,Tablet,Electronics,North,2,328.8,39.51
2024-01-31,Smartphone,Electronics,West,16,12448.88,3122.84
2024-01-09,Smartwatch,Electronics,North,5,2530.7,486.09
2024-05-22,Printer,Office,South,5,1640.33,391.36
2023-12-30,Laptop,Electronics,South,2,223.64,38.66
2022-03-17,Headphones,Accessories,North,1,445.05,128.89
2024-06-09,Mouse,Accessories,North,1,667.88,88.22
2024-12-01,Keyboard,Accessories,South,5,3090.12,242.15
2023-10-20,Printer,Office,East,5,3910.18,538.52
2024-03-05,Camera,Electronics,South,1,219.2,32.67
2022-12-05,Smartphone,Electronics,West,5,390.98,27.77
2022-08-05,Laptop,Electronics,North,12,6588.56,719.22
2023-03-21,Keyboard,Accessories,West,2,2286.295,519.025
2022-02-08,Monitor,Accessories,South,7,980.99,109.94
2023-04-01,Headphones,Accessories,North,2,2262.97,532.12
2022-12-14,Camera,Electronics,South,7,7518.29,1655.91
2022-05-14,Camera,Electronics,South,1,873.25,158.97
2022-02-16,Mouse,Accessories,North,6,1512.93,423.03
2024-08-28,Laptop,Electronics,West,2,1411.3,330.32
2023-10-30,Smartwatch,Electronics,North,8,3256.31,533.7
2023-06-24,Tablet,Electronics,West,4,556.79,81.77
2023-05-17,Mouse,Accessories,East,4,3550.845,1052.91
2023-04-06,Laptop,Electronics,West,18,17604.34,2689.92
2023-03-26,Headphones,Accessories,South,6,5592.21,1294.16
2024-10-12,Tablet,Electronics,North,2,1852.99,168.92
2022-06-26,Monitor,Accessories,East,1,195.14,57.88
2022-04-15,Mouse,Accessories,East,4,3942.48,1027.01
2023-12-10,Laptop,Electronics,East,5,4360.23,1160.55
2024-09-23,Mouse,Accessories,North,6,4920.94,929.18
2022-01-01,Mouse,Accessories,East,3,3474.84,565.0
2022-02-03,Keyboard,Accessories,West,1,930.14,222.5
2023-03-14,Tablet,Electronics,South,7,1421.95,248.02
2024-07-07,Camera,Electronics,East,1,673.49,114.42
2022-04-13,Mouse,Accessories,South,5,3135.43,787.7
2024-05-08,Smartphone,Electronics,East,12,1764.5,368.96
2024-09-10,Smartphone,Electronics,East,4,1192.42,212.77
2024-09-10,Tablet,Electronics,North,1,834.02,95.54
2022-05-06,Smartphone,Electronics,East,6,612.73,83.75
2024-06-18,Headphones,Accessories,West,9,8073.93,710.23
2023-10-29,Keyboard,Accessories,North,4,1320.2,361.94
2023-11-13,Smartphone,Electronics,North,6,6468.78,881.4
2022-08-21,Monitor,Accessories,West,5,4435.37,355.51
2024-03-04,Smartwatch,Electronics,North,2,2302.35,305.07
2022-04-17,Camera,Electronics,East,6,1728.62,307.44
2023-12-20,Laptop,Electronics,East,8,456.28,108.1
2022-03-19,Tablet,Electronics,West,6,3450.13,705.74
2024-07-07,Smartphone,Electronics,South,16,14913.64,3404.96
2023-04-30,Smartphone,Electronics,West,12,9457.1,1411.7
2024-03-22,Smartwatch,Electronics,North,7,945.34,124.62
2022-03-08,Laptop,Electronics,North,4,296.96,65.05
2023-09-15,Smartphone,Electronics,West,4,640.67,149.89
2023-03-01,Tablet,Electronics,North,1,797.67,65.27
2023-10-24,Monitor,Accessories,North,4,1456.47,431.89
2024-04-22,Monitor,Accessories,South,6,4038.58,364.11
2023-06-27,Tablet,Electronics,West,7,5656.89,355.81
2023-04-13,Mouse,Accessories,West,4,3876.4,302.37
2023-05-19,Keyboard,Accessories,South,3,501.44,57.35
2024-11-15,Headphones,Accessories,East,9,2187.16,413.76
2023-12-25,Mouse,Accessories,North,6,7146.65,1627.42
2022-03-31,Keyboard,Accessories,South,0,94.64,7.44
2024-04-24,Monitor,Accessories,East,5,940.96,266.02
2022-01-10,Headphones,Accessories,North,1,951.42,127.58
2022-11-17,Printer,Office,East,2,124.59,27.42
2024-06-29,Mouse,Accessories,West,9,7506.65,594.28
2022-11-14,Monitor,Accessories,West,7,8176.47,2308.76
2023-08-11,Smartphone,Electronics,East,10,4250.56,1265.36
2022-03-19,Headphones,Accessories,South,5,270.74,29.41
2022-10-23,Keyboard,Accessories,West,9,10035.57,1486.3
2022-07-17,Smartphone,Electronics,South,10,1530.86,315.28
2024-11-04,Headphones,Accessories,East,7,4221.85,358.02
2023-02-24,Laptop,Electronics,North,4,2108.67,576.48
2024-08-08,Monitor,Accessories,North,9,10530.23,2387.63
2024-05-14,Keyboard,Accessories,South,3,1698.275,457.085
2022-01-15,Monitor,Accessories,North,4,1060.82,213.05
2022-05-10,Tablet,Electronics,East,5,480.72,73.07
2022-03-10,Headphones,Accessories,West,3,2529.23,285.65
2022-01-23,Smartwatch,Electronics,East,8,4792.84,511.97
2024-09-19,Smartwatch,Electronics,East,8,8056.78,605.8
2024-06-06,Tablet,Electronics,North,4,4228.18,947.76
2024-10-10,Tablet,Electronics,East,1,653.12,93.78
2024-03-24,Tablet,Electronics,North,9,7452.68,1212.51
2023-07-21,Mouse,Accessories,East,2,2064.335,578.355
2022-07-21,Tablet,Electronics,West,5,5090.11,1201.56
2022-09-01,Camera,Electronics,North,5,4930.99,387.33
2023-04-20,Smartwatch,Electronics,South,6,2610.68,434.37
2023-12-11,Laptop,Electronics,North,6,4278.92,831.68
2024-09-29,Tablet,Electronics,South,1,226.72,55.4
2023-11-20,Smartwatch,Electronics,West,2,2244.36,212.08
2023-07-15,Monitor,Null,East,6,3150.07,578.87
2023-12-24,Laptop,Electronics,South,7,3388.07,347.19
2023-08-13,Laptop,Electronics,East,16,17473.98,1160.62
2022-04-24,Smartphone,Electronics,South,4,2204.72,353.06
2024-07-13,Monitor,Accessories,East,3,2640.16,199.97
2022-06-11,Printer,Office,West,3,2547.14,300.74
2024-10-28,Laptop,Electronics,North,7,728.93,64.82
2022-11-24,Camera,Electronics,South,7,3444.7,607.44
2024-10-03,Camera,Electronics,West,5,3140.17,853.66
2024-03-24,Smartphone,na,East,6,870.24,258.54
2024-06-28,Keyboard,Accessories,East,2,428.425,36.495
2022-05-31,Printer,Office,North,2,112.98,23.33
2023-01-31,Keyboard,Accessories,West,1,756.05,149.365
2024-06-23,Mouse,,South,5,4915.37,1196.6
2023-08-16,Mouse,Accessories,South,1,1354.55,331.77
2023-06-10,Tablet,Electronics,North,7,1239.67,118.36
2023-05-09,Tablet,Electronics,West,2,572.55,86.16
2022-05-08,Smartwatch,Electronics,North,2,1708.81,93.25
2024-11-06,Smartwatch,Electronics,North,4,360.22,42.66
2022-12-08,Camera,Electronics,North,6,3822.14,388.34
2022-09-25,Camera,Electronics,North,6,4680.73,932.97
2024-07-10,Camera,Electronics,North,5,2520.39,487.18
2024-03-29,Smartwatch,Electronics,North,2,2138.55,619.29
2022-01-11,Keyboard,Accessories,West,3,2529.83,169.6
2022-04-08,Keyboard,Accessories,East,1,236.37,29.33
2024-01-21,Tablet,Electronics,West,6,2730.79,636.48
2023-04-27,Headphones,Accessories,North,3,3021.59,872.49
2024-11-06,Smartwatch,Electronics,North,2,244.84,16.78
2022-05-11,Camera,Electronics,South,8,728.01,120.06
2022-10-02,Mouse,Accessories,North,3,453.46,89.49
2022-01-12,Laptop,Electronics,South,1,379.37,84.38
2023-01-09,Tablet,Electronics,West,3,2130.74,510.69
2023-05-04,Monitor,Accessories,North,8,4120.96,710.11
2024-09-07,Smartwatch,Electronics,South,7,3150.71,299.7
2022-05-17,Smartwatch,Electronics,East,7,2688.25,603.07
2023-08-17,Tablet,Electronics,East,2,1752.24,501.19
2023-09-07,Keyboard,Accessories,North,7,7308.87,948.4
2022-05-11,Tablet,Electronics,North,3,2007.63,160.84
2023-05-12,Tablet,Electronics,West,7,7224.68,479.23
2023-05-08,Monitor,Accessories,South,9,6939.28,1249.31
2023-02-18,Smartphone,Electronics,East,14,11033.58,2951.34
2023-01-12,Laptop,Electronics,South,10,7971.18,1648.8
2022-01-03,Camera,Electronics,North,7,2723.16,638.26
2022-10-20,Tablet,Electronics,North,2,746.86,170.75
2024-08-21,Laptop,Electronics,West,5,3170.77,245.25
2023-12-11,Smartwatch,Electronics,East,5,550.82,63.11
2022-08-14,Tablet,Electronics,North,8,480.54,132.45
2024-06-03,Printer,Office,East,4,3284.74,354.4
2024-01-23,Smartwatch,Electronics,South,2,1748.1,183.75
2023-11-20,Headphones,Accessories,North,8,824.49,240.84
2022-03-03,Headphones,Accessories,North,4,1872.67,448.46
2024-02-20,Tablet,Electronics,West,3,627.97,103.98
2024-08-09,Camera,Electronics,East,9,5661.0,1104.02
2022-06-19,Camera,Electronics,North,3,2910.0,765.47
2024-09-01,Tablet,Electronics,South,9,9036.23,1087.46
2024-08-30,Tablet,Electronics,West,5,4815.13,338.31
2022-08-12,Mouse,Accessories,South,0,593.51,103.14
2024-02-20,Tablet,Electronics,East,1,620.62,165.43
2023-02-26,Camera,Electronics,West,5,2025.62,414.42
,Smartwatch,Electronics,North,5,655.49,166.69
2023-04-12,Smartphone,Electronics,South,8,3312.38,811.31
2024-01-01,Mouse,Accessories,West,3,2895.01,642.605
2023-12-06,Laptop,Electronics,South,12,5401.56,1055.94
2023-12-05,Smartwatch,Electronics,East,8,2072.57,555.06
2024-10-27,Keyboard,Accessories,North,1,1495.675,358.27
2024-08-04,Laptop,Electronics,East,12,11136.86,1917.18
2023-02-01,Smartwatch,Electronics,North,7,5509.82,1648.74
2024-04-28,Smartphone,Electronics,South,4,4380.55,362.81
2022-03-25,Tablet,Electronics,South,5,1760.49,272.68
2024-10-05,Headphones,Accessories,North,9,5571.53,1523.81
2024-12-19,Tablet,Electronics,South,2,1082.82,182.1
2022-07-18,Camera,Electronics,East,1,569.08,138.11
2023-06-11,Mouse,Accessories,North,8,3416.36,697.42
2023-08-07,Monitor,Accessories,East,6,3300.88,386.92
2022-12-04,Laptop,Electronics,South,16,5169.88,1137.54
2024-02-18,Monitor,Accessories,South,9,7650.26,2204.44
2023-12-15,Monitor,Accessories,West,6,846.95,190.87
2023-08-12,Smartphone,Electronics,West,2,103.08,18.72
2024-05-20,Smartwatch,Electronics,South,6,7056.63,586.91
2024-06-05,Smartwatch,Electronics,West,2,384.27,38.41
2022-01-09,Laptop,Electronics,South,8,2928.93,663.54
2023-12-17,Camera,Electronics,West,7,1904.04,352.86
2022-09-08,Tablet,Electronics,East,2,2314.75,312.07
2022-01-22,Printer,Office,South,4,1028.37,192.13
2024-09-04,Headphones,Accessories,South,9,8307.45,1326.23
2024-01-20,Printer,Office,West,9,1539.22,203.54
2022-11-03,Tablet,Electronics,West,7,2506.9,537.98
2023-07-03,Smartphone,Electronics,West,12,11556.04,2465.08
2024-01-25,Tablet,Electronics,East,9,10188.49,2165.78
2024-05-11,Monitor,Accessories,North,1,952.13,157.7
2024-01-02,Smartwatch,Electronics,West,8,3624.62,750.86
2023-02-24,Keyboard,Accessories,South,4,3984.07,775.56
2024-07-20,Mouse,Accessories,South,2,1254.41,250.09
2022-04-10,Mouse,Accessories,West,1,916.85,223.5
2022-05-10,Monitor,Accessories,East,8,2240.09,313.17
2022-01-28,Monitor,Accessories,South,1,940.2,120.35
2023-04-05,Headphones,Accessories,West,5,1550.31,203.51
2023-09-22,Keyboard,Accessories,South,3,1176.36,128.2
2024-08-29,Smartwatch,Electronics,North,9,1638.07,183.75
2023-11-18,Camera,Electronics,North,6,7164.66,1442.72
2023-09-12,Mouse,Accessories,East,1,205.39,54.54
2023-05-26,Keyboard,Accessories,North,1,383.5,24.615
2023-04-30,Keyboard,Accessories,North,0,84.185,8.92
2024-11-01,Mouse,Accessories,South,0,529.23,103.775
2022-05-06,Keyboard,Accessories,South,5,1455.72,423.81
2023-05-10,Camera,Electronics,East,2,2224.21,364.04
2022-11-04,Smartphone,Electronics,West,7,1400.56,80.49
2022-05-09,Smartphone,Electronics,East,14,15134.7,4426.36
2022-11-07,Tablet,Electronics,East,6,3396.46,987.68
2023-08-11,Smartwatch,Electronics,East,2,704.08,135.63
2024-10-21,Tablet,Electronics,East,9,7767.36,2172.19
2024-10-06,Mouse,Accessories,West,2,1025.09,78.565
2023-08-08,Monitor,Accessories,North,9,10458.73,2799.48
2022-01-19,Camera,Electronics,South,4,4700.06,619.26
2024-04-30,Smartphone,Electronics,North,2,892.08,222.51
2023-12-26,Laptop,Electronics,East,8,6968.98,1479.09
2024-04-07,Laptop,Electronics,North,7,1344.2,300.88
2022-10-18,Camera,Electronics,West,1,354.08,65.99
2024-04-21,Monitor,Accessories,South,3,3051.21,662.23
2024-03-26,Camera,Electronics,South,3,402.79,106.87
2022-10-31,Monitor,Accessories,North,5,3570.97,517.82
2023-03-03,Keyboard,Accessories,North,7,3829.73,876.35
2023-02-03,Mouse,Accessories,North,3,2338.175,121.32
2023-04-15,Keyboard,Accessories,East,1,559.87,158.68
2023-05-09,Smartphone,Electronics,East,4,4228.96,764.3
2024-11-28,Keyboard,Accessories,North,4,1795.575,171.09
2022-02-05,Printer,Office,West,8,3952.55,451.08
2024-06-05,Null,na,South,6,110370.41,24644.5
2024-11-15,Monitor,Accessories,North,5,3875.37,768.74
2023-11-13,Smartwatch,Electronics,West,8,3416.51,478.9
2022-02-19,Tablet,Electronics,West,1,908.52,222.58
2024-05-06,Headphones,Accessories,South,4,4532.38,987.32
2023-09-23,Laptop,Electronics,North,3,3543.5,941.37
2024-09-14,Laptop,Electronics,East,12,10248.1,2157.14
2023-03-17,Smartwatch,Electronics,South,9,5751.48,1196.23
2023-09-29,Camera,Electronics,East,2,624.78,139.64
2023-12-01,Camera,Electronics,South,1,508.21,151.29
2022-03-14,Keyboard,Accessories,West,4,1608.485,319.89
2023-07-15,Laptop,Electronics,West,6,2844.51,581.0
2022-05-29,Smartphone,Electronics,West,10,4770.56,517.2
2023-01-16,Monitor,Accessories,South,8,928.37,170.05
2023-09-06,,,North,6,4656.65,673.35
2023-03-29,Headphones,Accessories,North,2,330.03,21.46
2023-11-01,Camera,Electronics,North,7,1799.09,274.11
2024-09-04,Camera,Electronics,West,5,5785.96,1191.11
2022-12-27,Keyboard,Accessories,North,0,81.985,11.035
2024-04-14,Smartphone,Electronics,West,18,18324.88,3251.24
2023-07-15,Monitor,Accessories,South,5,1465.55,149.62
2024-10-27,Monitor,Accessories,West,2,366.22,31.23
2024-07-19,Camera,Electronics,South,5,3135.3,277.28
2024-03-03,Keyboard,Accessories,North,2,630.36,161.04
2024-04-12,Monitor,Accessories,South,1,213.72,42.94
2024-06-20,Monitor,Accessories,North,4,3792.73,1092.85
2023-06-21,Mouse,Accessories,East,1,966.305,54.535
2023-01-25,Keyboard,Accessories,West,4,4152.23,317.28
2024-02-17,Smartphone,Electronics,North,7,3612.45,529.57
2024-09-09,Smartphone,Electronics,East,2,2258.18,280.76
2022-07-09,Camera,Electronics,South,3,594.03,47.73
2023-09-01,Headphones,,West,7,8071.42,1799.06
2024-03-30,Keyboard,Accessories,North,7,5838.48,631.45
2024-12-22,Keyboard,Accessories,North,4,692.53,181.31
2024-09-08,Keyboard,Accessories,South,1,852.285,154.53
2023-10-12,Mouse,Accessories,East,3,2373.495,272.785
2022-08-01,Smartwatch,Electronics,South,8,7600.93,788.88
2023-11-03,Smartphone,Electronics,West,5,1935.63,128.01
2023-12-04,Laptop,Electronics,North,6,3277.64,612.58
2023-06-30,Keyboard,Accessories,West,3,2373.44,408.3
2023-02-01,Smartphone,Electronics,North,8,4824.57,1187.93
2022-05-09,Camera,Electronics,South,1,1193.44,153.72
2023-12-16,Laptop,Electronics,East,4,1124.64,185.88
2022-03-20,Smartphone,Electronics,North,16,12401.34,2593.68
2024-07-28,Printer,Office,North,8,4128.25,315.48
2024-11-06,Laptop,Electronics,North,6,2743.86,209.32
2023-01-01,Keyboard,Accessories,West,5,1405.09,194.33
2023-03-18,Keyboard,Accessories,North,1,822.275,79.16
2024-09-18,Mouse,Accessories,West,6,3414.72,396.92
2024-08-19,Laptop,Electronics,East,16,6544.68,1349.14
2022-06-18,Smartphone,Electronics,North,6,5310.64,1293.82
2022-05-29,Smartwatch,Electronics,West,7,1673.6,458.32
2022-06-09,Tablet,Electronics,East,2,846.04,145.09
2023-05-03,Smartphone,Electronics,East,2,1971.74,393.28
2023-11-17,Smartwatch,Electronics,North,9,7551.7,894.4
2022-02-08,Tablet,Electronics,North,5,855.31,217.16
2023-10-23,Camera,Electronics,South,2,396.95,94.55
2022-08-24,Tablet,Electronics,West,8,2296.73,560.48
2024-05-09,Monitor,Accessories,North,6,1705.0,199.94
2023-03-12,Smartphone,Electronics,East,4,2360.9,522.32
2022-10-05,Smartphone,Electronics,East,6,823.4,111.46
2022-01-19,Mouse,Accessories,East,0,372.84,75.61
2024-05-23,Mouse,Accessories,South,3,1494.16,178.5
2024-07-11,Camera,Electronics,South,5,1755.3,358.01
2022-08-22,Camera,Electronics,South,9,4941.46,894.52
2024-11-03,Smartwatch,Electronics,North,6,6510.2,1539.18
2024-10-11,Smartphone,Electronics,South,10,10930.28,1439.84
2024-11-09,Tablet,Electronics,South,3,3522.72,285.91
2024-04-01,Tablet,Electronics,West,6,1656.0,139.86
2023-06-10,Keyboard,Accessories,East,1,1192.8,320.13
2023-05-15,Tablet,Electronics,West,5,1925.53,204.74
2022-06-08,Tablet,Electronics,West,8,1688.44,337.33
2023-06-26,Headphones,Accessories,South,1,260.02,16.81
2022-01-19,Monitor,Accessories,West,5,4880.09,1250.66
2024-04-10,Keyboard,Accessories,West,7,1134.06,179.74
2022-06-10,Laptop,Electronics,North,9,9621.31,1201.29
2023-02-03,Monitor,Accessories,South,4,2836.33,698.83
2023-05-15,Printer,Office,North,9,5859.86,1153.89
2022-09-11,Smartwatch,Electronics,South,2,2044.88,460.03
2023-07-01,Monitor,Accessories,South,1,612.84,174.52
2022-02-18,Smartwatch,Electronics,North,3,1890.76,492.31
2023-09-30,Smartwatch,Electronics,East,5,2025.16,168.82
2022-07-07,Camera,Electronics,North,6,4410.45,893.27
2024-07-14,Keyboard,Accessories,West,8,8272.7,2391.88
2022-09-27,Smartwatch,Electronics,West,6,5712.98,638.29
2024-04-20,Smartwatch,Electronics,North,6,1524.18,178.36
2024-05-24,Keyboard,Accessories,North,4,2580.04,528.705
2024-12-29,Mouse,Accessories,East,4,2956.91,451.6
2023-05-07,Smartphone,Electronics,West,8,7944.36,2257.73
2024-09-10,Camera,Electronics,North,5,1815.13,535.22
2023-03-21,Headphones,Accessories,North,3,2706.05,546.97
2023-05-05,Laptop,Electronics,North,2,1356.36,144.18
2023-06-13,Smartwatch,Electronics,South,9,4248.63,964.12
2024-05-02,Monitor,Accessories,North,6,3954.03,676.82
2024-04-21,Smartphone,Electronics,South,12,14221.3,1479.2
2023-07-25,Headphones,Accessories,South,7,8113.84,995.03
2023-01-11,Keyboard,Accessories,West,2,1866.445,335.595
2024-09-27,Mouse,Accessories,West,6,4062.14,1087.17
2024-12-03,Smartwatch,Electronics,North,1,496.44,93.31
2023-08-24,Smartwatch,Electronics,East,4,1104.68,84.31
2023-05-19,Smartphone,Electronics,West,6,4549.54,1324.0
2022-06-13,Smartwatch,Electronics,North,8,4456.38,1106.04
2022-08-26,Mouse,Accessories,West,4,2464.225,519.09
2023-01-22,Smartphone,Electronics,North,8,3481.28,449.58
2023-06-28,Mouse,Accessories,North,4,4156.35,847.09
2022-09-04,Smartphone,Electronics,West,4,3892.33,1052.72
2024-07-18,Mouse,Accessories,South,4,810.41,147.3
2022-09-22,Mouse,Accessories,West,1,1125.445,150.985
2024-07-31,Monitor,Accessories,West,2,1390.28,316.31
2023-04-21,Camera,Electronics,South,5,5155.95,1325.16
2022-07-09,Smartwatch,Electronics,North,5,1025.54,262.91
2024-07-31,Mouse,Accessories,South,3,1785.33,244.52
2022-09-30,Smartwatch,Electronics,North,9,2952.34,605.85
2023-03-30,Tablet,Electronics,North,8,1640.24,361.48
2023-10-02,Keyboard,Accessories,East,0,508.99,34.665
2023-04-05,Mouse,Accessories,North,3,2994.01,638.59
2022-05-22,Printer,Office,West,2,1874.5,271.5
2023-08-19,Mouse,Accessories,North,8,6008.19,871.76
2023-09-06,Camera,Electronics,East,8,7240.03,411.19
2024-06-17,Monitor,Accessories,South,9,1188.81,348.31
2022-10-13,Monitor,Accessories,North,5,3625.64,268.73
2024-03-31,Laptop,Electronics,East,8,6952.63,871.2
2023-05-29,Camera,Electronics,North,9,1053.37,283.58
2024-12-21,Monitor,Accessories,North,9,6696.46,1224.22
2024-10-09,Headphones,Accessories,North,2,1420.1,93.59
2023-12-29,Camera,Electronics,West,9,9972.54,2566.01
2022-11-28,Laptop,Electronics,South,8,3136.13,494.26
2023-02-10,Camera,Electronics,West,3,225.6,20.52
2022-05-12,Mouse,Accessories,East,3,1662.24,375.04
2022-08-02,Smartphone,Electronics,North,16,6336.9,1494.66
2023-12-31,Smartphone,Electronics,East,2,1245.1,209.14
2022-04-03,Tablet,Electronics,North,3,1233.12,361.12
2024-01-19,Laptop,Electronics,West,3,573.88,116.14
2022-02-18,Tablet,Electronics,South,1,702.96,129.34
2024-05-14,Laptop,Electronics,South,8,4832.37,1261.06
2024-05-05,Camera,Electronics,North,8,6928.66,1415.16
2023-02-01,Headphones,Accessories,West,7,1624.84,436.13
2023-04-01,Headphones,Accessories,North,1,68.88,10.39
2023-06-04,Mouse,Accessories,North,0,325.93,93.995
2023-02-16,Keyboard,Accessories,West,2,1068.83,85.71
2023-10-17,Keyboard,Accessories,North,1,381.4,26.69
2022-10-23,Monitor,Accessories,South,5,2180.2,400.01
2024-09-12,Laptop,Electronics,North,18,5706.84,706.18
2022-10-04,Mouse,Accessories,South,0,136.225,22.665
2022-03-14,Smartphone,Electronics,North,4,2640.36,183.23
2024-04-26,Monitor,Accessories,North,2,488.87,129.02
2023-11-10,Printer,Office,South,8,9184.66,1795.93
2024-04-12,Tablet,Electronics,North,5,280.39,23.98
2024-10-03,Keyboard,Accessories,East,1,1445.0,302.225
2024-07-18,Laptop,Electronics,West,1,625.98,125.9
2024-04-16,Keyboard,Accessories,South,8,7056.06,538.48
2023-07-11,Tablet,Electronics,West,8,3936.05,720.2
2022-09-19,Smartwatch,Electronics,East,6,2472.99,363.38
2022-06-19,Mouse,Accessories,West,2,427.725,33.785
2024-02-25,Mouse,Accessories,West,1,1740.105,280.195
2023-03-07,Camera,Electronics,South,1,846.19,103.3
2022-03-09,Keyboard,Accessories,North,1,158.36,46.24
2022-12-31,Mouse,Accessories,South,4,1593.415,291.62
2024-02-01,Mouse,Accessories,North,7,6972.25,969.43
2024-04-15,Mouse,Accessories,East,2,872.785,224.82
2024-05-15,Laptop,Electronics,East,16,8512.16,745.9
2022-04-14,Keyboard,Accessories,South,1,837.075,249.815
2024-09-25,Camera,Electronics,North,8,6488.45,1072.86
2022-03-05,Tablet,Electronics,East,5,3530.86,803.86
2022-09-03,Mouse,Accessories,North,1,316.4,43.725
2024-11-09,Monitor,Accessories,North,7,3675.48,236.8
2023-09-12,Smartwatch,Electronics,West,6,5592.71,926.42
2023-02-11,Keyboard,Accessories,East,3,3216.165,403.97
2023-08-27,Camera,Electronics,East,3,3069.03,503.3
2023-05-26,Keyboard,Accessories,North,7,2898.29,490.11
2024-05-30,Tablet,Electronics,North,4,3960.71,632.76
2024-07-31,Tablet,Electronics,South,3,1476.14,85.16
2023-11-14,Printer,Office,East,2,1058.05,298.69
2023-11-27,Monitor,Accessories,South,5,1215.4,162.02
2024-03-04,Camera,Electronics,North,3,204.99,20.43
2024-12-24,Tablet,Electronics,West,7,4137.85,221.66
2022-05-21,Camera,Electronics,West,5,250.43,16.81
2022-09-14,Tablet,Electronics,West,5,1185.39,254.34
2024-06-28,Keyboard,Accessories,West,6,6888.34,945.07
2024-12-25,Smartphone,Electronics,West,6,7177.1,1917.68
2022-11-18,Laptop,Electronics,South,7,1477.31,367.22
2022-10-22,Smartwatch,Electronics,East,8,1280.52,131.56
2024-11-16,Tablet,Electronics,South,7,7161.42,630.76
2023-12-27,Mouse,Accessories,East,3,3378.56,520.31
2024-10-30,Laptop,Electronics,West,7,7672.69,2046.38
2024-11-03,Tablet,Electronics,South,6,4254.63,938.66
2024-11-19,Keyboard,Accessories,East,5,2285.99,279.9
2024-04-29,Keyboard,Accessories,West,7,5775.53,680.6
2022-10-21,Smartphone,Electronics,North,18,18720.08,1820.7
2022-05-17,Camera,Electronics,East,9,5634.82,464.71
2024-03-29,Smartphone,Electronics,North,8,5288.88,1463.72
2023-11-22,Headphones,Accessories,North,1,247.06,35.65
2023-09-24,Laptop,Electronics,East,14,3739.18,714.54
2024-07-17,Smartwatch,Electronics,West,7,1988.27,430.59
2023-06-17,Laptop,Electronics,West,4,1920.37,549.11
2024-06-10,Camera,Electronics,East,3,828.16,117.95
2022-01-31,Camera,Electronics,South,2,1580.34,403.76
2023-09-13,Camera,Electronics,East,9,9009.43,1909.26
2022-10-01,Smartphone,Electronics,East,9,7425.92,1580.86
2024-12-24,Monitor,Accessories,West,5,2945.02,672.35
2023-07-19,Mouse,Accessories,West,1,147.155,11.45
2024-05-17,Mouse,Accessories,South,5,5875.41,789.23
2022-01-17,Smartwatch,Electronics,West,3,1308.28,197.6
2024-01-10,Monitor,Accessories,South,4,2360.02,391.82
2023-04-10,Smartwatch,Electronics,West,6,1008.7,245.45
2023-10-27,Smartwatch,Electronics,North,6,1344.18,338.4
2023-09-15,Mouse,Accessories,East,2,2044.155,600.015
2024-12-04,Camera,Electronics,South,8,2192.73,441.77
2022-06-06,Keyboard,Accessories,South,8,1952.99,444.15
2023-01-28,Smartphone,Electronics,East,7,3955.68,1144.76
2023-06-24,Mouse,Accessories,South,4,2628.485,559.08
2022-12-28,Camera,Electronics,North,1,1163.52,115.09
2022-09-24,Smartwatch,Electronics,North,9,5004.06,973.65
2023-05-06,Mouse,Accessories,North,4,4564.08,671.095
2023-07-13,Laptop,Electronics,East,4,4700.92,576.34
2022-01-05,Camera,Electronics,West,2,1686.85,146.39
2024-08-03,Keyboard,Accessories,South,9,4572.5,279.54
2023-08-21,, ,South,5,2510.42,515.12
2023-06-04,Smartphone,Electronics,West,3,3117.9,829.09
2024-05-12,Laptop,Electronics,West,2,761.76,188.7
2023-07-14,Monitor,Accessories,West,9,2889.58,604.19
2024-11-08,Smartwatch,Electronics,East,9,3654.92,581.9
2024-04-27,Smartphone,Electronics,South,2,1336.04,198.8
2022-01-08,Smartphone,Electronics,South,7,3983.69,360.13
2024-01-24,Keyboard,Accessories,South,1,1112.85,272.81
2022-06-20,Monitor,Accessories,North,9,4230.63,221.06
2024-08-01,Tablet,Electronics,East,8,2968.29,530.3
2022-01-10,Monitor,Accessories,West,5,4690.3,706.74
2022-05-09,Camera,Electronics,West,6,4296.73,1240.31
2023-12-19,Camera,Electronics,North,7,7203.24,523.52
2022-11-20,Smartphone,Electronics,North,4,3640.8,695.31
2022-11-11,Smartphone,Electronics,East,1,1131.6,304.62
2024-01-03,Camera,Electronics,West,9,3627.61,797.53
2023-08-11,Mouse,Accessories,South,4,3984.045,624.99
2022-11-23,Headphones,Accessories,South,3,3546.59,490.28
2024-03-01,Tablet,Electronics,South,5,2270.07,546.56
2023-07-07,Keyboard,Accessories,West,2,1354.18,136.91
2023-04-20,Headphones,Accessories,West,7,6811.88,1423.57
2022-02-09,Smartwatch,Electronics,East,3,1410.46,232.65
2022-10-17,Keyboard,Accessories,North,1,585.1,124.995
2023-08-04,Laptop,Electronics,East,14,9479.6,1481.48
2023-12-01,Mouse,Accessories,South,4,3933.39,777.19
2022-07-31,Monitor,Accessories,East,5,3645.9,388.31
2023-02-24,Headphones,Accessories,East,6,5358.75,568.34
2024-05-18,Camera,Electronics,North,5,1775.35,486.37
2023-05-19,Headphones,Accessories,South,9,4905.35,1351.25
2022-09-29,Mouse,Accessories,East,3,2130.355,186.165
2024-09-03,Printer,Office,East,2,1632.96,292.78
2023-03-12,Smartwatch,Electronics,East,6,3324.25,466.78
2023-07-17,Camera,Electronics,West,5,4590.48,347.14
2022-04-14,Laptop,Electronics,East,9,8496.89,2182.42
2022-06-16,Printer,Office,North,6,6444.45,518.79
2022-03-14,Camera,Electronics,North,1,812.1,51.13
2023-07-15,Monitor,Accessories,West,6,1764.65,465.93
2023-05-03,Keyboard,Accessories,South,1,418.2,23.535
2023-12-29,Smartwatch,Electronics,East,1,723.92,115.26
2022-12-05,Headphones,Accessories,North,6,5628.68,1033.15
2024-09-26,Laptop,Electronics,North,5,1660.11,283.14
2023-03-28,Headphones,Accessories,West,3,2295.25,244.83
2024-04-19,Printer,Office,East,2,2190.22,477.8
2024-10-11,Tablet,Electronics,East,7,3500.67,919.35
2023-06-01,Mouse,Accessories,North,5,945.12,194.03
2022-02-19,Mouse,Accessories,West,6,5622.74,1382.67
2023-07-13,Camera,Electronics,East,3,2325.01,309.49
2022-08-03,Keyboard,Accessories,South,0,578.725,126.04
2023-07-23,Tablet,Electronics,West,2,1760.95,278.09
2023-11-12,Smartwatch,Electronics,North,1,371.58,108.58
2024-10-15,Smartphone,Electronics,East,8,3792.86,383.4
2023-08-09,Smartwatch,,South,2,514.86,106.75
2022-08-18,Monitor,Accessories,West,7,1876.43,129.25
2023-08-19,Camera,Electronics,East,6,1182.5,236.12
2022-03-14,Smartphone,Electronics,North,5,4255.56,961.41
2022-09-15,Monitor,Accessories,North,9,1341.96,150.7
2022-09-23,Keyboard,Accessories,North,1,644.68,49.25
2024-05-17,Monitor,Accessories,South,3,1827.06,94.4
2024-10-27,Camera,Electronics,North,1,930.55,136.16
2022-02-15,Camera,Electronics,South,4,528.03,152.8
2022-02-23,Monitor,Accessories,South,6,4236.13,739.22
2023-01-14,Headphones,Accessories,North,4,1664.79,190.82
2023-01-12,Smartwatch,Electronics,North,3,2727.35,554.46
2022-02-08,Smartwatch,Electronics,North,2,522.79,52.73
2024-12-06,Mouse,Accessories,West,3,4144.27,972.515
2024-03-12,Laptop,Electronics,West,18,2124.94,147.16
2023-10-01,Smartphone,Electronics,East,3,1140.61,226.52
2024-04-12,Keyboard,Accessories,East,4,1744.455,356.12
2023-12-22,Tablet,Electronics,North,8,5920.74,1436.7
2024-03-06,Monitor,Accessories,North,9,3096.03,362.89
2024-05-02,Monitor,Accessories,South,5,3490.09,205.04
2022-04-02,Smartwatch,Electronics,South,6,4374.6,702.62
2024-02-11,Smartphone,Electronics,South,12,6732.34,1083.72
2024-11-27,Monitor,Accessories,North,2,340.3,39.12
2022-08-30,Mouse,Accessories,East,1,763.4,217.94
2022-07-15,Headphones,Accessories,West,4,3408.59,856.98
2022-02-21,Tablet,Electronics,West,7,2282.77,537.71
2023-09-14,Camera,Electronics,South,7,4151.69,1047.43
2024-04-08,Laptop,Electronics,North,14,12559.66,3379.1
2023-10-24,Monitor,Accessories,North,3,474.12,83.32
2023-04-16,Monitor,Accessories,West,5,680.88,176.44
2023-10-15,Headphones,Accessories,West,9,8496.88,1721.6
2023-08-20,Keyboard,Accessories,South,3,3913.43,357.34
2023-10-24,Mouse,Accessories,South,3,2007.445,358.72
2024-07-26,Laptop,Electronics,East,2,1375.92,125.64
2024-10-31,Smartwatch,Electronics,South,3,2943.05,234.27
2022-04-28,Printer,Office,East,7,5649.05,660.37
2024-08-15,Tablet,Electronics,North,8,3296.49,623.67
2024-07-18,Smartphone,Electronics,North,2,380.18,101.7
2022-10-22,Laptop,Electronics,West,5,4405.24,1247.86
2022-11-01,Tablet,Electronics,East,1,120.58,9.43
2023-02-20,Camera,Electronics,South,3,1770.53,366.58
2023-05-20,Camera,Electronics,South,6,4302.88,965.02
2023-12-19,Camera,Electronics,North,3,2988.59,362.68
2024-06-17,Headphones,Accessories,East,3,3033.39,458.41
2023-07-14,Mouse,Accessories,South,4,3181.87,876.325
2022-07-04,Tablet,Electronics,West,6,3402.23,501.29
2022-03-23,Keyboard,Accessories,South,4,3496.91,1032.81
2022-11-19,Monitor,Accessories,East,4,1080.17,204.95
2022-02-28,Headphones,Accessories,East,6,1530.63,218.99
2023-09-11,Keyboard,Accessories,West,4,3568.04,764.2
2022-11-13,Smartphone,Electronics,West,2,1909.02,97.94
2024-03-17,Camera,Electronics,West,4,1196.47,223.66
2022-02-13,Smartwatch,Electronics,North,4,2136.27,217.47
2024-05-07,Laptop,Electronics,West,7,7280.89,1450.82
2022-09-24,Smartwatch,Electronics,South,5,4935.18,625.39
2024-08-12,Tablet,Electronics,South,8,9056.58,872.48
2023-01-06,Smartwatch,Electronics,South,1,563.82,46.96
2022-03-02,Camera,Electronics,North,3,2181.47,517.02
2024-09-25,Mouse,Accessories,North,2,1904.46,221.165
2022-12-06,Keyboard,Accessories,West,3,3276.26,317.545
2023-06-18,Laptop,Electronics,South,8,6544.03,1086.29
2023-11-21,Mouse,Accessories,West,3,2631.75,157.19
2023-03-31,Monitor,Accessories,West,9,945.29,94.75
2024-06-11,Monitor,Accessories,West,2,760.15,192.42
2023-04-25,Monitor,Accessories,North,4,1392.21,394.48
2022-12-17,Smartwatch,Electronics,East,3,1242.97,206.74
2024-07-05,Laptop,Electronics,East,3,3183.02,868.73
2023-04-07,Monitor,Accessories,West,5,4260.46,229.77
2022-07-26,Smartphone,Electronics,West,2,2083.76,264.92
2022-05-18,Smartwatch,Electronics,East,3,1692.21,348.81
2022-03-15,Camera,Electronics,North,4,1728.18,403.06
2023-10-13,Camera,Electronics,South,4,4484.96,893.27
2024-06-19,Smartphone,Electronics,East,14,8247.78,1500.1
2024-11-03,Mouse,Accessories,East,1,1186.13,196.035
2023-04-16,Smartphone,Electronics,East,14,10402.18,1490.4
2024-09-27,Mouse,Accessories,South,5,3100.59,695.28
2022-07-12,Smartwatch,,East,6,5292.57,1105.95
2023-03-06,Tablet,Electronics,South,6,5952.88,971.53
2023-01-10,Smartphone,Electronics,East,8,3865.14,945.82
2023-10-05,Tablet,Electronics,West,6,3486.93,1011.74
2024-05-25,Tablet,Electronics,West,2,1708.73,441.43
2024-09-12,Monitor,Accessories,South,4,4324.18,288.12
2024-07-30,Laptop,Electronics,South,8,5416.66,604.28
2023-04-10,Camera,Electronics,East,3,684.89,39.33
2023-01-01,Printer,Office,West,9,5904.13,1440.45
2024-02-02,Headphones,Accessories,West,2,2288.84,234.97
2023-07-18,Smartphone,Electronics,East,6,4662.51,350.79
2022-02-25,Mouse,Accessories,East,4,2532.41,404.96
2024-12-19,Tablet,Electronics,South,8,9328.74,1008.6
2024-02-29,Smartwatch,Electronics,South,6,1290.96,343.35
2022-08-26,Printer,Office,West,5,1205.71,235.19
2022-08-14,Camera,Electronics,North,7,1085.3,130.72
2024-08-29,Monitor,Accessories,West,9,6633.84,1239.11
2024-11-21,Laptop,Electronics,North,7,5096.65,971.5
2022-07-20,Tablet,Electronics,East,4,4120.1,710.07
2022-08-15,Monitor,Accessories,West,3,1479.93,207.58
2024-04-09,Smartphone,Electronics,West,7,1652.65,397.49
2022-07-07,Laptop,Electronics,South,1,1028.17,240.61
2023-05-01,Monitor,Accessories,East,4,4580.9,655.14
2024-01-28,Monitor,Accessories,South,8,2152.76,196.53
2022-07-04,Monitor,Accessories,South,6,4566.54,866.13
2024-04-06,Headphones,Accessories,East,3,2244.21,301.53
2024-02-01,Mouse,Accessories,West,4,1344.78,140.52
2022-12-03,Smartphone,Electronics,South,2,651.44,93.68
2024-12-17,Keyboard,Accessories,West,1,960.7,95.88
2023-11-30,Smartphone,Electronics,North,14,5278.26,537.76
2024-06-05,Printer,Office,South,5,1025.44,246.15
2022-01-13,Monitor,Accessories,West,2,1924.42,434.86
2023-08-29,Smartphone,Electronics,North,4,3321.92,725.76
2022-05-23,Printer,Office,North,1,985.48,105.09
2024-07-14,Keyboard,Accessories,North,5,2600.12,537.11
2024-10-21,Camera,Electronics,West,4,2792.78,725.35
2024-08-31,Headphones,Accessories,North,2,378.24,87.37
2022-04-17,Camera,Electronics,West,8,968.11,271.61
2024-05-12,Smartwatch,Electronics,North,3,564.74,108.35
2023-01-25,Laptop,Electronics,South,10,4731.24,1335.22
2024-04-01,Smartphone,Electronics,West,12,6505.84,1669.68
2024-05-05,Camera,Electronics,North,1,276.13,42.68
2024-05-20,Mouse,Accessories,West,1,1704.32,102.88
2022-10-20,Laptop,Electronics,East,6,1398.37,180.88
2022-02-27,Keyboard,Accessories,North,2,452.17,54.425
2023-12-01,Keyboard,Accessories,South,0,589.245,80.53
2022-07-29,Headphones,Accessories,West,3,2535.77,292.19
2023-04-17,Tablet,Electronics,West,1,496.08,146.92
2024-06-30,Smartphone,Electronics,West,4,3888.64,284.17
2024-03-12,Tablet,Electronics,East,7,4921.16,798.16
2024-07-04,Smartwatch,Electronics,West,8,4472.74,290.79
2023-04-09,Tablet,Electronics,North,3,603.78,153.37
2023-03-10,Headphones,Accessories,West,9,1899.73,501.4
2022-05-29,Monitor,Accessories,North,9,6471.28,1844.59
2023-03-22,Keyboard,Accessories,North,0,338.65,27.07
2022-09-07,Laptop,Electronics,South,4,1372.81,302.58
2024-06-08,,Null,North,9,7542.03,1477.49
2023-04-16,Monitor,Accessories,West,1,924.9,125.65
2022-07-11,Smartphone,Electronics,East,5,3940.08,755.11
2024-10-05,Tablet,Electronics,West,2,374.52,49.26
2022-12-26,Monitor,Accessories,West,5,3170.52,868.34
2024-08-17,Headphones,Accessories,North,7,5362.72,1029.47
2023-11-05,Monitor,Accessories,East,9,5976.88,1747.57
2023-07-06,Keyboard,Accessories,North,4,4257.385,700.2
2023-11-25,Laptop,Electronics,South,2,1620.06,314.94
2022-01-08,Mouse,Accessories,South,1,71.12,12.02
2022-06-15,Laptop,Electronics,North,1,651.66,57.94
2022-03-13,Monitor,Accessories,North,3,1245.88,119.11
2023-11-06,Monitor,Accessories,West,1,464.17,58.38
2023-02-11,Monitor,Accessories,North,5,5155.6,356.43
2023-12-11,Smartphone,Electronics,East,5,5175.84,786.27
2022-01-13,Smartphone,Electronics,East,4,3337.68,940.84
2023-01-16,Laptop,Electronics,North,6,1027.44,265.12
2024-04-05,Printer,Office,West,2,2276.35,366.5
2024-01-02,Mouse,Accessories,West,4,3428.42,305.79
2024-03-02,Keyboard,Accessories,East,2,1640.99,176.87
2024-05-25,Camera,Electronics,East,7,7077.33,1921.73
2022-06-20,Mouse,Accessories,South,5,3910.86,584.77
2023-05-09,Printer,Office,West,5,1995.96,369.22
2023-08-31,Keyboard,Accessories,North,7,385.6,43.43
2023-03-23,Mouse,Accessories,East,4,4316.35,566.7
2024-04-28,Smartwatch,Electronics,North,1,1169.52,340.69
2023-03-30,Headphones,Accessories,East,5,2325.26,506.32
2024-02-18,Monitor,Accessories,North,1,199.25,48.92
2022-08-13,Smartwatch,Electronics,South,3,375.52,80.58
2022-05-05,#NAME,na,East,9,8010.3,763.32
2023-01-03,Mouse,Accessories,East,4,316.97,77.13
2024-11-14,Camera,Electronics,South,9,5895.38,442.49
2022-04-09,Headphones,Accessories,East,4,388.99,35.21
2024-06-12,Mouse,Accessories,West,2,1835.035,231.485
2024-10-15,Smartphone,Electronics,East,18,15464.0,4356.1
2023-10-18,Laptop,Electronics,South,6,3192.0,182.46
2024-04-06,Camera,Electronics,East,4,4192.07,216.16
2023-07-29,Tablet,Electronics,West,7,5264.44,756.33
2023-06-04,Laptop,Electronics,North,1,425.63,48.81
2022-03-17,Smartwatch,Electronics,North,4,3380.9,211.72
2024-03-07,Printer,Office,East,7,8379.94,2009.05
2022-03-05,Keyboard,Accessories,North,2,1020.195,196.86
2024-08-22,Keyboard,Accessories,South,1,967.35,78.705
2024-04-09,Keyboard,Accessories,South,3,1560.9,391.11
2024-07-20,Keyboard,Accessories,North,3,2223.02,608.93
2024-07-04,Camera,Electronics,East,4,4492.26,670.42
2023-08-12,Mouse,Accessories,South,6,6228.01,1852.45
2023-04-23,Camera,Electronics,East,7,4403.67,1295.89
2022-05-24,Keyboard,Accessories,West,1,243.375,32.215
2022-05-09,Printer,Office,East,5,4880.33,1084.69
2023-09-10,Laptop,Electronics,East,2,2082.56,257.16
2024-03-28,Smartphone,Electronics,East,16,18897.4,1233.0
2022-07-01,Headphones,Accessories,South,3,1617.88,440.46
2024-02-17,Laptop,Electronics,West,2,1486.41,233.7
2023-07-08,Smartwatch,Electronics,East,8,7152.93,1539.72
2022-12-29,Mouse,Accessories,East,3,702.375,184.18
2023-08-11,Camera,Electronics,South,2,122.51,16.23
2023-08-01,Camera,Electronics,North,9,7533.98,1285.72
2023-07-23,Headphones,Accessories,South,4,3888.74,810.08
2024-07-05,Smartphone,Electronics,South,10,1741.92,97.74
2022-11-28,Mouse,Accessories,South,2,1446.18,403.89
2024-11-11,Tablet,Electronics,South,6,510.54,151.91
2024-07-29,Keyboard,Accessories,West,4,3112.385,395.135
2023-04-25,Keyboard,Accessories,North,1,343.3,42.515
2023-12-11,Mouse,Accessories,West,2,1420.315,295.97
2023-11-12,Laptop,Electronics,South,7,2562.06,347.62
2024-05-04,Smartphone,Electronics,West,10,1581.64,432.24
2022-07-09,Laptop,Electronics,East,10,8341.82,1572.84
2022-11-22,Tablet,Electronics,East,4,1360.15,373.59
2022-03-13,Camera,Electronics,East,6,5316.62,782.42
2023-07-20,Laptop,Electronics,West,8,7912.56,586.76
2022-05-09,Monitor,Accessories,North,3,726.98,94.38
2024-08-04,Smartphone,Electronics,North,4,228.5,29.37
2022-07-31,Headphones,Accessories,North,3,2274.03,442.57
2024-09-13,Keyboard,Accessories,North,4,1314.06,229.935
2024-05-26,Camera,Electronics,South,6,606.18,104.85
2024-11-15,Headphones,Accessories,East,8,7256.31,558.79
2023-03-11,Camera,,West,4,1956.59,125.69
2023-01-11,Keyboard,Accessories,East,6,2262.04,442.86
2022-04-26,Tablet,Electronics,South,9,5850.58,1511.06
2023-06-07,Keyboard,Accessories,West,0,28.41,4.58
2024-01-17,Monitor,Accessories,East,9,4303.0,344.64
2024-05-14,Camera,Electronics,West,9,10143.85,1690.66
2023-05-15,Headphones,Accessories,North,1,1012.6,164.89
2023-05-22,Tablet,Electronics,East,9,8964.07,448.62
2022-08-05,Mouse,Accessories,South,3,879.02,131.18
2023-10-12,Printer,Office,North,6,6348.5,557.72
2023-11-04,Printer,Office,North,2,1582.39,422.46
2023-05-17,Mouse,Accessories,South,1,962.355,197.2
2023-04-02,Keyboard,Accessories,North,0,60.18,11.93
2023-07-13,Camera,Electronics,East,2,1114.46,300.44
2024-11-28,Keyboard,Accessories,North,5,1765.77,229.06
2022-08-10,Keyboard,Accessories,West,3,3417.305,709.105
2022-09-14,Smartphone,Electronics,East,5,1520.12,433.53
2023-08-05,Smartwatch,Electronics,West,7,8141.73,767.6
2023-08-30,Tablet,Electronics,South,8,5176.66,866.36
2024-05-11,Mouse,Accessories,East,9,738.79,64.42
2024-01-17,Printer,Office,South,9,4086.66,217.48
2022-09-16,Mouse,Accessories,East,1,221.29,14.065
2023-01-13,Smartphone,Electronics,East,12,4957.64,307.72
2022-01-22,Keyboard,Accessories,South,2,1860.98,327.15
2022-05-24,Monitor,Accessories,East,9,4968.33,991.82
2023-03-05,Printer,Office,South,3,1446.94,278.94
2023-04-25,Mouse,Accessories,East,3,861.05,207.435
2024-07-13,Smartwatch,Electronics,East,7,6574.0,460.28
2024-09-01,Headphones,Accessories,East,3,2481.09,249.52
2024-12-26,Monitor,Accessories,West,6,3828.69,1102.86
2023-08-20,Tablet,Electronics,East,7,1197.69,103.34
2022-01-09,Tablet,Electronics,West,7,7623.53,1459.84
2022-08-14,Mouse,Accessories,North,9,3384.2,252.11
2022-01-01,Monitor,Accessories,South,8,1296.25,273.97
2024-07-25,Tablet,Electronics,West,8,2840.9,262.62
2024-08-22,Camera,Electronics,East,7,1540.13,342.93
2022-06-28,Camera,Electronics,West,2,1414.27,308.39
2023-04-26,Camera,Electronics,West,8,8328.46,466.38
2023-08-29,Camera,Electronics,North,2,744.21,217.21
2023-01-02,Mouse,Accessories,South,9,1773.48,168.01
2023-08-11,Smartphone,Electronics,East,14,12068.76,2036.74
2023-06-22,Smartphone,Electronics,South,18,1513.26,198.42
2024-07-27,Monitor,Accessories,East,8,2256.82,468.52
2023-11-30,Monitor,Accessories,North,7,875.99,203.63
2023-08-15,Headphones,Accessories,South,2,352.11,54.19
2022-03-26,Tablet,,North,7,1841.09,496.89
2024-07-27,Camera,Electronics,East,1,712.43,89.5
2024-12-09,Smartphone,Electronics,West,8,5832.04,662.72
2023-06-17,Keyboard,Accessories,South,3,2094.445,494.57
2023-09-21,Tablet,Electronics,West,1,392.28,50.7
2022-05-14,Laptop,Electronics,East,9,963.06,49.71
2024-04-13,Camera,Electronics,West,6,5706.33,319.46
2023-12-24,Smartphone,Electronics,North,18,4861.94,1227.34
2023-04-26,Monitor,Accessories,South,3,2670.48,515.39
2022-01-21,Tablet,Electronics,South,7,2758.35,520.66
2022-10-14,Monitor,Accessories,South,9,873.02,82.35
2023-08-23,Smartwatch,Electronics,West,9,7245.04,1410.92
2023-09-13,Camera,Electronics,North,4,960.34,255.24
2024-12-28,Smartwatch,Electronics,East,4,1284.35,171.02
2023-06-09,Mouse,Accessories,West,2,256.39,55.235
2022-07-10,Smartwatch,Electronics,South,9,9729.16,2039.41
2023-01-11,Camera,Electronics,North,5,1580.12,166.16
2023-07-26,Mouse,Accessories,East,4,488.29,117.12
2023-05-08,Smartphone,Electronics,South,4,3188.61,202.81
2023-11-29,Camera,Electronics,East,7,5467.55,556.02
2024-09-05,Smartphone,Electronics,South,6,5406.43,1277.46
2024-08-08,Headphones,Accessories,East,8,2984.72,742.31
2023-04-12,Printer,Office,North,1,919.53,193.35
2023-08-18,Camera,Electronics,South,6,1686.32,426.72
2023-06-02,Laptop,Electronics,West,7,4165.6,493.24
2023-11-17,Smartphone,Electronics,West,7,1281.45,282.63
2024-06-17,Smartwatch,Electronics,East,3,2829.53,362.16
2024-04-06,Monitor,Accessories,West,3,2211.88,292.31
2024-12-18,Headphones,Accessories,East,4,4740.62,607.81
2023-12-09,Camera,Electronics,East,1,718.42,169.09
2024-04-22,Monitor,Accessories,South,7,1547.56,152.59
2022-06-14,Mouse,Accessories,North,0,369.76,55.59
2023-09-03,Laptop,Electronics,West,3,819.38,231.88
2023-12-19,Laptop,Electronics,South,16,11392.72,2312.6
2023-01-22,Monitor,Accessories,South,2,1706.74,184.71
2024-01-23,Camera,Electronics,North,2,2066.87,608.23
2024-06-07,Laptop,Electronics,North,2,256.46,35.66
2024-02-04,Smartphone,Electronics,North,2,1102.63,182.54
2024-08-31,Monitor,Accessories,North,8,2872.2,483.94
2024-11-11,Tablet,Electronics,East,4,2584.06,394.52
2024-07-27,Mouse,Accessories,North,1,683.465,149.16
2024-05-11,Smartwatch,Electronics,South,7,1253.93,354.23
2023-03-24,Laptop,Electronics,West,7,2618.4,300.81
2022-09-22,Headphones,Accessories,East,9,6822.39,1811.37
2023-11-05,Keyboard,Accessories,East,6,5286.77,636.16
2024-06-13,Monitor,Accessories,North,1,579.0,133.57
2022-02-28,Laptop,Electronics,West,16,2784.58,381.98
2022-11-14,Laptop,Electronics,West,18,4987.72,1393.38
2023-09-17,Smartphone,Null,North,7,6461.32,766.45
2022-08-17,Tablet,Electronics,East,2,1486.1,201.07
2023-05-14,Printer,Office,South,1,1152.58,280.28
2022-03-12,Smartwatch,Electronics,West,2,1750.36,103.99
2022-07-12,Smartphone,Electronics,West,7,4417.43,495.37
2024-07-05,Laptop,Electronics,South,8,7449.84,553.7
2023-06-16,Camera,Electronics,West,3,2220.12,121.14
2023-06-20,Monitor,Accessories,West,8,9104.03,2620.58
2022-05-02,Smartphone,Electronics,North,2,322.58,73.16
2023-07-23,Monitor,Accessories,West,7,7238.45,1889.69
2024-03-30,Smartphone,Electronics,North,3,3561.74,347.31
2022-08-07,Monitor,Accessories,North,5,1850.43,534.39
2022-03-06,Mouse,Accessories,West,6,3522.68,626.72
2023-11-24,Smartwatch,Electronics,East,1,584.35,172.4
2023-08-31,Smartphone,Electronics,East,8,5112.6,824.88
2023-10-14,Smartphone,Electronics,South,2,348.93,56.31
2023-05-16,Monitor,Accessories,South,9,1602.22,142.49
2023-06-19,Monitor,Accessories,South,3,2853.92,437.59
2023-07-21,Printer,Office,West,1,1024.87,230.3
2022-03-20,Camera,Electronics,East,5,4485.48,1324.49
2024-10-21,Smartwatch,Electronics,North,2,2232.72,150.12
2022-08-14,Keyboard,Accessories,South,6,7056.09,1445.01
2022-03-15,Keyboard,Accessories,East,5,875.78,96.65
2022-02-01,Smartwatch,Electronics,East,3,315.56,61.94
2022-04-24,Laptop,Electronics,East,2,358.54,51.75
2023-03-23,Camera,Electronics,South,7,3451.16,194.42
2022-02-10,Laptop,Electronics,North,9,1350.9,189.13
2023-10-19,Tablet,Electronics,West,8,3320.87,413.32
2024-09-10,Mouse,Accessories,North,4,4221.275,470.165
2022-06-17,Keyboard,Accessories,South,0,83.29,15.985
2023-08-09,Mouse,Accessories,North,5,3720.62,448.6
2023-07-11,Laptop,Electronics,South,4,2180.34,273.3
2024-01-05,Laptop,Electronics,West,18,19567.48,4694.98
2022-09-22,Smartphone,Electronics,North,8,4864.96,1314.36
2023-06-22,Mouse,Accessories,North,7,4060.79,291.42
2023-03-26,Smartwatch,Electronics,North,1,387.98,99.59
2023-08-11,Smartwatch,Electronics,North,3,966.5,120.56
2024-05-17,Tablet,Electronics,North,3,3366.17,882.29
2024-06-30,Monitor,Accessories,West,7,7833.05,1843.94
2023-04-09,Monitor,Accessories,West,1,610.23,33.55
2022-05-28,Smartwatch,Electronics,West,8,4288.56,597.09
2022-07-18,Printer,Office,North,9,7740.97,605.35
2024-08-20,Smartwatch,Electronics,West,9,3150.72,457.13
2023-12-31,Keyboard,Accessories,West,2,894.27,224.75
2022-10-09,Laptop,Electronics,North,16,15089.08,2439.46
2024-03-01,Keyboard,Accessories,North,4,3180.095,935.94
2022-03-19,Smartphone,Electronics,West,8,4857.8,971.5
2023-04-25,Keyboard,Accessories,West,3,3372.105,330.235
2023-09-11,Headphones,Accessories,North,6,798.28,213.4
2023-01-13,Printer,Office,North,5,2860.94,339.0
2023-02-26,Laptop,Electronics,West,5,4445.56,580.15
2024-11-03,Smartwatch,Electronics,South,8,7536.2,1197.09
2023-09-26,Monitor,Accessories,North,7,4165.78,263.26
2024-02-19,Laptop,Electronics,East,6,6042.54,1527.98
2024-04-29,Keyboard,Accessories,North,1,155.15,35.33
2024-05-15,Headphones,Accessories,South,2,2170.39,522.0
2024-10-22,Tablet,Electronics,West,3,2832.46,317.76
2022-07-31,Smartwatch,Electronics,West,5,3945.27,392.09
2022-09-10,Tablet,Electronics,South,4,2104.21,308.0
2022-08-24,Monitor,Accessories,South,2,2060.15,517.64
2023-01-13,Smartwatch,Electronics,South,6,810.49,108.61
2022-09-23,Laptop,Electronics,West,6,1746.52,114.84
2022-02-08,Tablet,Electronics,West,5,595.5,121.11
2022-12-18,Laptop,Electronics,West,2,1562.02,119.56
2022-01-25,Smartwatch,Electronics,East,9,5337.53,1575.99
2024-05-31,Laptop,Electronics,North,10,6450.72,1046.64
2023-08-07,Monitor,Accessories,North,2,1342.54,184.59
2022-07-13,Mouse,Accessories,South,7,3395.19,1012.78
2024-12-01,Smartwatch,Electronics,East,4,3968.3,480.72
2024-04-12,Smartphone,Electronics,West,5,4555.88,776.65
2022-02-26,Tablet,Electronics,West,2,2132.62,365.44
2022-03-31,Mouse,Accessories,West,6,6516.63,842.83
2023-08-17,Smartwatch,Electronics,North,2,2040.1,481.15
2024-09-23,Mouse,Accessories,East,3,3063.265,214.19
2022-09-11,Smartwatch,Electronics,West,8,520.56,30.58
2023-01-01,Camera,Electronics,South,5,4470.93,526.96
2024-07-12,Smartwatch,Electronics,West,8,5504.39,1196.78
2022-01-11,Headphones,Accessories,West,4,3036.04,511.69
2024-10-05,Smartwatch,Electronics,East,5,2725.13,308.29
2024-09-16,Printer,Office,North,8,4080.04,336.96
2024-05-23,Keyboard,Accessories,North,8,3080.95,776.6
2023-06-08,Smartwatch,Electronics,North,5,1525.58,413.75
2022-07-16,Monitor,Accessories,South,4,1332.62,342.85
2023-07-24,Smartphone,Electronics,South,7,4669.67,803.21
2022-03-12,Smartwatch,Electronics,West,6,5310.75,1099.84
2023-01-12,Camera,Electronics,East,8,9392.97,2651.84
2022-11-03,Monitor,Accessories,South,5,1350.98,198.19
2024-03-14,Monitor,Accessories,North,4,3648.16,768.61
2022-08-14,Smartphone,Electronics,North,6,6816.24,1454.52
2024-11-17,Keyboard,Accessories,South,4,2151.01,237.98
2024-05-13,Keyboard,Accessories,South,2,2287.505,385.62
2022-10-21,Laptop,Electronics,East,8,9304.3,1855.7
2024-04-15,Monitor,Accessories,East,4,1928.35,232.48
2023-01-17,Printer,Office,East,2,1042.24,86.24
2023-11-28,Tablet,Electronics,East,3,2214.85,507.7
2024-05-03,Keyboard,Accessories,South,4,3024.07,678.26
2023-08-11,Camera,Electronics,East,2,1104.93,173.01
2022-07-26,Mouse,Accessories,East,8,6056.23,1631.71
2023-02-07,Mouse,Accessories,South,5,5295.6,1375.98
2022-01-19,Smartphone,Electronics,North,4,3668.3,839.4
2023-06-30,Printer,Office,South,9,4293.89,295.47
2022-08-19,Mouse,Accessories,North,3,2894.54,475.225
2023-08-27,Smartwatch,Electronics,North,6,4440.94,800.92
2022-03-10,Printer,Office,South,5,5515.39,330.02
2024-10-12,Camera,Electronics,North,4,784.85,192.77
2024-06-15,Laptop,Electronics,East,4,576.33,156.59
2024-09-09,Smartwatch,Electronics,West,5,705.84,198.62
2023-09-24,Keyboard,Accessories,North,6,4458.75,1215.3
2022-08-25,Smartphone,Electronics,East,12,13561.14,1623.84
2023-10-01,Smartwatch,Electronics,North,5,3970.06,642.7
2023-01-08,Monitor,Accessories,North,7,5131.61,368.11
2022-10-02,Laptop,Electronics,East,7,1750.86,90.21
,Tablet,Electronics,East,7,8337.92,753.35
2022-09-15,Keyboard,Accessories,East,9,9810.18,549.46
2024-01-28,Keyboard,Accessories,East,1,1329.215,397.18
2022-01-14,Tablet,Electronics,North,9,2205.05,410.01
2023-06-13,Smartphone,Electronics,South,9,6948.63,1409.3
2022-09-09,Tablet,Electronics,North,3,774.48,212.02
2023-12-26,Tablet,Electronics,North,3,2532.08,343.13
2024-11-16,Laptop,Electronics,West,7,6587.81,1173.91
2024-04-01,Smartphone,Electronics,East,7,7266.73,806.79
2024-11-27,Smartphone,Electronics,East,14,13735.6,1004.12
2023-07-01,Camera,Electronics,South,9,4887.68,396.36
2023-02-13,Mouse,Accessories,West,4,864.64,251.99
2023-11-09,Smartphone,Electronics,East,6,5190.69,1215.07
2022-05-20,Keyboard,Accessories,South,8,2128.31,294.45
2024-06-26,Mouse,Accessories,East,1,859.045,109.41
2022-05-02,Smartphone,Electronics,North,4,2540.9,458.78
2023-05-18,Keyboard,Accessories,East,7,2569.86,130.19
2022-11-22,Headphones,Accessories,South,2,1210.5,268.37
2022-03-15,Mouse,Accessories,East,2,1128.08,94.13
2023-08-23,Headphones,Accessories,North,1,1077.14,77.97
2023-12-18,Keyboard,Accessories,East,3,1122.075,258.735
2022-09-16,Mouse,Accessories,West,8,1608.52,464.18
2024-12-15,Camera,Electronics,West,5,3685.21,476.2
2024-04-25,Camera,Electronics,North,8,4080.22,1079.49
2024-02-09,Monitor,Accessories,North,1,404.65,84.4
2023-04-19,Keyboard,Accessories,South,2,1738.67,163.38
2023-01-31,Printer,Office,West,3,828.25,210.33
2023-11-24,Mouse,Accessories,North,4,4344.82,461.72
2023-10-02,Tablet,Electronics,North,1,1130.56,268.88
2024-04-18,Headphones,Null,North,3,1698.22,304.91
2023-06-27,Tablet,Electronics,East,4,844.26,136.02
2023-12-12,Camera,Electronics,East,2,1026.2,170.31
2023-10-04,Laptop,Electronics,West,6,6984.93,1433.65
2022-02-18,Monitor,Accessories,West,4,1672.85,432.35
2023-01-08,Laptop,Electronics,North,12,2185.52,127.96
2024-04-01,Headphones,Accessories,South,2,272.08,24.71
2023-10-22,Mouse,Accessories,West,3,4077.77,1088.69
2023-03-29,Smartwatch,Electronics,East,7,4298.37,358.38
2022-12-17,Smartphone,Electronics,East,10,2730.02,621.32
2024-11-28,Camera,Electronics,West,6,4116.11,381.35
2022-04-07,Headphones,Accessories,South,8,904.94,181.45
2024-12-05,Smartwatch,Electronics,South,1,70.85,10.64
2023-09-03,Keyboard,Accessories,East,2,344.16,72.87
2024-08-17,Headphones,Accessories,South,2,518.09,34.22
2022-08-18,Mouse,Accessories,North,9,2763.19,458.4
2022-03-26,Smartwatch,Electronics,North,2,2298.16,343.53
2024-10-02,Monitor,Accessories,South,1,436.73,73.89
2022-09-28,Mouse,Accessories,East,3,912.045,106.735
2024-05-12,Laptop,Electronics,North,10,3081.42,823.66
2023-03-14,Tablet,Electronics,East,7,5572.74,385.82
2023-09-21,Monitor,Accessories,East,6,3030.37,335.71
2024-05-02,Monitor,Accessories,West,5,1245.95,345.84
2022-01-31,Tablet,Electronics,South,4,1252.61,326.69
2024-06-04,Camera,Electronics,North,9,4959.5,479.28
2023-02-16,Monitor,Accessories,West,7,8162.71,443.81
2023-05-26,Monitor,Accessories,East,5,1370.94,253.92
2023-12-28,Tablet,Electronics,North,3,3111.74,607.23
2022-10-10,Mouse,Accessories,South,7,7805.18,1078.03
2024-04-21,Smartphone,Electronics,South,9,10314.11,2729.6
2023-09-29,Keyboard,Accessories,South,9,10782.39,2730.14
2024-10-22,Monitor,Accessories,West,5,4375.19,987.96
2023-07-31,Monitor,Accessories,North,5,2265.58,595.05
2022-04-15,Laptop,Electronics,East,2,333.18,19.38
2024-04-24,Headphones,Accessories,North,7,7217.79,1481.7
2022-01-16,Tablet,Electronics,East,3,1767.88,186.54
2023-12-06,Laptop,Electronics,East,6,5767.88,1115.62
2024-09-04,Smartwatch,Electronics,South,3,1338.33,396.08
2022-06-10,Printer,Office,North,3,168.89,45.31
2022-10-03,Smartphone,Electronics,South,9,4536.79,479.78
2022-02-25,Mouse,Accessories,East,4,4404.87,793.7
2023-08-18,Monitor,Accessories,North,4,1952.92,148.67
2022-12-23,Mouse,Accessories,North,1,1002.495,233.88
2022-06-30,Keyboard,Accessories,South,2,234.07,65.74
2024-11-10,Smartphone,Electronics,West,9,8667.89,1597.49
2022-04-11,Headphones,Accessories,South,9,4752.47,1415.65
2023-05-10,Keyboard,Accessories,East,0,586.26,62.45
2022-05-20,Keyboard,Accessories,North,1,804.455,85.145
2024-07-17,Smartwatch,Electronics,West,1,1142.94,306.84
2024-11-18,Keyboard,Accessories,North,1,58.285,6.835
2022-06-06,Smartphone,Electronics,East,18,7902.32,1816.26
2023-12-21,Keyboard,Accessories,East,2,1606.55,138.96
2023-07-24,Smartwatch,Electronics,West,2,2006.27,235.52
2024-06-05,Camera,Electronics,South,9,9423.2,652.06
2022-08-24,Laptop,Electronics,North,8,4553.56,799.88
2022-08-22,Monitor,Accessories,West,5,4880.07,664.06
2024-11-18,Laptop,Electronics,East,3,1773.37,183.15
2023-01-21,Smartwatch,Electronics,South,9,2718.67,195.97
2022-11-07,Headphones,Accessories,East,4,3168.97,939.45
2022-01-31,Camera,Electronics,West,2,1716.33,368.06
2024-02-07,Smartphone,Electronics,West,2,214.55,14.08
2024-06-04,Camera,Electronics,East,2,2092.91,366.12
2024-03-21,Headphones,Accessories,West,3,225.29,46.96
2023-03-26,Smartwatch,Electronics,East,1,859.4,217.67
2024-06-10,Keyboard,Accessories,South,3,1620.055,379.095
2022-10-08,Tablet,Electronics,East,2,1748.4,506.52
2023-07-06,Mouse,Accessories,West,4,1040.04,54.24
2022-06-18,Smartwatch,Electronics,North,3,2193.47,521.14
2023-06-08,Headphones,Accessories,West,5,2080.6,614.77
2022-05-13,Mouse,Accessories,South,2,2535.125,493.195
2024-03-08,Laptop,Electronics,South,14,938.16,94.8
2024-12-31,Smartphone,Electronics,West,6,930.33,213.6
2022-03-11,Smartwatch,Electronics,South,1,495.58,55.17
2024-08-01,Monitor,Accessories,East,6,4938.9,847.89
2022-08-21,Tablet,Electronics,South,2,1300.44,267.46
2024-12-11,Mouse,Accessories,South,7,2100.18,131.67
2024-03-13,Camera,Electronics,South,2,2248.78,636.52
2022-05-13,Headphones,Accessories,East,3,1992.04,252.21
2022-01-29,Camera,Electronics,South,4,4056.58,1189.26
2022-12-22,Camera,Electronics,East,2,1986.98,208.88
2022-03-05,Smartwatch,Electronics,East,9,3132.61,443.27
2023-05-21,Smartphone,Electronics,South,16,14129.42,3109.04
2024-03-16,,,East,1,907.36,249.2
2023-01-14,Mouse,Accessories,South,4,3969.425,595.705
2023-11-11,Printer,Office,South,4,4360.96,1207.46
2024-08-19,Keyboard,Accessories,West,1,187.68,47.52
2022-09-24,Monitor,Accessories,North,7,826.36,101.01
2023-09-09,Mouse,Accessories,East,3,807.44,148.58
2022-02-07,Keyboard,Accessories,West,5,4550.53,1039.34
2024-01-07,Smartphone,Electronics,North,9,8793.29,901.7
2024-07-09,Headphones,Accessories,North,5,310.26,32.01
2023-11-28,Headphones,Accessories,East,3,1143.44,275.04
2022-03-10,Monitor,Accessories,West,3,2610.21,740.21
2022-07-31,Tablet,Electronics,West,6,1494.16,269.25
2023-07-05,Smartphone,Electronics,North,8,3049.0,378.64
2023-11-21,Tablet,Electronics,North,9,9441.6,2171.42
2022-06-18,Smartphone,Electronics,South,4,3520.32,417.26
2023-03-29,Tablet,Electronics,West,2,390.54,103.99
2024-09-29,Laptop,Electronics,North,1,450.04,75.89
2023-08-12,Smartwatch,Electronics,South,4,828.07,216.98
2024-07-09,Monitor,Accessories,West,3,1986.42,361.33
2023-03-21,Smartwatch,Electronics,North,8,7264.72,1776.83
2023-06-08,Laptop,Electronics,East,14,14939.78,1831.26
2024-03-19,Laptop,Electronics,South,5,1385.18,165.55
2023-03-13,Tablet,Electronics,North,4,4556.6,315.07
2024-02-08,Monitor,Accessories,North,3,456.0,61.42
2024-11-15,Monitor,Accessories,North,2,1984.66,125.13
2024-09-17,Smartwatch,Electronics,North,6,5178.06,1321.58
2023-05-11,Smartwatch,Electronics,West,1,281.83,30.51
2024-11-26,Monitor,Accessories,South,9,3033.23,177.92
2022-03-27,Camera,Electronics,East,3,1107.0,65.88
2022-04-10,Mouse,Accessories,South,1,723.385,178.35
2023-01-23,Mouse,Accessories,South,2,266.96,20.11
2024-04-22,Smartphone,Electronics,West,12,1296.24,324.6
2023-03-15,Tablet,Electronics,South,2,344.89,80.87
2024-05-25,Smartphone,Electronics,West,6,5724.07,1640.19
2022-03-16,Headphones,Accessories,East,5,4920.01,323.38
2023-01-07,Camera,Electronics,West,5,5440.43,457.04
2024-04-25,Smartphone,Electronics,West,14,15988.32,1817.3
2023-10-23,Camera,Electronics,South,9,3780.8,724.36
2023-05-27,Smartphone,Electronics,North,2,2034.74,419.94
2023-01-31,Smartphone,Electronics,West,6,1578.92,82.85
2023-10-09,Smartphone,Electronics,South,2,912.61,161.37
2024-04-29,Laptop,Electronics,West,6,2520.43,182.59
2024-12-06,Mouse,Accessories,East,8,2632.99,262.55
2023-07-10,Monitor,Accessories,West,6,6582.57,729.68
2024-01-16,Camera,Electronics,East,8,3432.3,172.69
2023-09-10,Keyboard,Accessories,South,1,515.405,127.325
,Mouse,Accessories,West,4,596.145,144.955
2023-10-30,Monitor,Accessories,North,4,4740.38,833.27
2024-04-14,Headphones,Accessories,East,4,1716.57,364.96
2023-02-07,Printer,Office,South,7,3528.65,260.06
2022-06-22,Camera,Electronics,South,3,777.81,71.72
2022-04-29,Camera,Electronics,East,4,3368.32,558.93
2022-10-11,Tablet,Electronics,North,4,4240.44,251.46
2022-04-15,Laptop,Electronics,South,3,3285.47,292.87
2023-01-14,Smartphone,Electronics,South,6,4872.66,612.73
2022-08-24,Smartphone,Electronics,East,9,2466.46,638.41
2024-10-26,Tablet,Electronics,West,5,2465.15,497.19
2023-05-15,Tablet,Electronics,North,3,612.41,40.15
2022-10-25,Tablet,Electronics,South,5,4170.08,658.98
2023-03-13,Camera,Electronics,South,8,1088.01,160.33
2024-07-30,Keyboard,Accessories,West,2,1626.74,354.49
2023-11-06,Smartphone,Electronics,North,12,12973.18,718.98
2022-12-14,Monitor,Accessories,West,0,6968.01,1226.22
2024-01-03,Smartphone,Electronics,North,2,715.64,165.72
2024-02-17,Laptop,Electronics,South,1,454.7,58.4
2024-04-04,Tablet,Electronics,East,3,3582.45,501.47
2024-06-25,Tablet,Electronics,West,9,3762.93,484.75
2024-10-31,Smartwatch,Electronics,South,9,6642.05,394.48
2024-09-25,Monitor,Accessories,West,4,408.09,45.2
2024-03-08,Tablet,Electronics,West,1,105.48,25.26
2024-05-04,Tablet,Electronics,West,3,2682.87,584.69
2022-07-11,Keyboard,Accessories,East,3,248.995,38.155
2022-08-19,Printer,Office,South,7,4823.02,420.58
2024-10-01,Smartwatch,Electronics,North,8,4048.18,666.1
2022-12-23,Smartphone,Electronics,North,16,8193.7,532.7
2024-10-11,Printer,Office,North,8,7264.7,1318.0
2022-04-09,Mouse,Accessories,East,3,2151.115,478.69
2023-01-27,Printer,Office,North,5,5960.36,1139.78
2024-01-22,Keyboard,Accessories,West,0,193.185,57.45
2022-06-15,Laptop,Electronics,South,6,2550.26,337.28
2023-05-18,Mouse,Accessories,North,9,5949.04,368.51
2023-02-06,Camera,Electronics,East,7,5159.07,755.22
2022-07-01,Monitor,Accessories,North,4,1100.99,127.13
,Mouse,Accessories,South,1,145.335,25.115
2023-08-05,Smartwatch,Electronics,East,8,7144.58,492.1
2022-08-09,Keyboard,Accessories,West,5,4200.56,330.48
2022-02-08,Monitor,Accessories,North,6,5022.59,291.89
2024-12-13,Smartphone,Electronics,West,4,4709.44,742.68
2024-10-10,Smartphone,Electronics,South,4,4064.08,299.4
2024-05-25,Keyboard,Accessories,South,2,2372.09,275.88
2022-02-14,Laptop,Electronics,West,6,5406.16,1219.5
2023-05-04,Laptop,Electronics,South,4,1264.95,267.82
2024-05-21,Smartphone,Electronics,South,8,3249.0,667.48
2023-05-14,Mouse,Accessories,West,8,2976.7,507.77
2024-07-02,Headphones,Accessories,West,6,4998.87,863.82
2022-10-20,Printer,Office,West,1,98.57,28.57
2022-08-22,Tablet,Electronics,North,7,4102.64,354.03
2022-01-11,Printer,Office,North,1,1016.81,171.31
2023-08-18,Headphones,Accessories,South,4,1960.04,234.88
2024-09-15,Mouse,Accessories,West,3,1375.87,337.975
2022-07-15,Smartphone,Electronics,East,14,8064.06,1485.96
2024-07-28,Smartphone,Electronics,West,7,5978.14,1791.25
2023-12-16,Headphones,Accessories,West,7,8050.51,2129.97
2024-05-24,Monitor,Accessories,East,7,4648.7,1240.98
2022-06-14,Smartphone,Electronics,North,3,1119.02,108.68
2024-12-11,Laptop,Electronics,East,1,918.78,180.31
2023-02-05,Smartphone,Electronics,East,9,6903.0,837.35
2023-08-21,Keyboard,Accessories,North,2,2427.52,267.115
2023-12-18,Camera,Electronics,South,2,2158.76,483.94
2023-04-13,Mouse,Accessories,North,3,2275.225,538.9
2023-09-24,Tablet,Electronics,West,4,3592.83,249.54
2022-12-19,Tablet,Electronics,South,8,3488.38,943.25
2022-05-21,Monitor,Accessories,North,2,1214.1,163.8
2024-09-21,Mouse,Accessories,West,4,3600.31,734.615
2023-03-24,Laptop,Electronics,East,16,3617.16,678.62
2022-12-29,Camera,Electronics,West,9,7083.52,560.88
2024-06-05,Monitor,Accessories,East,4,1060.32,260.21
2022-11-17,Smartwatch,Electronics,South,9,7182.38,461.61
,Smartphone,Electronics,West,6,5532.27,552.74
2024-08-23,Headphones,Accessories,South,8,1800.37,326.03
2023-12-17,Headphones,Accessories,South,1,351.97,32.61
2022-11-10,Smartwatch,Electronics,West,2,1200.3,191.43
2023-12-01,Tablet,Electronics,South,9,1593.54,322.46
2024-12-15,Monitor,Accessories,East,3,2580.39,448.02
2022-03-12,Keyboard,Accessories,East,6,6780.17,1794.97
2022-03-25,Smartphone,Electronics,South,4,2596.62,408.16
2024-12-24,Smartwatch,Electronics,South,7,4585.83,383.97
2023-04-16,Tablet,Electronics,North,1,516.85,70.53
2024-05-14,Tablet,Electronics,West,4,1780.66,420.28
2022-11-07,Keyboard,Accessories,North,2,182.505,47.025
2023-02-26,Tablet,Electronics,South,8,3896.1,735.66
2024-04-28,Laptop,Electronics,South,1,636.1,169.24
2024-07-27,Monitor,Accessories,East,7,637.41,87.86
2023-09-26,Keyboard,Accessories,South,1,651.41,90.41
2024-08-24,Smartphone,Electronics,West,2,1438.22,80.84
2023-08-08,Camera,Electronics,West,6,5106.45,1341.93
2023-07-11,Mouse,,West,1,607.87,64.9
2024-05-23,Camera,Electronics,East,9,1791.81,187.28
2023-12-31,Monitor,Accessories,South,5,5990.4,1192.11
2023-12-01,Tablet,Electronics,South,1,847.93,142.74
2024-02-04,Camera,Electronics,East,8,688.39,131.26
2023-06-24,Tablet,Electronics,East,2,1188.03,286.38
2023-08-20,Camera,Electronics,North,7,3101.63,926.09
2024-09-20,Laptop,Electronics,North,2,1499.32,136.34
2024-11-17,Smartwatch,Electronics,West,4,3224.26,871.53
2023-10-01,Monitor,Accessories,South,3,459.32,40.96
2024-12-24,Smartwatch,Electronics,East,7,5726.16,976.14
2022-04-20,Keyboard,Accessories,West,2,308.31,87.875
2024-12-24,Laptop,Electronics,North,4,3168.16,812.5
2023-06-24,Laptop,Electronics,East,5,3205.45,368.41
2023-12-18,Laptop,Electronics,East,18,10279.64,2631.86
2024-11-09,Smartphone,Electronics,West,10,7591.72,478.3
2024-03-03,Camera,Electronics,East,2,810.82,229.33
2024-05-11,Camera,Electronics,South,6,5106.77,1500.2
2024-06-30,Monitor,Accessories,West,2,798.02,79.25
2022-02-22,Laptop,Electronics,West,10,6330.06,1790.66
2023-09-21,Tablet,Electronics,East,5,5935.46,875.84
2022-06-27,Keyboard,Accessories,South,4,3352.04,663.15
2024-01-29,Smartphone,Electronics,West,9,8343.05,821.0
2022-05-25,Monitor,Accessories,East,4,2604.55,411.38
2023-11-12,Monitor,Accessories,West,9,5220.37,1324.01
2022-10-24,Mouse,Accessories,West,3,1593.025,420.52
2023-01-13,Smartphone,Electronics,West,6,7014.2,1202.25
2023-01-17,Mouse,Accessories,South,4,1705.875,222.435
2022-01-20,Monitor,Accessories,East,1,513.6,87.58
2022-07-05,Smartphone,Electronics,West,2,2209.18,555.7
2022-08-11,Smartphone,Electronics,East,9,2718.97,271.51
2023-05-14,Headphones,Accessories,North,6,1662.04,416.3
2023-12-16,Mouse,Accessories,West,5,1700.69,360.59
2024-12-06,Tablet,Electronics,South,4,2932.33,597.65
2023-10-13,Mouse,Accessories,North,4,3604.74,971.14
2024-03-26,Camera,Electronics,West,4,4596.11,553.58
2024-04-05,Smartwatch,Electronics,East,6,930.0,68.24
2023-06-24,Tablet,Electronics,North,3,2790.12,470.93
2022-05-22,Smartphone,Electronics,North,12,9192.78,2325.5
2023-10-15,Keyboard,Accessories,South,1,962.28,260.28
2024-10-23,Smartphone,Electronics,North,1,92.99,14.88
2024-09-29,Keyboard,Accessories,North,2,565.33,127.495
2024-04-29,Headphones,Accessories,East,6,6024.9,1706.41
2022-06-06,Monitor,Accessories,East,8,2384.38,444.98
2024-12-25,Camera,Electronics,South,4,4644.13,277.26
2024-04-04,Keyboard,Accessories,East,1,607.81,79.78
2022-09-29,Mouse,Accessories,South,7,770.95,129.11
2022-11-06,Keyboard,Accessories,South,1,711.07,158.89
2023-08-02,Keyboard,Accessories,South,1,544.34,117.915
2024-03-05,Laptop,Electronics,East,7,4704.23,513.14
2022-12-15,Laptop,Electronics,East,5,660.76,90.86
2022-11-25,Headphones,Accessories,South,5,4680.14,516.26
2022-10-06,Camera,Electronics,East,7,6797.3,665.29
2024-12-11,Mouse,Accessories,North,4,279.175,19.43
2023-09-13,Monitor,Accessories,East,4,4496.47,1115.75
2022-05-28,Keyboard,Accessories,South,1,713.25,62.78
2022-08-17,Camera,Electronics,East,2,1310.8,212.43
2024-10-31,Keyboard,Accessories,West,9,2853.11,564.05
2023-11-20,Camera,Electronics,South,2,2324.19,516.06
2024-04-16,Laptop,Electronics,North,1,330.75,53.42
2023-09-22,Camera,Electronics,South,3,588.51,100.52
2024-05-07,Smartphone,Electronics,East,1,63.33,11.91
2022-03-15,Tablet,Electronics,East,7,847.51,147.71
2024-06-28,Printer,Office,East,1,1037.33,56.89
2024-01-06,Mouse,Accessories,North,1,373.18,72.17
2023-12-20,Laptop,Electronics,North,2,2352.52,314.94
2022-01-11,Smartphone,Electronics,East,6,4279.06,845.04
2024-12-11,Monitor,Accessories,West,9,4140.54,301.12
2024-01-13,Laptop,Electronics,North,1,1038.38,63.23
2024-07-28,Monitor,Accessories,East,8,2024.08,203.11
2022-04-15,Smartwatch,Electronics,South,6,6624.62,1136.09
2023-09-23,Smartwatch,Electronics,East,7,5019.06,1154.79
2024-04-15,Smartphone,Electronics,East,5,750.99,207.77
2023-03-23,Camera,Electronics,North,7,6461.37,1455.36
2023-11-04,Tablet,Electronics,West,6,2946.25,208.01
2024-05-24,Monitor,Accessories,South,1,618.23,81.04
2022-05-11,Camera,Electronics,East,9,8586.51,700.37
2024-02-13,Laptop,Electronics,South,10,4000.92,464.82
2023-02-16,Mouse,Accessories,East,0,424.945,102.94
2023-08-13,Mouse,Accessories,East,3,1593.175,187.315
2024-05-15,Monitor,Accessories,South,4,2536.72,495.13
2024-05-09,Smartwatch,Electronics,South,2,1306.66,228.41
2022-05-02,Tablet,Electronics,East,3,2508.87,631.85
2024-07-13,Tablet,Electronics,North,8,1048.27,107.56
2022-11-19,Keyboard,Accessories,East,4,1516.5,256.96
2024-03-04,Smartphone,Electronics,West,9,10458.89,1835.21
2024-05-20,Headphones,Accessories,East,9,2754.85,259.16
2022-12-25,Monitor,Accessories,South,2,1234.01,257.89
2022-07-30,Monitor,Accessories,East,1,847.68,146.25
2022-10-23,Keyboard,Accessories,South,7,7672.94,896.11
2024-04-04,Monitor,Accessories,North,9,7596.6,1454.15
2024-11-02,Keyboard,Accessories,East,3,3626.31,678.635
2024-12-05,Smartwatch,Electronics,West,6,732.7,136.59
2023-06-27,Smartphone,Electronics,West,1,173.0,20.96
2023-03-18,Camera,Electronics,North,3,2805.17,749.5
2023-09-18,Smartphone,Electronics,West,8,7048.45,391.96
2024-08-16,Mouse,Accessories,East,6,4698.33,1020.11
2024-01-17,Smartwatch,Electronics,South,1,565.34,148.79
2023-06-17,Monitor,Accessories,North,1,672.73,198.75
2022-07-24,Camera,Electronics,South,6,2604.15,566.34
2024-05-31,Tablet,Electronics,West,6,5125.0,501.5
2022-08-14,Smartwatch,Electronics,West,5,2455.29,714.35
2022-03-01,Printer,Office,North,2,1796.88,225.15
2022-01-25,Laptop,Electronics,South,2,577.38,123.7
2023-07-23,Laptop,Electronics,North,10,4321.36,1106.82
2022-03-10,Tablet,Electronics,West,1,105.16,27.36
2023-05-05,Monitor,Accessories,South,9,7578.54,1596.64
2023-03-10,Headphones,Accessories,South,1,365.33,50.1
2024-04-23,Camera,Electronics,West,8,3752.67,537.98
2024-08-21,Keyboard,Accessories,North,2,1384.75,316.21
2023-02-21,Smartphone,Electronics,West,5,475.53,76.22
2023-08-24,Smartphone,Electronics,West,1,137.49,39.35
2023-10-09,Camera,Electronics,West,3,1821.22,543.01
2022-04-22,Keyboard,Accessories,West,3,1827.195,335.08
2024-07-14,Keyboard,Accessories,East,3,1296.04,202.445
2022-04-25,Camera,Electronics,East,6,996.19,225.75
2024-07-10,Mouse,Accessories,North,1,693.81,62.75
2023-10-24,Keyboard,Accessories,East,3,513.89,48.23
2024-05-17,Smartwatch,Electronics,East,8,5736.38,937.62
2023-04-06,Mouse,Accessories,East,2,1458.39,208.93
2022-12-03,Smartphone,Electronics,East,8,5496.51,1104.93
2022-01-07,Tablet,Electronics,North,3,3183.86,358.87
2023-07-27,Headphones,Accessories,East,6,3990.76,975.5
2024-02-05,Smartphone,Electronics,West,2,582.89,76.45
2023-08-30,Monitor,Accessories,West,1,890.63,59.1
2023-10-19,Keyboard,Accessories,East,3,2625.23,349.61
2022-09-14,Smartwatch,Electronics,North,4,1440.55,200.09
2024-12-26,Headphones,Accessories,North,5,505.28,93.85
2022-01-28,Laptop,Electronics,North,8,8192.3,1822.87
2023-08-09,Keyboard,Accessories,East,1,960.37,72.15
2022-10-18,Smartwatch,Electronics,West,8,8768.39,1065.8
2022-10-12,Mouse,Accessories,North,1,1140.72,117.05
2023-01-23,Laptop,Electronics,North,4,952.49,264.61
2024-05-02,Smartphone,Electronics,North,2,450.72,102.14
2023-06-25,Camera,Electronics,East,3,1029.47,206.83
2024-02-29,Printer,Office,South,3,3402.51,442.67
2022-05-24,Laptop,Electronics,North,18,16921.56,2403.88
2024-03-07,Monitor,Accessories,North,1,105.0,26.86
2023-12-18,Monitor,Accessories,West,9,10665.7,1595.08
2023-08-12,Smartwatch,Electronics,East,8,984.47,183.07
2024-09-18,Smartphone,Electronics,North,8,4128.86,718.6
2022-03-08,Laptop,Electronics,North,2,594.13,172.47
2024-08-22,Smartphone,Electronics,North,8,2864.94,195.16
2024-07-17,Tablet,Electronics,North,4,724.85,186.95
2024-02-11,Mouse,Accessories,East,3,2049.305,587.23
2023-06-12,Monitor,Accessories,North,1,338.8,32.61
2022-04-16,Smartwatch,Electronics,East,1,890.9,57.04
2023-04-26,Tablet,Electronics,South,2,1790.87,442.75
2023-10-01,Tablet,,North,9,8523.7,978.97
2024-03-20,Mouse,Accessories,North,7,3031.76,417.5
2022-10-02,Camera,Electronics,South,9,4698.55,1262.47
2023-06-13,Keyboard,Accessories,West,4,2425.725,704.205
2023-01-22,Camera,Electronics,East,6,4542.84,1169.16
2022-01-04,Mouse,Accessories,South,4,4689.43,870.485
2023-08-06,Smartwatch,Electronics,North,8,9464.94,2043.73
2024-11-08,Printer,Office,West,8,1720.75,401.26
2022-07-11,Keyboard,Accessories,West,4,2376.39,562.11
2023-10-23,Keyboard,Accessories,South,2,292.13,63.64
2024-07-28,Camera,Electronics,North,9,4554.89,1031.09
2022-07-23,Tablet,Electronics,South,2,2392.11,483.39
2023-11-20,Camera,Electronics,South,7,3962.75,916.13
2023-05-21,Laptop,Electronics,North,6,2617.32,282.08
2023-05-10,Camera,Electronics,South,7,5831.04,1416.31
2022-12-11,Camera,Electronics,West,7,5572.58,690.68
2023-08-11,Monitor,Accessories,North,6,5214.54,1093.04
2022-06-18,Mouse,Accessories,East,9,6705.09,1283.78
2024-11-06,Smartphone,Electronics,West,4,4408.58,1047.64
2022-08-25,Smartphone,Electronics,North,3,2652.97,161.67
2024-06-04,Printer,Office,West,5,1830.05,437.35
2024-01-27,Laptop,Electronics,East,18,5526.88,1352.5
2022-09-17,Monitor,Accessories,North,8,9056.52,2281.97
2022-03-10,Camera,Electronics,North,7,5439.67,1416.62
2022-08-01,Camera,Electronics,South,6,828.73,47.91
2024-10-01,Smartwatch,Electronics,East,5,1910.24,463.07
2023-02-19,Tablet,Electronics,North,2,1874.45,333.86
2023-08-02,Mouse,Accessories,East,0,516.045,145.705
2023-06-26,Keyboard,Accessories,East,1,1632.23,278.43
2022-11-26,Smartphone,Electronics,West,1,877.12,110.99
2022-05-23,Camera,Electronics,North,3,924.92,183.18
2023-04-26,Camera,Electronics,West,3,417.02,114.42
2024-02-21,Laptop,Electronics,West,5,2670.23,155.89
2024-06-18,Keyboard,Accessories,South,3,1358.335,256.045
2022-01-19,Monitor,Accessories,North,5,5500.6,1230.98
2024-12-07,Tablet,Electronics,East,6,6228.51,1756.82
2024-06-16,Laptop,Electronics,West,7,1092.77,274.77
2023-06-24,Monitor,Accessories,West,5,3255.1,332.54
2022-06-28,Tablet,Electronics,West,5,5645.44,1320.86
2024-03-20,Smartphone,Electronics,North,9,7578.55,466.87
2023-04-21,Keyboard,Accessories,South,9,6282.69,1594.61
2024-12-29,Laptop,Electronics,South,12,4728.1,1278.58
2023-12-12,Keyboard,Accessories,North,8,6880.22,1570.91
2022-10-30,Smartphone,Electronics,East,12,6576.14,498.04
2024-02-01,Monitor,na,East,6,5292.19,659.58
2022-10-08,Smartwatch,Electronics,West,2,1518.25,87.6
2023-06-17,Tablet,Electronics,North,7,2457.5,690.55
2024-01-09,Headphones,Accessories,West,1,309.89,62.08
2022-01-24,Monitor,Accessories,North,6,6192.25,717.46
2022-06-04,Camera,Electronics,East,5,4235.87,747.96
2022-08-13,Smartwatch,Electronics,North,9,7128.7,457.11
2024-07-23,Tablet,Electronics,North,5,5660.88,641.69
2024-05-23,Smartphone,Electronics,South,2,1574.3,240.76
,Mouse,Accessories,West,1,187.66,53.63
2023-08-19,Camera,Electronics,South,4,296.52,44.79
2022-01-01,Keyboard,Accessories,East,6,6372.6,570.75
2024-06-16,Mouse,Accessories,West,6,2214.33,322.73
2023-11-08,Camera,Electronics,South,7,2240.24,580.47
2023-05-06,Smartwatch,Electronics,East,7,6258.81,1347.74
2024-01-02,Printer,Office,West,8,3816.36,574.57
2022-05-15,Smartwatch,Electronics,South,2,390.45,115.48
2024-07-01,Tablet,Electronics,South,7,630.45,83.28
2022-09-01,Smartphone,Electronics,South,4,3868.27,819.26
2023-06-27,Monitor,Accessories,North,1,777.15,211.31
2024-05-28,Monitor,Accessories,North,3,1347.79,196.59
2023-05-17,Laptop,Electronics,East,9,7272.17,500.32
2022-05-07,Headphones,Accessories,West,3,312.27,74.8
2023-05-18,Laptop,Electronics,East,6,3894.32,479.26
2023-10-09,Tablet,Electronics,North,6,1128.66,207.97
2023-03-05,Laptop,Electronics,East,18,8317.54,1344.64
2024-07-04,Keyboard,Accessories,East,3,1335.34,391.14
2024-05-31,Headphones,Accessories,East,1,85.6,17.71
2023-12-10,Mouse,Accessories,East,8,4136.57,1056.54
2022-05-07,Tablet,Electronics,North,6,4332.88,348.61
2024-07-01,Monitor,Accessories,North,8,1600.13,305.3
2023-10-28,Tablet,Electronics,East,7,5075.48,471.21
2022-07-27,Tablet,Electronics,South,6,4152.39,1065.46
2022-09-16,Smartwatch,Electronics,East,3,3108.75,220.97
2022-10-24,Smartwatch,Electronics,South,7,4270.34,1197.44
2023-02-15,Monitor,Accessories,West,5,1350.98,321.9
2024-03-07,Keyboard,Accessories,East,1,165.385,40.93
2022-07-13,Camera,Electronics,South,6,4260.85,504.82
2024-03-26,Smartphone,Electronics,West,1,328.48,46.23
2023-08-13,Smartphone,Electronics,West,16,15552.92,997.2
2022-05-08,Laptop,Electronics,East,4,2896.93,522.82
2023-05-07,Tablet,Electronics,North,2,1902.81,388.83
2022-01-29,Smartwatch,Electronics,North,7,3255.6,814.85
2022-03-02,Keyboard,Accessories,North,3,633.32,162.4
2023-04-11,Tablet,Electronics,East,7,6209.89,402.78
2023-05-09,Smartwatch,Electronics,East,9,4698.47,1167.9
2024-07-11,Smartphone,Electronics,West,8,7424.86,1878.07
2022-01-26,Printer,Office,East,1,498.39,58.3
2023-08-18,Laptop,Electronics,North,8,7520.4,1201.4
2023-05-31,Camera,Electronics,South,1,182.01,30.97
2022-02-18,Mouse,Accessories,West,2,2945.295,154.5
2024-07-17,Laptop,Electronics,South,4,3244.55,357.55
2024-04-26,Smartphone,Electronics,South,7,5229.85,1058.26
2022-10-19,Smartwatch,Electronics,North,9,5202.12,1271.47
2022-03-15,Keyboard,Accessories,West,1,219.375,33.715
2023-02-14,Keyboard,Accessories,East,6,6900.02,1109.73
2022-09-11,Tablet,Electronics,East,3,369.56,36.07
2024-01-17,Laptop,,West,4,4140.95,1229.85
2023-03-03,Mouse,Accessories,South,2,2134.66,269.53
2022-06-16,Laptop,Electronics,North,6,5310.85,637.81
2023-08-20,Headphones,Accessories,East,6,2748.21,682.8
2024-09-18,Printer,Office,South,9,3357.03,405.61
2023-01-28,Smartwatch,Electronics,West,9,10206.44,592.77
2024-10-20,Smartphone,Electronics,South,6,2970.75,425.9
2022-05-18,Mouse,Accessories,West,2,604.22,175.735
2024-06-19,Smartwatch,Electronics,South,3,945.74,135.59
2022-07-06,Monitor,Accessories,East,8,7040.12,996.02
2023-11-22,Smartphone,Electronics,West,8,7368.44,2018.2
2024-02-23,Headphones,Accessories,East,2,1262.6,190.02
2022-06-24,Mouse,Accessories,South,1,1752.495,403.825
2024-04-02,Laptop,Electronics,East,4,1324.24,227.2
2023-07-17,Camera,Electronics,East,6,4140.19,451.27
2024-04-03,Mouse,Accessories,West,4,1192.44,60.14
2022-05-02,Laptop,Electronics,West,8,4624.29,1313.36
2023-12-13,Smartwatch,Electronics,West,6,4812.88,662.54
2022-01-18,Tablet,Electronics,North,6,5640.57,856.44
2022-09-23,Smartwatch,Electronics,West,5,1840.02,307.09
2024-11-01,Keyboard,Accessories,North,3,4035.82,217.755
2022-10-25,Keyboard,Accessories,North,1,1200.435,148.535
2023-07-01,Smartwatch,Electronics,East,6,3570.52,265.62
2022-03-27,Laptop,Electronics,East,6,3517.74,491.84
2023-08-06,Monitor,Accessories,North,4,3072.79,394.2
2023-08-16,Mouse,Accessories,South,5,2185.87,136.1
2023-02-03,Smartphone,Electronics,North,8,7664.24,1251.65
2024-03-13,Headphones,Accessories,West,5,1710.57,338.1
2024-08-17,Printer,Office,South,2,1878.2,386.28
2023-07-22,Tablet,Electronics,South,1,569.45,141.33
2023-04-05,Smartwatch,Electronics,West,3,1488.17,296.36
2024-04-20,,,West,9,9918.38,1956.17
2022-12-19,Smartwatch,Electronics,South,3,432.39,36.84
2023-09-18,Tablet,Electronics,East,9,9828.85,1300.68
2024-12-28,Null, ,North,5,180690.47,35223.07
2022-05-17,Smartwatch,Electronics,South,3,2187.41,491.13
2023-10-24,Monitor,Accessories,South,5,5105.37,1003.4
2022-12-09,Headphones,Accessories,South,3,1392.09,345.78
2022-11-07,Smartphone,Electronics,North,2,744.11,110.81
2023-06-05,Smartwatch,Electronics,South,4,1724.81,233.21
2023-10-26,Mouse,Accessories,West,5,1940.64,423.17
2023-07-28,Mouse,Accessories,South,2,178.45,29.575
2023-05-26,Monitor,Accessories,West,5,1095.86,269.87
2022-12-07,Tablet,Electronics,North,8,4064.37,543.9
2024-11-20,Smartwatch,Electronics,West,7,5453.14,1592.37
2024-03-31,Monitor,Accessories,South,8,7104.42,529.35
2024-04-17,Keyboard,Accessories,East,9,2745.17,660.56
2024-05-06,Camera,Electronics,North,5,1030.34,64.81
2023-02-25,Tablet,Electronics,North,9,8973.01,471.86
2022-12-14,Keyboard,Accessories,North,2,794.97,128.5
2023-12-20,Null,,South,6,2142.27,476.19
2023-10-13,Headphones,Accessories,East,2,414.63,51.1
2023-06-14,Tablet,Electronics,North,3,1416.41,220.7
2022-04-02,Tablet,Electronics,South,3,2103.8,541.35
2024-06-20,Camera,Electronics,West,3,861.69,173.49
2024-05-19,Headphones,Accessories,West,3,2367.65,222.26
2023-01-16,Tablet,Electronics,South,5,2435.83,688.82
2023-07-01,Laptop,Electronics,East,8,6432.32,1924.98
2024-07-25,Smartwatch,Electronics,East,4,4324.42,833.11
2023-09-27,Mouse,Accessories,South,4,2628.41,727.87
2023-08-12,Keyboard,Accessories,West,8,8992.5,2018.64
2024-07-24,Laptop,Electronics,West,12,722.0,44.32
2022-07-26,Tablet,Electronics,South,3,2067.68,479.39
2024-12-03,Mouse,Accessories,South,9,3573.05,550.44
2023-08-15,#NAME, ,South,8,1800.93,142.86
2022-08-03,Headphones,Accessories,North,8,5640.35,747.26
2022-09-02,Tablet,Electronics,South,1,552.65,115.74
2022-04-25,Mouse,Accessories,South,7,1428.35,289.65
2022-10-30,Tablet,Electronics,North,6,6402.53,1366.28
2023-06-09,Monitor,Accessories,East,9,657.4,185.95
2023-01-13,Mouse,Accessories,West,7,5327.1,950.7
2024-01-27,Keyboard,Accessories,North,4,4196.15,1152.45
2023-11-04,Laptop,Electronics,East,4,2892.9,863.47
2024-08-07,Laptop,Electronics,West,9,2772.46,432.77
2024-07-13,Smartwatch,Electronics,North,6,4692.96,1044.97
2022-12-07,Mouse,Accessories,East,6,2742.07,334.48
2023-01-16,Smartphone,Electronics,North,16,17793.96,2309.92
2022-11-21,Mouse,Accessories,North,1,1172.415,192.595
2022-01-26,Headphones,Accessories,South,7,4186.58,655.53
2024-11-14,Tablet,Electronics,East,9,5238.74,1152.42
2022-10-20,Mouse,Accessories,North,1,1491.1,226.11
2024-05-14,Smartwatch,Electronics,West,4,2580.11,602.5
2024-01-17,Keyboard,Accessories,West,2,1337.68,335.8
2024-09-30,Laptop,Electronics,West,5,1600.47,242.25
2023-09-09,Smartwatch,Electronics,North,4,304.24,34.73
2024-05-24,Keyboard,Accessories,East,9,2070.6,457.39
2023-05-29,Camera,Electronics,South,6,6234.56,758.78
2024-01-27,Headphones,Accessories,South,2,396.85,46.33
2023-08-17,Mouse,Accessories,East,4,1174.62,122.09
2024-12-04,Headphones,Accessories,East,3,1989.71,299.79
2024-11-19,Mouse,Accessories,South,1,1138.81,243.36
2022-04-15,Tablet,Electronics,West,9,3321.97,689.64
2023-10-03,Camera,Electronics,South,4,4480.31,592.82
2023-02-14,Smartwatch,Electronics,East,3,1533.96,440.88
2024-02-10,Mouse,Accessories,East,1,109.48,10.35
2024-04-07,Smartphone,Electronics,South,8,4760.38,1189.72
2023-12-08,Laptop,Electronics,East,6,5112.02,1289.47
2023-04-02,Smartwatch,Electronics,North,8,9393.0,1753.08
2024-10-21,Laptop,Electronics,West,2,2386.86,381.83
2024-12-03,Smartwatch,Electronics,South,5,465.72,71.23
2023-04-19,Smartphone,Electronics,West,2,604.4,102.52
2022-10-02,Smartwatch,Electronics,East,2,2216.63,650.27
2023-06-06,Mouse,Accessories,East,4,1168.52,220.22
2022-01-26,Monitor,Accessories,South,7,4088.2,230.43
2022-02-24,Keyboard,Accessories,West,3,1298.775,76.045
2023-08-22,Smartwatch,Electronics,West,3,2151.44,322.03
2024-09-08,Laptop,Electronics,East,6,462.13,71.22
2022-10-23,Mouse,Accessories,North,3,2978.665,538.93
2023-12-13,Smartphone,Electronics,West,6,6978.31,2028.63
2024-10-20,Headphones,Accessories,South,1,282.77,72.5
2023-12-05,Camera,Electronics,East,1,157.82,27.65
2023-07-14,Monitor,Accessories,North,8,3304.19,404.33
2022-02-13,Headphones,Accessories,North,3,3051.31,201.26
2024-06-16,Mouse,Accessories,East,4,4041.455,891.775
2024-10-14,Laptop,Electronics,West,3,510.5,110.38
2024-04-20,Tablet,Electronics,East,8,3976.27,1170.36
2023-12-26,Smartphone,Electronics,East,9,828.49,59.99
2023-08-02,Camera,Electronics,North,4,3924.98,298.07
2022-11-30,Headphones,Accessories,West,2,2018.86,227.75
2024-09-08,Monitor,Accessories,West,3,2043.91,479.9
2024-06-07,Printer,Office,West,5,1035.75,187.12
2023-08-12,Smartwatch,Electronics,North,6,2724.03,675.53
2023-05-02,Camera,Electronics,East,1,1120.38,127.32
2024-10-26,Monitor,Accessories,North,6,3438.97,631.95
2022-09-27,Smartwatch,Electronics,West,5,3170.43,379.27
2023-06-25,Smartwatch,Electronics,East,4,660.02,83.96
2022-11-05,Tablet,Electronics,East,7,4669.49,1088.15
2022-08-12,Smartwatch,Electronics,West,5,1045.75,89.0
2022-02-27,Keyboard,Accessories,North,4,2724.51,229.47
2024-11-23,Tablet,Electronics,West,4,4252.07,445.18
2023-06-20,Keyboard,Accessories,South,3,1011.635,137.125
2024-03-16,Monitor,Accessories,South,8,9416.24,2125.54
2023-11-27,Monitor,Accessories,East,8,7560.3,494.34
2023-01-08,Monitor,Accessories,West,2,828.61,50.07
2023-12-07,Mouse,Accessories,West,1,527.7,27.45
2022-09-11,Keyboard,Accessories,North,1,580.255,103.245
2022-03-29,Mouse,Accessories,West,2,2715.115,155.43
2024-01-15,Tablet,Electronics,South,7,6874.62,454.53
2022-06-06,Mouse,Accessories,East,8,416.29,67.81
2023-11-18,Smartphone,Electronics,South,6,3361.08,280.54
2022-08-27,Mouse,Accessories,South,7,4340.96,383.9
2022-01-16,Laptop,Electronics,West,18,15301.94,4261.64
2024-04-03,Smartwatch,Electronics,West,8,6328.21,412.76
2022-08-19,Keyboard,Accessories,West,2,1312.41,344.0
2022-01-21,Camera,Electronics,East,9,8055.27,2300.17
2022-03-19,Camera,Electronics,South,2,840.05,153.61
2023-03-16,Tablet,Electronics,South,9,9423.67,2794.89
2023-12-30,Monitor,Accessories,North,8,6520.04,1113.12
2022-10-20,Laptop,Electronics,North,3,1950.72,116.12
2023-10-16,Camera,Electronics,South,6,5928.54,1177.2
2023-07-29,Camera,Electronics,South,7,4809.67,1418.72
2023-06-04,Smartphone,Electronics,West,4,357.0,23.4
2023-04-28,Laptop,Electronics,South,4,1140.9,188.78
2022-05-13,Monitor,Accessories,East,7,7791.42,907.96
2024-05-10,Smartwatch,Electronics,East,4,4168.66,494.48
2023-08-21,Tablet,Electronics,North,1,30470.07,5676.899
2024-01-05,Smartphone,Electronics,East,14,7714.04,895.98
2024-09-07,Camera,Electronics,North,5,3250.21,699.99
2023-05-07,Laptop,Electronics,West,12,6972.22,641.82
2022-08-05,Monitor,Accessories,West,7,1554.34,370.97
2024-07-19,Smartwatch,Electronics,North,3,2601.45,463.36
2023-02-01,Mouse,Accessories,West,5,3350.99,986.33
2023-12-20,Smartwatch,Electronics,South,5,2545.55,588.47
2024-08-26,Monitor,Accessories,East,1,545.21,68.28
2023-12-19,Mouse,Accessories,North,3,735.165,89.425
2023-11-30,Camera,Electronics,South,3,3126.78,870.95
2024-12-27,Laptop,Electronics,West,6,2737.06,604.58
2024-12-21,Headphones,Accessories,East,9,7083.65,1353.39
2022-09-03,Camera,Electronics,North,4,4716.03,1084.16
2024-02-29,Monitor,Accessories,South,1,975.6,125.85
2023-04-21,Smartphone,Electronics,West,18,19782.82,3548.06
2024-05-24,Smartwatch,Electronics,South,2,626.77,159.49
2024-05-19,Monitor,Accessories,East,8,5632.15,1620.04
2023-09-12,Tablet,Electronics,East,7,5285.7,629.07
2023-11-08,Camera,Electronics,East,2,516.33,122.77
2022-05-31,Monitor,Accessories,East,3,2139.9,503.08
2023-01-05,Laptop,Electronics,East,9,8136.15,1923.89
2024-10-25,Laptop,Electronics,West,10,4260.72,637.98
2024-12-16,Tablet,Electronics,East,8,5376.28,429.84
2023-08-05,Printer,Office,West,6,3006.32,730.14
2023-03-10,Monitor,Accessories,North,5,3350.32,389.95
2022-06-09,Headphones,Accessories,North,8,2416.81,403.38
2022-05-13,Monitor,Accessories,West,8,6160.56,684.71
2022-04-07,Printer,Office,East,4,2796.67,682.65
2024-12-19,Smartwatch,Electronics,South,7,7700.17,1573.41
2024-06-17,Smartwatch,Electronics,West,5,2095.09,193.93
2024-09-25,Camera,Electronics,North,5,5990.59,1548.62
2024-12-27,Smartwatch,Electronics,North,2,1206.41,307.02
2024-03-15,Smartwatch,Electronics,South,5,1330.84,285.78
2022-07-25,Camera,Electronics,West,6,2706.31,766.68
2023-01-14,Laptop,Electronics,East,3,426.14,50.8
2024-11-13,Tablet,Electronics,West,1,414.95,50.26
2024-06-29,Laptop,Electronics,East,10,10931.24,1092.66
2024-05-22,Tablet,Electronics,South,3,726.58,71.06
2022-04-30,Smartwatch,Electronics,East,1,1001.94,225.75
2022-02-16,Mouse,Accessories,West,4,3681.215,933.325
2022-05-14,Keyboard,Accessories,East,4,2284.01,576.59
2022-12-17,Tablet,Electronics,East,4,2940.25,566.36
2024-08-07,Smartphone,Electronics,North,3,3477.4,862.21
2024-08-04,Smartwatch,Electronics,West,9,4014.95,204.48
2024-08-07,Monitor,Accessories,North,8,7200.57,804.53
2024-04-03,Smartwatch,Electronics,West,3,735.74,134.53
2023-01-31,Monitor,Accessories,East,3,2964.36,446.54
2022-03-25,Camera,Electronics,West,9,3699.21,276.07
2022-05-14,Printer,Office,West,3,1563.33,221.62
2023-07-13,Mouse,Accessories,South,2,124.44,32.27
2023-07-03,Mouse,Accessories,North,2,416.26,71.68
2023-03-07,Camera,Electronics,South,8,2624.81,294.24
2023-12-24,Headphones,Accessories,East,8,8200.66,1978.93
2022-03-10,Mouse,Accessories,East,2,2807.505,357.79
2022-09-30,Printer,Office,East,5,3085.57,413.52
2024-12-07,Keyboard,Accessories,South,6,3198.95,913.76
2022-02-13,Camera,Electronics,West,4,1848.71,374.66
2023-04-11,Smartwatch,Electronics,North,4,652.06,116.06
2022-11-22,Mouse,Accessories,South,6,2940.3,609.99
2022-05-29,Headphones,Accessories,East,4,3912.21,454.89
2022-10-09,Tablet,Electronics,South,8,9392.98,891.07
2022-10-21,Monitor,Accessories,West,1,312.94,43.01
2023-11-24,Laptop,Electronics,East,9,7731.03,1459.74
2023-06-23,Tablet,Electronics,West,1,1081.2,229.32
2023-08-16,Smartphone,Electronics,West,6,1926.06,393.01
2022-07-26,Monitor,Accessories,East,3,936.58,88.51
2024-12-29,Laptop,Electronics,South,9,8550.26,1970.98
2023-08-24,Monitor,Accessories,North,4,2468.08,457.51
2023-09-04,Tablet,Electronics,West,3,801.38,90.34
2023-01-03,Laptop,Electronics,East,18,5310.4,1402.22
2023-11-30,Smartwatch,Electronics,West,8,3928.34,700.38
2024-07-11,Monitor,Accessories,East,8,6488.29,1438.34
2024-02-03,Headphones,Accessories,West,9,7695.29,1749.26
2022-04-14,Smartwatch,Electronics,North,7,1519.02,403.63
2024-01-19,Tablet,Electronics,West,3,3549.81,996.05
2024-09-12,Laptop,Electronics,East,6,3313.8,757.68
2024-08-24,Keyboard,Accessories,North,3,406.07,87.775
2022-12-25,Mouse,Accessories,North,2,1865.095,432.205
2023-12-24,Monitor,Accessories,South,1,1162.0,210.87
2022-05-18,Headphones,Accessories,North,3,2256.09,282.52
2024-09-28,Monitor,Accessories,East,1,359.8,78.17
2022-09-26,Mouse,Accessories,South,8,4248.84,831.54
2024-10-04,Camera,Electronics,South,5,1825.58,221.47
2024-09-25,Keyboard,Accessories,East,1,438.08,112.005
2023-01-03,Camera,Electronics,North,9,9180.19,2752.84
2024-03-26,Monitor,Accessories,West,5,1765.91,160.89
2022-10-06,Monitor,Accessories,South,2,1504.61,164.51
2022-06-30,Keyboard,Accessories,South,9,1881.52,430.78
2022-01-16,Keyboard,Accessories,East,4,3712.505,766.86
2022-10-16,Tablet,Electronics,East,9,720.15,192.83
2024-05-07,Smartphone,Electronics,West,5,2985.83,698.22
2022-01-04,Laptop,Electronics,North,9,711.56,200.11
2023-01-13,Mouse,Accessories,East,7,7966.84,955.8
2024-05-17,Laptop,Electronics,East,14,910.32,160.0
2024-10-15,Keyboard,Accessories,South,4,2520.195,232.68
2023-09-11,Mouse,Accessories,East,1,856.74,87.69
2023-07-20,Monitor,Accessories,West,5,5230.5,385.77
2022-03-19,Laptop,Electronics,South,5,4635.7,769.03
2024-12-07,Laptop,Electronics,East,12,11016.68,720.56
2023-06-06,Smartphone,Electronics,North,2,516.3,54.02
2023-07-13,Smartphone,Electronics,East,1,677.27,88.41
2023-07-10,Monitor,Accessories,West,5,4545.22,755.05
2024-09-09,Smartphone,Electronics,South,10,8741.42,2510.72
2023-01-06,Keyboard,Accessories,East,1,186.495,28.755
2024-09-05,Camera,Electronics,West,9,3177.56,629.96
2023-04-20,Tablet,Electronics,South,3,3360.53,759.31
2023-03-02,Smartphone,Electronics,West,2,1132.86,290.56
2024-10-05,Smartwatch,Electronics,East,5,1815.79,468.62
2023-11-11,Mouse,Accessories,North,0,229.85,62.595
2023-11-15,Smartphone,Electronics,West,2,2256.46,147.48
2024-10-30,Monitor,Accessories,East,6,1170.9,104.63
2022-08-01,Smartwatch,Electronics,North,5,4420.1,380.69
2024-02-29,Smartphone,Electronics,West,12,912.34,138.3
2024-02-25,Tablet,Electronics,North,2,1458.09,154.79
2024-06-24,Monitor,Accessories,West,7,2989.11,197.58
2024-12-20,Camera,Electronics,North,4,3424.2,845.68
2024-10-14,Mouse,Accessories,West,2,1226.76,124.25
2024-11-16,Laptop,Electronics,North,16,13520.82,2195.26
2023-09-25,Smartphone,Electronics,West,2,223.96,27.22
2023-06-09,Printer,Office,North,5,3275.6,222.29
2024-09-08,Headphones,Accessories,North,3,2508.85,498.69
2024-09-01,Keyboard,Accessories,South,8,904.46,202.35
2022-10-23,Smartphone,,South,6,1975.16,194.02
2022-01-29,Smartphone,Electronics,East,7,2968.55,728.94
2022-03-17,Mouse,Accessories,South,5,4200.55,746.86
2024-01-16,Smartwatch,Electronics,North,5,1645.87,313.66
2023-03-30,Laptop,Electronics,North,6,3924.04,762.96
2023-09-12,Headphones,Accessories,South,6,420.59,65.62
2023-11-22,Headphones,Accessories,West,2,1548.39,157.48
2023-05-10,Keyboard,Accessories,North,2,1592.245,239.135
2023-10-11,Monitor,Accessories,North,1,59.81,10.32
2024-05-18,Monitor,Accessories,South,8,5976.93,1016.99
2023-01-30,Mouse,Accessories,West,3,1791.41,122.5
2023-01-13,Smartwatch,Electronics,West,2,1644.14,189.32
2024-05-17,Tablet,Electronics,West,8,6584.94,544.62
2022-08-03,Headphones,Accessories,East,5,1620.8,325.87
2024-02-06,Mouse,Accessories,West,4,1368.385,203.61
2024-04-11,Monitor,Accessories,South,4,1064.22,274.47
2024-06-18,Camera,Electronics,South,7,2667.21,363.5
2024-12-18,Laptop,Electronics,East,2,117.38,22.5
2023-04-25,,,South,7,66879.87,16088.87
2023-09-17,Mouse,Accessories,East,4,3936.1,374.34
2022-11-23,Smartphone,Electronics,East,18,12204.68,1895.82
2024-05-17,Smartphone,Electronics,North,16,18816.88,1104.88
2022-12-14,Mouse,Accessories,South,9,7875.58,1243.56
2024-10-13,Keyboard,Accessories,North,4,4950.075,288.4
2024-10-16,Keyboard,Accessories,North,1,215.23,57.455
2023-09-18,Mouse,Accessories,South,3,813.07,238.1
2023-12-09,Camera,Electronics,South,4,4176.53,980.11
2023-10-02,Camera,Electronics,South,4,3084.91,348.38
2022-03-31,Mouse,Accessories,West,3,4004.48,796.825
2024-06-12,Smartwatch,Electronics,South,4,4608.65,963.5
2024-06-16,Headphones,Accessories,West,4,4356.21,614.62
2022-12-02,Laptop,Electronics,East,7,945.21,75.21
2022-11-12,Smartwatch,Electronics,North,4,2200.06,484.33
2024-12-30,Mouse,Accessories,North,0,373.305,65.625
2024-12-06,Monitor,Accessories,East,5,3505.18,678.18
2024-05-26,Monitor,Accessories,East,5,4795.3,819.12
2024-10-20,Monitor,Accessories,North,5,4590.83,650.05
2023-05-04,Monitor,Accessories,North,4,2092.9,467.02
2024-05-09,Mouse,Accessories,South,8,3568.37,334.13
2023-12-07,Smartphone,Electronics,West,18,20809.68,4056.42
2022-11-21,Laptop,Electronics,West,16,1329.2,253.2
2024-11-20,Tablet,Electronics,West,3,1923.11,274.0
2022-11-30,Printer,na,West,7,2471.85,566.51
2024-01-03,Smartphone,Electronics,North,4,516.14,128.24
2024-10-29,Smartwatch,Electronics,East,9,1134.79,267.26
2024-04-09,Smartwatch,Electronics,West,9,3231.04,670.85
2024-09-05,Tablet,Electronics,South,7,3591.09,266.59
2024-02-03,Camera,Electronics,East,2,254.77,20.48
2023-03-17,Smartphone,Electronics,South,5,5930.79,1193.32
2023-03-20,Laptop,Electronics,East,2,1840.1,196.62
2022-12-01,Laptop,Electronics,West,16,19024.26,1326.46
2023-01-21,Mouse,Accessories,North,2,1486.3,413.73
2024-05-23,Smartwatch,Electronics,West,3,3360.71,465.02
2022-10-24,Tablet,Electronics,West,4,1004.59,240.13
2024-12-25,Headphones,Accessories,West,2,1944.65,332.55
2023-09-18,Monitor,Accessories,East,5,5055.61,1200.09
2022-07-18,Smartwatch,Electronics,West,2,128.92,8.33
2024-03-09,Smartphone,Electronics,East,3,633.69,163.03
2022-12-14,Printer,Office,South,3,2523.56,506.7
2024-03-28,Monitor,Accessories,North,1,63.06,17.29
2023-07-02,Mouse,Accessories,South,4,1376.14,197.33
2024-11-11,Mouse,Accessories,West,3,1989.61,419.61
2024-03-09,Laptop,Electronics,East,8,8032.79,466.19
2022-01-21,Tablet,Electronics,South,6,3702.93,407.34
2022-10-17,Smartwatch,Electronics,East,8,456.85,90.24
2023-02-10,Camera,Electronics,West,7,5355.07,-2603.38
2024-03-04,Camera,Electronics,West,1,972.33,261.91
2022-01-08,Headphones,Accessories,South,5,3290.19,797.82
2022-11-24,Laptop,Electronics,East,2,1470.28,278.62
2024-10-24,Tablet,Electronics,North,3,3336.35,798.26
2022-10-03,Keyboard,Accessories,West,1,1041.405,173.265
2024-07-18,Keyboard,Accessories,East,1,670.255,64.945
2022-03-13,Laptop,Electronics,East,5,1160.28,227.13
2024-09-21,Monitor,Accessories,East,4,1272.47,299.84
2022-01-14,Printer,Office,West,3,2818.0,588.47
2024-03-05,Monitor,Accessories,East,3,1464.83,264.67
2022-10-01,Tablet,Electronics,West,6,5706.59,1306.92
2023-07-15,Keyboard,Accessories,West,1,1147.5,133.48
2023-02-11,Laptop,Electronics,North,4,660.22,133.14
2023-07-12,Monitor,Accessories,North,4,2176.07,250.89
2022-03-19,Headphones,Accessories,South,7,7616.33,1317.79
2024-04-03,Tablet,Electronics,East,2,1026.35,279.76
2024-11-17,Tablet,Electronics,West,2,210.52,42.04
2022-09-17,Printer,Office,North,2,180.91,10.78
2024-09-12,Tablet,Electronics,North,4,380.05,72.88
2023-08-13,Monitor,Accessories,West,8,7664.44,1580.55
2022-10-22,Smartphone,Electronics,East,8,6056.72,1029.9
,Mouse,Accessories,North,6,606.96,104.52
2024-03-30,Monitor,Accessories,North,3,750.2,193.86
2023-03-26,Laptop,Electronics,West,2,2162.43,355.45
2023-03-13,Headphones,Accessories,East,9,2223.84,347.01
2023-09-19,Smartphone,Electronics,West,14,8905.7,1840.1
2022-04-05,Headphones,Accessories,North,3,288.29,77.38
2024-01-24,Camera,Electronics,West,2,834.98,150.12
2023-08-20,Keyboard,Accessories,East,2,2012.645,461.585
2023-09-08,Headphones,Accessories,West,7,4732.94,1084.28
2024-03-16,Tablet,Electronics,North,7,1897.69,524.69
2022-04-16,Mouse,Accessories,East,4,840.5,190.13
2022-01-02,Mouse,Accessories,North,4,3300.395,180.225
2022-10-20,Laptop,Electronics,West,2,2362.6,342.27
2024-03-22,Tablet,Electronics,East,1,477.21,56.49
2022-06-04,Keyboard,Accessories,North,3,942.59,84.8
2023-01-21,Camera,Electronics,East,2,2084.4,586.72
2023-08-16,Tablet,Electronics,West,6,4584.87,473.37
2022-05-28,Printer,Office,East,1,1118.69,319.28
2024-04-30,Mouse,Accessories,North,9,4005.15,652.15
2024-03-04,Smartwatch,Electronics,East,5,4610.23,1293.37
2024-10-14,Keyboard,Accessories,South,1,551.4,86.84
2023-12-19,Mouse,Accessories,South,3,3288.335,949.835
2022-08-08,Headphones,Accessories,South,7,7763.3,1444.27
2024-03-02,Monitor,Accessories,East,7,2240.49,622.29
2022-12-04,Headphones,Accessories,East,6,5298.74,1209.88
2023-07-15,Smartwatch,Electronics,North,2,116.15,32.27
2022-02-02,Tablet,Electronics,East,8,6728.03,1140.19
2022-12-02,Monitor,Accessories,North,5,490.03,55.59
2024-01-26,Monitor,Accessories,North,7,2765.33,699.86
2022-04-21,Smartphone,Electronics,West,8,2680.14,598.97
2023-08-19,Camera,Electronics,East,2,2174.7,335.37
2024-04-11,Monitor,Accessories,North,9,5562.62,1258.12
2022-09-27,Smartphone,Electronics,East,8,9208.12,2595.33
2024-08-31,Smartphone,Electronics,West,8,9024.48,1093.42
2024-03-04,Camera,Electronics,West,9,7974.32,1965.96
2022-04-30,Monitor,Accessories,East,6,4944.09,1335.04
2024-07-05,Smartwatch,Electronics,West,9,4599.64,618.89
2024-03-21,Laptop,Electronics,East,6,4380.52,419.3
2024-10-20,Headphones,Accessories,South,2,2376.66,580.26
2023-01-03,Monitor,Accessories,South,9,6588.42,1800.9
2022-01-05,Mouse,Accessories,East,2,1872.76,360.04
2022-06-18,Camera,Electronics,North,5,5305.66,1389.25
2023-05-19,Tablet,Electronics,North,8,1608.26,332.12
2024-07-18,Monitor,Accessories,East,9,4977.33,745.81
2022-02-09,Smartphone,Electronics,East,7,4529.41,273.97
2024-04-15,Camera,Electronics,West,7,4690.51,319.42
2024-11-12,Keyboard,Accessories,East,4,2424.44,544.07
2024-11-27,Keyboard,Accessories,North,6,3594.59,610.77
2022-05-03,Keyboard,Accessories,North,7,3962.14,491.9
2024-03-14,Camera,Electronics,East,2,944.97,149.38
2022-12-20,Smartwatch,Electronics,West,6,6792.77,1787.97
2023-03-06,Tablet,Electronics,North,7,6804.91,1383.81
2024-09-20,Camera,Electronics,South,6,816.48,98.75
2022-07-10,Monitor,Accessories,North,6,5916.25,544.59
2022-06-17,Mouse,Accessories,South,5,5730.92,310.58
2024-05-13,Headphones,Accessories,East,7,8288.9,785.54
2022-06-24,Headphones,Accessories,South,2,2046.75,394.93
2022-06-05,Tablet,Electronics,East,9,5031.53,1149.48
2022-03-10,Keyboard,,South,9,1764.54,417.95
2022-07-23,Laptop,Electronics,South,16,3761.66,973.76
2023-12-25,Smartwatch,Electronics,West,2,200.59,10.45
2022-10-06,Mouse,Accessories,East,3,2688.08,476.77
2023-01-02,Laptop,Electronics,West,8,6432.82,427.62
2023-12-21,Camera,Electronics,East,8,8440.81,1504.18
2024-04-26,Tablet,Electronics,East,7,1582.75,208.42
2024-07-12,Laptop,Electronics,North,2,117.6,21.58
2022-03-26,Smartwatch,Electronics,West,8,608.6,163.18
2024-11-19,Smartphone,Electronics,North,3,183.64,41.82
2024-07-02,Monitor,Accessories,West,5,3105.31,744.26
2023-04-13,Monitor,Accessories,North,5,2450.61,485.18
2022-12-05,Laptop,Electronics,North,3,3024.53,622.29
2023-04-20,Printer,Office,East,4,3856.9,747.79
2024-03-11,Keyboard,Accessories,West,7,532.45,121.03
2023-02-19,Smartphone,Electronics,South,4,3152.7,307.62
2023-12-04,Monitor,Accessories,East,9,8586.11,1555.82
2022-10-21,Monitor,Accessories,South,2,1046.62,273.38
2022-02-15,Tablet,Electronics,West,4,3452.25,560.31
2022-03-12,Monitor,Accessories,West,4,2368.5,361.02
2022-10-20,Camera,Electronics,South,2,1924.48,422.25
2022-09-19,Laptop,Electronics,West,10,9161.58,2296.12
2024-11-02,Headphones,Accessories,East,5,3735.3,423.94
2023-05-13,Monitor,Accessories,North,4,2476.68,417.16
2023-07-13,Laptop,Electronics,South,4,325.76,33.02
2022-03-19,Keyboard,Accessories,East,2,1762.01,499.145
2023-05-27,Smartwatch,Electronics,South,8,6184.67,1796.9
2023-03-07,Monitor,Accessories,West,6,3750.1,645.69
2022-04-15,Mouse,Accessories,South,5,1465.02,424.64
2024-03-28,Camera,Electronics,North,4,4480.09,412.05
2024-02-29,Laptop,Electronics,North,8,1544.41,281.22
2024-01-21,Headphones,Accessories,North,9,7974.44,1181.04
2024-03-30,Printer,Office,East,5,5920.07,1679.15
2024-10-02,Smartwatch,Electronics,South,8,8792.73,2045.54
2023-12-18,Smartwatch,Electronics,East,1,294.47,52.37
2022-01-23,Camera,Electronics,East,7,1169.26,264.37
2024-02-14,Camera,Electronics,West,8,9232.61,880.52
2023-10-09,Headphones,Accessories,South,4,1396.36,135.48
2024-01-23,Camera,Electronics,North,9,10188.57,1408.18
2022-09-13,Monitor,Accessories,West,2,222.29,23.65
2024-04-03,Monitor,Accessories,West,2,1328.24,358.07
2024-08-02,Mouse,Accessories,West,3,1245.6,229.73
2022-08-18,Tablet,Electronics,South,2,960.95,124.02
2024-03-03,Smartphone,Electronics,West,9,5553.84,329.79
2023-09-10,Keyboard,Accessories,North,2,1790.28,236.76
2024-07-11,Keyboard,Accessories,West,4,1356.46,123.92
2024-05-06,Laptop,Electronics,North,1,632.66,89.14
2022-12-05,Keyboard,Accessories,South,0,180.655,29.4
2022-02-11,Printer,Office,West,9,7290.47,841.07
2024-03-08,Smartwatch,Electronics,South,4,2052.31,181.64
2024-05-21,Mouse,Accessories,North,1,921.005,56.425
2023-12-06,Mouse,Accessories,North,4,5296.675,1244.345
2022-08-28,Camera,Electronics,South,6,1218.08,129.36
2023-11-19,Mouse,Accessories,South,5,4240.43,426.41
2024-10-29,Keyboard,Accessories,East,1,113.34,19.26
2022-03-25,Camera,Electronics,East,6,5154.48,1072.8
2023-07-30,Mouse,Accessories,North,3,618.345,152.44
,Tablet,Electronics,South,1,1179.99,159.42
2023-05-21,Smartwatch,Electronics,North,7,6188.66,1231.3
2023-09-10,Headphones,Accessories,South,5,5085.66,1172.12
2022-05-02,Keyboard,Accessories,North,2,712.8,205.53
2023-02-03,Smartwatch,Electronics,East,6,648.71,62.25
2023-02-02,Mouse,Accessories,North,5,2735.66,483.2
2022-05-15,Smartwatch,Electronics,South,1,263.66,69.39
2023-12-05,Smartphone,Electronics,North,4,1752.88,133.36
2023-11-05,Mouse,Accessories,West,0,456.645,81.12
2024-10-13,Laptop,Electronics,South,18,1188.12,187.84
2024-06-17,Laptop,Electronics,East,7,7301.55,2026.43
2023-05-14,Headphones,Accessories,South,6,5754.8,1628.61
2024-01-18,Smartphone,Electronics,North,3,885.91,150.79
2024-12-30,Camera,Electronics,North,1,379.06,39.41
2024-05-04,Keyboard,Accessories,West,2,2156.42,194.24
2023-06-06,Mouse,Accessories,East,2,2515.145,270.365
2022-01-31,Smartphone,Electronics,West,2,1438.42,315.83
2022-04-07,Keyboard,Accessories,South,1,419.77,108.36
2022-02-24,Headphones,Accessories,East,3,3519.55,935.72
2022-04-03,Tablet,Electronics,East,8,2912.99,451.97
2023-02-20,Smartphone,Electronics,North,5,4005.45,226.09
2023-08-22,Smartwatch,Electronics,South,5,2075.38,271.71
2023-02-23,Laptop,Electronics,South,2,120.43,7.74
2024-08-12,Camera,Electronics,North,4,564.18,32.8
2023-10-01,Smartwatch,Electronics,East,2,486.13,62.58
2023-04-15,Smartwatch,Electronics,East,2,1488.44,342.87
2023-02-24,Laptop,Electronics,West,6,3096.28,277.68
2022-11-04,Smartwatch,Electronics,West,8,6488.17,1845.07
2024-04-11,Smartwatch,Electronics,West,4,4284.76,848.44
2022-07-05,Smartwatch,Electronics,North,8,1864.62,110.81
2024-05-08,Camera,Electronics,West,5,4435.1,954.12
2024-10-03,Camera,Electronics,East,4,3296.75,460.98
2023-05-05,Mouse,Accessories,East,1,390.255,108.96
2022-06-02,Smartwatch,Electronics,East,7,4396.15,962.61
2023-05-02,Keyboard,Accessories,South,6,1362.01,202.68
2022-01-13,Mouse,Accessories,East,3,1921.64,189.015
2022-04-07,Mouse,Accessories,South,5,1210.62,201.45
2023-07-18,Monitor,Accessories,West,6,3366.23,614.22
2024-06-07,Tablet,Electronics,West,9,6507.54,1075.51
2024-05-14,Mouse,Accessories,South,1,384.21,35.36
2022-01-05,Laptop,Electronics,South,10,7251.96,1127.9
2022-12-14,Tablet,Electronics,South,1,400.52,45.16
2022-02-22,Monitor,Accessories,North,5,2880.12,209.58
2023-02-08,Headphones,Accessories,South,2,1574.23,196.84
2024-09-13,Keyboard,Accessories,East,1,1239.12,292.185
2023-07-29,Headphones,Accessories,West,3,171.09,9.02
2024-11-20,Keyboard,Accessories,South,4,2268.26,313.565
2024-06-09,Headphones,Accessories,South,3,1308.97,73.28
2022-10-27,Laptop,Electronics,North,8,8096.52,1282.46
2022-05-29,Tablet,Electronics,East,9,4041.36,963.58
2024-05-24,Headphones,Accessories,South,5,5665.45,332.46
2023-11-29,Mouse,Accessories,South,3,3438.005,514.96
2023-03-02,Monitor,Accessories,South,1,617.22,145.37
2022-09-15,Monitor,Accessories,South,6,1440.42,130.4
2024-04-17,Smartwatch,Electronics,East,8,473.0,116.36
2023-06-30,Laptop,Electronics,North,5,5640.8,1227.77
2022-10-26,Headphones,Accessories,West,6,2640.88,668.12
2024-07-13,Smartphone,Electronics,South,3,768.73,72.67
2024-02-22,Keyboard,Accessories,South,1,725.41,81.96
2024-04-28,Headphones,Accessories,North,8,1080.33,210.69
2024-10-30,Headphones,Accessories,South,1,393.75,40.34
2024-06-11,Smartwatch,Electronics,North,4,1264.06,371.92
2022-09-03,Headphones,Accessories,South,9,4797.19,1193.95
2022-03-27,Tablet,Electronics,East,8,2080.45,151.14
2022-02-16,Camera,Electronics,West,4,3812.09,312.8
2024-02-25,Mouse,Accessories,West,2,1847.605,231.785
2022-01-31,Mouse,Accessories,South,0,579.92,172.11
2024-08-06,Tablet,Electronics,West,9,4150.0,605.52
2023-12-05,Keyboard,Accessories,East,2,1446.84,171.73
2024-07-24,Laptop,Electronics,South,1,225.58,48.82
2022-12-09,,,South,1,7139.73,720.04
2023-09-15,Tablet,Electronics,West,7,3164.62,166.4
2022-10-28,Smartwatch,Electronics,East,1,498.3,38.67
2024-09-13,Headphones,Accessories,North,5,2805.23,438.89
2022-11-01,Monitor,Accessories,East,5,5180.95,726.62
2022-06-07,Camera,Electronics,North,5,4045.8,203.35
2024-06-22,Laptop,Electronics,North,18,17587.12,4524.86
2024-08-08,Headphones,,South,8,2592.46,526.38
2022-02-08,Keyboard,Accessories,East,7,7819.37,1708.84
2024-07-11,Smartwatch,Electronics,North,7,2919.33,325.35
2023-12-02,Smartphone,Electronics,West,2,1736.36,388.09
2023-07-18,Smartwatch,Electronics,South,7,6293.41,389.22
2024-03-21,Headphones,Accessories,South,6,3684.95,477.02
2023-08-24,Keyboard,Accessories,South,4,3788.24,-7662.67
2023-08-22,Laptop,Electronics,West,16,16592.7,3768.36
2022-10-10,Tablet,Electronics,West,5,325.75,21.01
2024-08-16,Camera,Electronics,North,2,2216.25,444.36
2022-01-31,Laptop,Electronics,North,16,14128.2,3746.04
2024-08-08,Mouse,Accessories,East,9,2538.52,575.41
2022-01-18,Keyboard,Accessories,East,0,358.8,68.635
2022-01-12,Smartwatch,Electronics,East,8,3048.35,444.3
2024-02-19,Keyboard,Accessories,South,1,1035.385,81.615
2023-08-14,Camera,Electronics,East,5,3630.58,537.93
2022-04-13,Tablet,Electronics,East,7,896.6,219.98
2024-02-29,Tablet,Electronics,East,7,1981.17,311.44
2023-07-16,Headphones,Accessories,West,6,7140.56,605.22
2023-04-13,Monitor,Accessories,North,5,1015.87,85.06
2023-07-19,Smartwatch,Electronics,North,2,1678.42,372.78
2023-05-26,Tablet,Electronics,South,4,3260.67,969.76
2024-10-18,Headphones,Accessories,South,5,720.37,214.31
2022-06-18,Tablet,Electronics,South,9,3096.95,505.08
2024-09-06,Keyboard,Accessories,South,2,700.14,136.695
2023-02-05,Smartwatch,Electronics,North,4,508.55,37.94
2022-09-16,Tablet,Electronics,East,7,2646.61,380.83
2024-03-07,Mouse,Accessories,East,1,357.14,79.86
2023-12-28,Tablet,Electronics,North,1,373.9,53.15
2023-03-24,Smartphone,Electronics,East,2,533.0,111.04
2024-10-07,Smartphone,Electronics,North,4,344.48,25.7
2024-06-17,Smartphone,Electronics,North,7,1806.71,308.92
2024-06-28,Smartwatch,Electronics,West,7,3094.97,463.72
2024-06-02,Keyboard,Accessories,East,2,252.38,67.37
2022-04-27,Camera,Electronics,East,9,2691.09,761.16
2022-06-05,Smartwatch,Electronics,South,4,3236.3,655.18
2022-04-27,Laptop,Electronics,East,8,2153.94,249.12
2022-08-10,Tablet,Electronics,North,4,1428.18,160.54
2022-04-22,Keyboard,Accessories,East,5,1000.67,292.04
2022-06-10,Smartwatch,Electronics,South,9,3429.69,998.82
2023-10-17,Monitor,Accessories,West,5,4730.77,1416.1
2023-11-04,Monitor,Accessories,South,6,6630.06,512.6
2024-10-22,Camera,Electronics,South,7,2296.4,138.93
2023-01-15,Monitor,Accessories,East,7,7420.49,1107.31
2022-06-11,Keyboard,Accessories,South,7,4039.04,420.29
2023-05-19,Laptop,Electronics,East,2,990.42,76.87
2023-08-05,Laptop,Electronics,West,1,733.76,54.11
2024-01-24,Smartphone,Electronics,East,3,2421.86,334.61
2024-03-14,Keyboard,Accessories,East,8,832.67,214.81
2022-05-13,Smartwatch,Electronics,East,1,483.88,98.15
2023-02-27,Keyboard,Accessories,North,6,2508.45,480.48
2023-10-01,Keyboard,Accessories,North,7,4032.4,426.13
2022-04-15,Keyboard,Accessories,East,8,3208.9,840.97
2024-05-10,Smartwatch,Electronics,South,6,3402.59,857.61
2024-12-06,Headphones,Accessories,North,1,541.43,52.5
2022-02-08,Smartwatch,Electronics,West,7,1806.92,129.6
2024-08-03,Headphones,Accessories,South,3,2433.64,515.28
2023-11-10,Keyboard,Accessories,East,6,5880.58,454.19
2023-05-24,Mouse,Accessories,West,3,3375.51,451.5
2024-05-30,Tablet,Electronics,North,8,6960.84,1913.58
2024-08-06,Keyboard,Accessories,West,2,158.49,16.395
2022-10-10,Tablet,Electronics,North,9,1404.13,89.43
2024-03-08,Keyboard,Accessories,North,4,2911.81,239.11
2024-05-31,Tablet,Electronics,West,7,1169.6,69.41
2022-10-15,Smartwatch,Electronics,North,7,7154.6,1177.51
2024-01-29,Keyboard,Accessories,West,2,370.75,102.74
2024-03-16,Monitor,Accessories,West,1,430.5,113.57
2022-04-28,Smartwatch,Electronics,West,1,946.83,280.53
2024-05-20,Tablet,Electronics,South,8,984.44,73.84
2022-11-26,Keyboard,Accessories,East,4,733.545,186.085
2023-08-16,Smartphone,Electronics,South,-1,2444.72,155.42
2023-11-02,Mouse,Accessories,North,9,8640.61,1254.3
2023-07-17,Smartwatch,Electronics,West,9,3861.16,536.04
2022-07-24,Keyboard,Accessories,North,0,434.325,30.06
2024-11-03,Laptop,Electronics,South,18,3493.46,521.0
2024-08-19,Printer,Office,South,1,915.8,129.08
2024-09-15,Smartwatch,Electronics,East,9,3591.28,423.0
2023-01-28,Camera,Electronics,East,6,2562.65,612.36
2022-11-28,Smartwatch,Electronics,West,9,5382.85,1037.04
2024-11-18,Smartwatch,Electronics,East,4,2792.75,170.96
2023-05-23,Monitor,Accessories,West,7,6377.75,1332.86
2024-05-17,Smartphone,Electronics,East,16,10529.1,2103.0
2023-12-18,Laptop,Electronics,North,4,2693.8,393.0
2023-08-19,Camera,Electronics,South,7,7301.58,1311.65
2023-04-20,Keyboard,Accessories,South,2,2016.44,198.26
2022-06-30,Laptop,Electronics,North,12,2532.44,441.0
2023-04-11,Mouse,Accessories,West,1,70.37,17.59
,Camera,Electronics,East,8,6520.38,1073.62
2022-02-19,Keyboard,Accessories,East,0,291.005,14.955
2024-04-27,,na,South,1,504.92,143.12
2022-10-06,Monitor,Accessories,South,6,6834.39,1211.75
2022-10-01,Headphones,Accessories,West,8,5712.72,1191.02
2023-05-09,Laptop,Electronics,South,10,8971.86,695.98
2024-06-02,Headphones,Accessories,West,8,2304.7,291.46
2024-06-23,Mouse,Accessories,North,3,3288.09,407.78
2022-11-16,Keyboard,Accessories,South,9,10629.83,2843.54
2022-03-12,Camera,Electronics,East,1,706.49,153.59
2022-04-16,Headphones,Accessories,South,1,977.71,103.82
2023-04-16,Smartwatch,,South,4,776.22,73.16
2022-10-12,Tablet,Electronics,West,4,3932.72,309.43
2022-10-29,Keyboard,Accessories,East,1,631.89,184.23
2022-08-01,Keyboard,Accessories,East,4,3532.135,372.62
2023-04-20,Keyboard,Accessories,West,4,4740.82,746.77
2023-12-28,Tablet,Electronics,South,7,2009.61,183.19
2024-04-18,Smartphone,Electronics,East,2,2110.44,548.12
2024-09-26,Mouse,Accessories,West,1,95.28,6.97
2023-11-19,Smartwatch,Electronics,East,1,384.55,83.58
2023-04-23,Tablet,Electronics,North,3,3471.0,200.08
2023-06-20,Tablet,Electronics,West,4,2048.81,507.01
2022-08-05,Monitor,Accessories,South,8,9296.14,2581.06
2022-05-28,Laptop,Electronics,West,8,5272.72,1188.16
2024-01-18,Headphones,Accessories,East,1,619.9,127.58
2023-04-27,Laptop,Electronics,North,2,897.44,106.4
2022-06-10,Keyboard,Accessories,North,9,5004.13,1313.13
2023-12-05,Keyboard,Accessories,North,2,2358.495,352.495
,Printer,Office,West,9,7506.61,827.17
2024-01-11,Keyboard,Accessories,North,3,2047.605,441.78
2024-07-31,Smartwatch,Electronics,North,7,4459.05,1037.27
2022-10-31,Tablet,Electronics,South,5,620.33,62.49
2022-08-17,Smartwatch,Electronics,West,2,2362.43,185.89
2022-03-28,Printer,Office,North,2,606.64,154.99
2024-07-26,Camera,Electronics,East,4,1084.85,134.42
2022-02-04,Laptop,Electronics,North,16,5761.46,631.74
2023-04-20,Laptop,Electronics,West,16,9088.82,1454.1
2024-09-08,Mouse,Accessories,West,2,278.355,42.815
2023-11-30,Laptop,Electronics,North,5,505.62,71.97
2023-03-03,Tablet,Electronics,West,5,2595.35,774.2
2023-01-24,Headphones,Accessories,South,5,2820.4,737.68
2023-10-29,Keyboard,Accessories,East,1,509.22,148.605
2023-03-04,Laptop,Electronics,East,4,944.73,176.56
2023-08-30,Tablet,Electronics,East,1,610.19,44.99
2024-05-25,Camera,Electronics,South,4,912.48,81.65
2023-04-02,Monitor,Accessories,West,9,10413.88,1738.63
2024-02-14,Mouse,Accessories,West,1,574.47,86.945
2024-05-01,Monitor,Accessories,East,8,8824.84,597.1
2022-06-17,Headphones,Accessories,North,5,2240.12,159.58
2022-02-17,Camera,Electronics,North,2,1312.29,386.79
2023-02-02,Laptop,Electronics,South,9,10620.79,2946.93
2024-09-30,Tablet,Electronics,East,2,2178.05,574.4
2024-05-12,Monitor,Accessories,East,3,1671.84,94.52
2024-07-28,Monitor,Accessories,East,3,2025.34,355.59
2024-11-01,Mouse,Accessories,East,3,1443.27,177.66
2023-01-08,Headphones,Accessories,East,4,3280.77,826.94
2022-05-18,Tablet,Electronics,West,2,1768.81,375.86
2022-12-19,Camera,Electronics,West,7,6937.59,1753.02
2024-09-21,Smartwatch,Electronics,North,6,3012.73,307.47
2024-02-16,Smartphone,Electronics,East,12,8112.0,904.28
2024-08-03,Smartwatch,Electronics,West,1,952.09,179.4
2022-05-29,Smartphone,Electronics,North,3,1674.28,106.24
2024-02-13,Smartwatch,Electronics,East,5,4315.47,1019.91
2023-12-15,Mouse,Accessories,North,3,861.12,81.195
2022-09-14,Keyboard,Accessories,South,2,1447.71,167.175
2023-07-28,Tablet,Electronics,North,2,1280.13,335.22
2022-04-10,Headphones,Accessories,East,5,4295.83,414.42
2022-07-09,Keyboard,Accessories,North,6,3816.81,623.78
2024-04-09,Headphones,Accessories,East,7,6335.65,1137.08
2024-11-11,Mouse,Accessories,West,1,157.82,39.205
2024-11-27,Camera,Electronics,East,2,626.34,168.82
2024-05-23,Smartwatch,Electronics,South,1,1140.93,85.75
2022-11-16,Smartphone,Electronics,North,10,1180.84,105.1
2022-04-21,Tablet,Electronics,East,1,631.9,99.31
2024-09-04,Monitor,Accessories,South,8,1944.41,134.94
2024-03-24,Smartphone,Electronics,North,6,5100.25,1461.79
2024-09-24,Keyboard,Accessories,South,6,1092.5,176.52
2023-08-12,Monitor,Accessories,West,7,4662.93,1007.43
2023-01-18,Headphones,Accessories,West,7,4312.98,1088.34
2022-10-20,Mouse,Accessories,North,3,2028.24,407.55
2023-11-23,Headphones,Accessories,North,3,534.34,120.53
2023-07-11,Tablet,Electronics,South,5,4880.65,829.03
2024-10-25,Tablet,Electronics,West,8,8336.87,782.8
2023-05-08,Mouse,Accessories,North,8,9232.06,490.66
2022-01-07,Smartphone,Electronics,South,3,2031.67,466.25
2022-01-10,Smartwatch,Electronics,North,3,2412.28,640.35
2023-12-03,Smartphone,Electronics,East,2,2079.26,274.48
2023-01-03,Camera,Electronics,West,6,696.53,100.78
2024-06-26,Laptop,Electronics,North,16,12320.28,3234.64
2022-12-15,Camera,Electronics,East,3,447.44,58.4
2023-04-29,Keyboard,Accessories,West,6,6102.77,364.82
2024-04-03,Camera,Electronics,South,9,5085.19,1372.83
2024-08-16,Laptop,Electronics,North,14,6076.86,317.64
2024-03-11,Headphones,Accessories,West,1,882.42,215.24
2023-03-15,Monitor,Accessories,West,6,2490.85,720.06
2024-08-05,Camera,Electronics,North,1,635.35,101.09
2024-07-05,Laptop,Electronics,East,1,1083.71,152.5
2023-08-10,Keyboard,Accessories,West,3,360.12,72.13
2022-04-09,Smartwatch,Electronics,North,6,1242.1,87.37
2023-08-02,Smartwatch,Electronics,West,5,5845.85,978.75
2023-03-29,Smartwatch,Electronics,West,1,835.77,131.7
2022-05-16,Monitor,Accessories,South,2,2314.72,305.42
2023-02-04,Smartwatch,Electronics,East,7,6041.53,776.09
2022-03-23,Mouse,Accessories,North,1,184.675,9.61
2022-08-12,Tablet,Electronics,West,5,1635.55,321.84
2022-04-07,Keyboard,Accessories,West,1,1033.68,232.695
2022-03-04,Smartphone,Electronics,West,6,7128.15,544.54
2022-06-10,#NAME,,East,5,117111.09,12923.73
2022-06-18,Smartphone,Electronics,West,8,8032.04,1987.82
2024-12-16,Camera,Electronics,South,2,376.32,99.16
2024-06-22,Smartphone,Electronics,South,7,4144.24,426.39
2024-11-04,Camera,Electronics,South,4,2228.19,293.25
2022-11-15,Tablet,Electronics,West,1,1178.48,182.76
2024-04-27,Mouse,Accessories,North,5,2505.27,303.61
2024-02-28,Smartwatch,Electronics,West,4,1872.1,418.05
2023-12-29,Printer,Office,West,2,340.15,59.56
2023-03-08,Laptop,Electronics,West,2,1178.98,317.7
2023-12-12,Laptop,Electronics,West,3,2598.71,560.82
2022-02-17,Tablet,Electronics,North,1,502.08,92.31
2024-01-24,Laptop,Electronics,South,6,7152.74,1092.88
2023-02-07,Keyboard,Accessories,East,1,1206.5,234.135
2022-02-03,Keyboard,Accessories,West,2,2116.56,159.3
2024-12-16,Laptop,Electronics,North,1,707.36,100.16
2022-11-11,Mouse,Accessories,South,4,328.515,54.695
2024-10-14,Laptop,Electronics,South,10,10691.68,2120.92
2024-01-27,Tablet,Electronics,South,8,4032.93,251.05
2022-08-30,Camera,Electronics,South,4,3840.21,552.57
2023-01-23,Monitor,Accessories,East,5,575.51,47.35
2023-01-02,Laptop,Electronics,West,9,9315.36,1808.68
2024-11-25,Mouse,Accessories,East,7,3423.06,435.06
2023-11-07,Monitor,Accessories,South,6,3942.85,748.74
2024-07-15,Laptop,Electronics,South,4,1149.0,140.32
2022-03-02,Headphones,Accessories,North,7,952.95,215.51
2023-11-25,Smartphone,Electronics,West,9,9090.34,937.69
2022-05-10,Tablet,Electronics,West,2,1166.58,170.11
2024-01-09,Keyboard,Accessories,South,1,1462.82,216.975
2023-12-25,Camera,Electronics,South,5,3455.75,867.55
2022-12-06,Smartphone,Electronics,North,4,3229.62,662.6
2024-08-07,Mouse,Accessories,West,7,1771.62,171.26
2023-01-06,Printer,Office,South,6,5658.01,1504.97
2024-09-25,Mouse,Accessories,East,4,4230.25,757.53
2024-02-02,Laptop,Electronics,North,12,4393.88,1144.34
2024-07-05,Keyboard,Accessories,East,2,1696.74,500.56
2024-10-19,Keyboard,Accessories,North,2,1835.205,395.335
2024-10-10,Keyboard,Accessories,South,2,1468.13,102.275
2024-01-29,Monitor,Accessories,West,5,5165.49,283.6
2024-09-06,Camera,Electronics,East,5,5940.11,467.31
2023-06-07,Smartwatch,Electronics,East,6,2664.37,520.3
2024-08-22,Headphones,Accessories,North,4,1340.41,309.8
2022-10-15,Monitor,Accessories,East,9,9657.82,1233.47
2022-06-28,Camera,Electronics,North,8,2592.77,191.66
2023-06-10,Camera,Electronics,West,4,1168.07,135.36
2023-03-23,Headphones,Accessories,South,8,5920.18,1241.27
2022-02-17,Smartphone,Electronics,West,4,4520.6,536.94
2023-09-19,Printer,Office,West,8,7016.32,1490.07
2024-03-29,Headphones,Accessories,North,6,546.69,79.94
2024-12-02,Laptop,Electronics,East,2,1679.46,457.44
2024-07-24,Tablet,Electronics,South,8,5176.19,619.45
2023-04-02,Laptop,Electronics,West,4,280.09,24.9
2024-12-28,Monitor,Accessories,North,9,2097.6,210.59
2024-05-24,Mouse,Accessories,West,3,2316.3,399.58
2023-02-09,Keyboard,Accessories,North,4,1088.9,283.61
2023-09-17,Camera,Electronics,North,2,1314.85,391.55
2023-05-07,Mouse,Accessories,North,4,3980.205,402.055
2023-11-22,Printer,Office,North,8,2856.99,350.32
2022-06-16,Smartwatch,Electronics,West,4,1680.5,385.92
2024-11-20,Monitor,Accessories,North,4,4464.77,1069.63
2023-06-08,Smartphone,Electronics,East,6,2940.7,184.97
2022-06-12,Monitor,Accessories,West,8,1272.47,344.45
2022-09-06,Monitor,Accessories,North,3,3153.56,563.56
2024-03-23,Smartphone,Electronics,West,4,2536.01,285.72
2022-03-16,Tablet,Electronics,South,3,2508.94,431.53
2024-10-18,Tablet,Electronics,East,1,123.06,12.36
2023-07-30,Smartphone,Electronics,South,3,2379.95,148.68
2023-05-31,Smartwatch,Electronics,West,9,9054.3,644.36
2023-12-08,Camera,Electronics,South,9,9936.45,2797.45
2022-12-21,Smartphone,Electronics,East,1,393.55,41.05
2024-08-19,Printer,Office,East,2,308.74,35.32
2024-10-26,Tablet,Electronics,South,5,4900.4,347.25
2024-08-24,Laptop,Electronics,South,1,927.82,103.95
2023-11-23,Keyboard,Accessories,East,1,266.22,22.42
2024-07-20,Smartwatch,Electronics,East,8,3272.04,460.82
2022-12-10,Mouse,Accessories,East,5,4350.74,688.77
2024-07-27,Keyboard,Accessories,East,0,353.41,31.91
2024-05-24,Laptop,Electronics,North,6,427.96,61.36
2023-10-25,Smartphone,Electronics,East,4,3229.16,752.62
2023-02-09,Mouse,Accessories,West,8,6232.81,499.63
2023-02-03,Printer,Office,North,4,3864.16,717.45
2023-02-01,Mouse,Accessories,East,3,2472.305,379.23
2023-11-16,Printer,Office,South,4,4680.01,301.91
2022-01-29,Mouse,Accessories,South,8,2112.06,418.58
2022-04-24,Monitor,Accessories,East,6,7140.65,869.93
2022-10-19,Keyboard,Accessories,East,0,375.105,18.985
2022-08-12,Mouse,Accessories,East,4,392.19,39.23
2024-10-02,Laptop,Electronics,South,8,4817.56,1443.6
2023-09-13,Monitor,Accessories,East,2,2016.63,151.4
2022-07-25,Monitor,Accessories,South,4,464.86,47.93
2023-12-09,Headphones,Accessories,East,1,832.11,227.11
2022-04-23,Smartphone,Electronics,East,2,600.98,91.62
2024-07-06,Monitor,Accessories,North,6,2856.23,226.53
2022-12-10,Tablet,Electronics,West,5,3380.54,287.05
,Tablet,,North,5,400.08,86.52
2022-10-14,Camera,Electronics,North,1,722.73,49.7
2024-11-23,Laptop,Electronics,South,8,9192.64,1894.9
2023-04-08,Keyboard,Accessories,West,4,588.19,156.79
2022-07-21,Camera,Electronics,North,2,644.28,45.72
2022-11-07,Smartphone,Electronics,West,16,1088.26,81.56
2023-05-30,Monitor,Accessories,East,2,586.31,101.64
2022-04-30,Keyboard,Accessories,North,5,3835.92,229.11
2023-05-11,Keyboard,Accessories,South,9,1125.39,138.49
2023-09-11,Camera,Electronics,South,3,3399.51,489.36
2022-03-03,Monitor,Accessories,East,6,5370.81,1501.06
2024-03-30,Keyboard,Accessories,West,1,1165.595,209.63
2022-06-27,Laptop,Electronics,East,9,10728.73,1967.84
2023-03-02,Monitor,Accessories,West,8,9056.4,1860.37
2024-11-04,Monitor,Accessories,West,9,4581.88,250.06
2024-10-01,Camera,Electronics,North,3,1074.87,240.44
2023-06-17,Tablet,Electronics,West,4,4572.53,1199.49
2023-11-20,Laptop,Electronics,South,14,16282.02,1302.32
2024-05-04,Mouse,Accessories,South,2,906.55,59.06
2023-04-22,Headphones,Accessories,South,7,1582.95,278.14
2024-01-31,Mouse,Accessories,West,3,1653.09,108.455
,Keyboard,Accessories,East,1,94.615,16.97
2023-08-12,Laptop,Electronics,South,4,1224.5,348.91
2023-02-08,Camera,Electronics,South,7,5621.97,1390.73
2024-01-16,Tablet,Electronics,West,6,966.91,246.21
2023-08-02,Tablet,Electronics,West,9,1728.8,179.64
2024-01-13,Mouse,Accessories,West,4,3069.185,739.285
2024-11-20,Monitor,Accessories,South,4,964.23,184.03
2023-10-13,Smartphone,Electronics,South,14,9395.22,1952.52
2022-05-09,Smartphone,Electronics,West,4,2465.24,311.04
2022-12-21,Monitor,Accessories,West,7,6384.42,734.79
2024-11-22,Mouse,Accessories,West,2,390.18,81.36
2022-05-08,Mouse,Accessories,South,0,581.295,110.465
2023-02-10,Mouse,Accessories,South,8,7520.01,995.03
2024-03-26,Headphones,Accessories,South,7,2387.71,463.92
2023-10-20,Keyboard,Accessories,East,8,2256.77,316.77
2024-06-06,Monitor,Accessories,North,8,7792.32,913.12
2023-05-24,Laptop,Electronics,East,8,3944.68,296.35
2023-12-17,Smartphone,Electronics,South,4,1645.04,366.9
2024-06-20,Headphones,Accessories,North,3,1962.7,469.94
2023-06-20,Tablet,Electronics,North,2,1980.94,125.99
2024-12-08,Headphones,Accessories,West,4,3996.03,965.26
2022-07-18,Smartwatch,Electronics,North,1,663.76,183.82
2023-10-05,Laptop,Electronics,South,1,575.46,104.31
2023-09-04,Tablet,Electronics,South,1,187.33,33.76
2023-08-01,Tablet,Electronics,East,7,6216.69,378.24
2022-03-05,Camera,Electronics,South,1,189.15,19.02
2022-08-13,Tablet,Electronics,South,2,358.41,41.46
2022-04-17,Keyboard,Accessories,North,6,6192.83,316.23
2023-05-25,Tablet,Electronics,East,7,4382.19,592.46
2024-10-20,Keyboard,Accessories,East,2,1122.54,100.78
2022-06-21,Laptop,Electronics,North,8,8192.02,2081.72
2022-08-22,Laptop,Electronics,South,6,2658.3,200.79
2023-03-17,Tablet,Electronics,West,6,606.85,127.68
2024-11-02,Monitor,Accessories,South,8,448.69,45.43
2022-02-13,Tablet,Electronics,South,6,1944.89,366.18
2022-02-07,Monitor,Accessories,South,6,1716.86,302.09
2022-05-05,Camera,Electronics,South,6,2982.87,445.01
2022-08-14,Laptop,Electronics,North,18,14995.28,4483.18
2024-12-11,Laptop,Electronics,South,14,14784.76,4126.46
2023-11-23,Smartwatch,Electronics,North,6,1746.4,289.2
2024-02-23,Headphones,Accessories,West,6,5682.43,1365.87
2024-06-24,Mouse,Accessories,North,8,8664.98,2131.16
2023-07-08,Tablet,Electronics,West,3,1887.56,363.42
2024-10-29,Smartphone,Electronics,East,7,6013.1,1544.51
2024-01-05,Smartwatch,Electronics,North,2,1578.13,463.58
2022-08-19,Camera,Electronics,South,3,285.82,38.37
2023-01-27,Laptop,Electronics,West,12,10896.3,1927.64
2022-11-03,Keyboard,Accessories,West,4,1408.755,216.335
2022-04-09,Smartphone,Electronics,East,18,18235.94,3561.04
2023-08-09,Smartwatch,Electronics,South,2,274.83,42.37
2023-09-25,Keyboard,Accessories,South,6,6408.18,885.71
2022-05-16,Keyboard,Accessories,West,5,5755.2,1441.84
2024-12-10,Tablet,Electronics,West,3,2262.53,245.66
2024-01-04,Camera,Electronics,South,8,5176.29,1400.82
2023-09-16,Keyboard,Accessories,North,5,1510.3,331.76
2023-03-17,Keyboard,Accessories,North,0,473.58,38.605
2023-12-31,Smartphone,Electronics,North,18,10855.68,1462.66
2022-04-09,Smartwatch,Electronics,South,4,4560.12,507.87
2023-05-03,Tablet,Electronics,South,6,2100.42,268.4
2024-05-10,Laptop,Electronics,North,1,1054.83,288.15
2022-08-18,Smartwatch,Electronics,West,6,7026.13,1814.21
2022-07-14,Camera,Electronics,North,9,513.83,151.87
2024-04-29,Headphones,Accessories,South,2,2244.78,353.83
2024-02-22,Smartphone,Electronics,North,5,1785.47,134.95
2023-06-24,Keyboard,Accessories,South,5,725.93,77.91
2024-11-13,Smartphone,Electronics,North,8,5032.06,1378.58
2023-05-29,Monitor,Accessories,East,8,6256.4,1152.99
2023-06-11,Camera,Electronics,North,2,452.81,74.34
2022-03-05,Laptop,Electronics,South,14,10571.3,2677.16
2023-03-19,Smartphone,Electronics,North,12,9744.18,1573.58
2023-08-22,Keyboard,Accessories,East,5,2495.73,164.56
2022-02-19,Monitor,Accessories,West,1,442.28,82.73
2024-09-17,Printer,Office,East,9,8595.17,1312.19
2022-04-08,Keyboard,Accessories,East,2,1764.36,205.75
2024-06-10,Laptop,Electronics,North,7,7777.24,746.84
2022-11-05,Smartwatch,Electronics,South,4,2008.25,451.68
2022-05-03,Mouse,Accessories,North,1,298.32,20.685
2024-12-25,Smartwatch,Electronics,East,9,4950.95,1402.67
2024-06-16,Keyboard,Accessories,South,1,315.23,43.035
2024-07-05,Camera,Electronics,North,6,6144.67,754.18
2023-12-03,Monitor,Accessories,North,1,140.36,24.21
2024-08-06,Mouse,Accessories,West,2,384.39,99.02
2022-01-18,Printer,Office,East,7,3780.51,351.51
2023-02-28,Monitor,Accessories,West,7,5047.5,915.75
2023-10-14,Mouse,Accessories,West,4,264.26,26.955
2022-06-23,Keyboard,Accessories,East,4,3253.555,522.57
2023-06-02,Camera,Electronics,South,7,5887.54,1035.5
2022-03-12,Laptop,Electronics,South,6,1447.42,230.5
2023-06-03,Mouse,Accessories,North,2,2272.16,504.72
2022-07-03,Keyboard,Accessories,East,9,8640.26,1963.34
2023-09-14,Camera,Electronics,North,8,2984.24,631.81
2022-04-28,Smartphone,Electronics,East,4,1212.2,301.9
2022-04-08,Monitor,Accessories,West,2,170.22,48.69
2023-02-27,Smartwatch,Electronics,West,6,1350.09,356.88
2022-11-28,Headphones,Accessories,South,4,2500.04,467.34
2022-02-11,Camera,Electronics,North,4,4648.58,689.85
2022-09-14,Monitor,Accessories,North,2,1538.15,97.15
2024-06-15,Smartwatch,Electronics,East,4,3928.08,325.32
2022-06-09,Monitor,Accessories,West,9,2988.97,447.93
2023-04-07,Headphones,Accessories,South,8,4136.85,810.82
2023-10-22,Mouse,Accessories,South,3,1802.825,193.91
2023-08-10,Smartwatch,Electronics,West,3,1656.32,469.28
2024-09-04,Keyboard,Accessories,South,8,5368.19,542.52
2024-01-22,Laptop,Electronics,East,4,1356.83,374.79
2024-06-26,Printer,Office,South,6,1326.67,338.66
2024-05-10,Headphones,Accessories,South,4,4664.98,294.05
2023-12-04,Laptop,Electronics,North,8,3528.23,593.11
2023-03-19,Mouse,Accessories,West,1,748.79,95.295
2023-04-21,Tablet,Electronics,North,3,2628.04,781.94
2022-11-12,Laptop,Electronics,West,168,53.2,6.0
2022-08-02,Monitor,Accessories,South,7,1204.33,317.12
2023-08-23,Printer,Office,West,7,7119.28,1555.05
2024-05-12,Tablet,Electronics,West,8,1848.43,351.02
2024-05-24,Tablet,Electronics,South,4,2232.39,531.12
2024-12-19,Mouse,Accessories,West,6,5190.38,898.86
2022-01-28,Smartphone,Electronics,West,3,1830.96,403.42
2022-01-29,Mouse,Accessories,West,0,516.68,151.34
2022-11-01,Smartwatch,Electronics,South,7,2324.02,611.7
2023-06-04,Keyboard,Accessories,North,2,1942.68,235.42
2022-10-22,Smartwatch,Electronics,South,9,6435.57,1096.88
2022-03-29,Mouse,Accessories,North,2,1168.22,172.18
2022-08-26,Tablet,Electronics,South,9,7362.85,441.36
2023-10-17,Smartwatch,Electronics,West,2,862.71,105.97
2023-10-25,Mouse,Accessories,West,1,956.12,167.16
2022-06-07,Smartphone,Electronics,West,14,8876.32,1540.6
2023-10-10,Keyboard,Accessories,East,4,486.46,50.0
2022-09-02,Keyboard,Accessories,West,1,908.09,64.62
2023-04-25,Monitor,Accessories,East,4,596.63,105.89
2024-03-24,Mouse,Accessories,East,9,1233.34,346.9
2023-01-09,Headphones,Accessories,West,1,1055.34,88.61
2022-11-13,Tablet,Electronics,East,2,952.98,112.39
2023-03-04,Mouse,Accessories,West,0,156.265,20.235
2022-02-12,Tablet,Electronics,South,2,294.52,35.05
2022-03-28,Smartwatch,Electronics,North,2,474.69,120.91
2023-06-02,Camera,Electronics,East,2,788.67,195.15
2022-05-15,Mouse,Accessories,North,8,2760.64,156.53
2023-10-14,Laptop,Electronics,North,8,1816.56,439.58
2022-10-17,Smartphone,Electronics,East,2,1187.72,266.02
2023-07-16,Headphones,Accessories,South,6,1698.11,193.42
2022-08-11,Laptop,Electronics,West,5,4380.37,275.84
2023-06-11,Camera,Electronics,West,4,2472.32,594.62
2024-04-01,Smartphone,Electronics,East,4,1996.4,396.63
2024-12-25,Camera,Electronics,West,5,2525.23,699.74
2024-07-16,Keyboard,Accessories,South,3,858.7,246.86
2022-12-14,Keyboard,Accessories,North,4,2110.88,619.3
2023-02-16,Tablet,Electronics,East,2,858.58,73.49
2024-12-05,Keyboard,Accessories,North,1,776.6,172.19
2023-08-23,Laptop,Electronics,North,7,3654.63,871.81
2024-02-14,Headphones,Accessories,East,3,384.79,45.99
2024-07-04,Mouse,Accessories,North,3,1946.46,175.285
2024-02-26,Tablet,Electronics,East,3,2637.65,468.6
2024-02-12,Mouse,Accessories,South,8,8664.29,2349.68
2023-10-03,Smartwatch,Electronics,South,6,918.43,116.87
2024-01-17,Monitor,Accessories,West,5,5625.22,1006.95
2023-06-02,Tablet,Electronics,West,6,6030.04,511.7
2022-04-22,Printer,Office,West,8,432.06,98.44
2024-02-21,Laptop,Electronics,South,12,3768.8,381.16
2023-02-21,Laptop,Electronics,East,18,18451.26,5052.54
2023-02-07,Smartwatch,Electronics,West,8,7072.33,1983.42
2024-08-07,Smartphone,Electronics,North,3,342.47,89.67
2023-02-05,Printer,Office,South,4,2440.26,410.86
2024-01-22,Mouse,Accessories,South,2,255.035,41.235
2023-10-12,Smartphone,Electronics,South,2,384.12,32.94
2023-09-26,Mouse,Accessories,East,2,1800.435,356.15
2024-06-01,Camera,Electronics,West,7,2597.12,766.32
2023-08-12,Camera,Electronics,East,4,772.31,215.62
2023-08-06,Mouse,Accessories,West,1,323.2,90.25
2024-03-29,Smartphone,Electronics,East,7,2947.21,809.46
2023-02-21,Laptop,Electronics,South,10,1761.08,511.8
2022-02-11,Camera,Electronics,West,3,1038.39,219.69
2023-08-04,Laptop,Electronics,South,8,3584.26,1013.12
2023-08-13,Smartwatch,Electronics,East,6,2496.99,332.08
2023-12-13,Smartwatch,Electronics,West,3,795.82,60.34
2023-01-26,Smartphone,Electronics,East,14,14477.42,3194.06
2023-08-27,Tablet,Electronics,South,1,430.66,83.33
2022-01-10,Headphones,Accessories,West,4,1728.27,239.64
2022-04-07,Monitor,Accessories,South,3,1833.44,314.79
2023-10-23,Monitor,Accessories,North,7,7280.05,1682.79
2024-03-01,Smartwatch,Electronics,South,1,814.21,197.91
2023-03-06,Printer,Office,South,8,4696.75,410.03
2023-07-27,Mouse,Accessories,South,5,1190.57,235.64
2023-11-29,Mouse,Accessories,North,4,4050.485,1101.78
2024-04-06,Laptop,Electronics,South,12,3000.58,366.62
2024-07-26,Smartwatch,Electronics,North,2,300.92,48.69
2023-05-31,Smartwatch,Electronics,North,9,1098.91,106.97
2024-05-28,Monitor,Accessories,West,4,2336.4,509.49
2022-10-05,Camera,Electronics,North,5,410.71,40.96
2023-10-09,Mouse,Accessories,South,9,594.26,51.49
2023-09-20,Smartwatch,Electronics,East,2,218.42,38.93
2023-03-25,Tablet,Electronics,South,2,1298.61,123.9
2024-03-28,Tablet,Electronics,North,5,895.96,180.64
2023-07-31,Keyboard,Accessories,West,4,2828.41,539.43
2023-11-15,Tablet,Electronics,West,3,813.12,188.94
2024-06-19,Monitor,Accessories,West,4,1800.31,170.19
2024-07-24,Tablet,Electronics,West,1,99.7,12.79
2024-01-24,Smartwatch,Electronics,East,3,1317.35,71.02
2024-03-21,Smartwatch,Electronics,West,3,957.19,120.27
2022-01-17,Mouse,Accessories,South,4,1316.34,244.13
2024-12-20,Headphones,Accessories,South,6,5346.01,351.93
2023-03-07,Smartphone,Electronics,East,2,928.18,132.52
2022-09-28,Keyboard,Accessories,North,3,1876.275,417.67
2024-07-01,Keyboard,Accessories,West,3,981.285,150.785
2024-11-27,Smartphone,Electronics,South,12,4620.28,405.96
2023-03-01,Tablet,Electronics,East,4,3028.81,685.23
2023-07-22,Monitor,Accessories,North,3,2994.32,877.92
2024-06-18,Tablet,Electronics,South,3,3393.93,313.45
2024-11-08,Camera,Electronics,North,3,1209.93,320.61
2022-11-18,Keyboard,Accessories,East,4,2892.265,638.285
2022-03-10,Laptop,Electronics,West,9,3078.95,285.05
2024-01-18,,,South,4,2464.16,602.3
2024-12-14,Camera,Electronics,West,5,2445.4,146.6
2023-02-24,Keyboard,Accessories,North,8,5312.93,841.13
2022-03-31,Keyboard,Accessories,South,1,657.53,101.85
2024-05-17,Keyboard,Accessories,South,1,1290.175,86.945
2022-10-05,Laptop,Electronics,East,16,9249.02,1787.48
2023-11-22,Smartwatch,Electronics,North,2,1258.17,146.7
2024-07-28,Camera,Electronics,East,7,6468.29,398.23
2023-05-24,Monitor,Accessories,West,3,1359.85,152.85
2024-11-28,Laptop,Electronics,North,1,104.09,18.67
2023-03-01,Headphones,Accessories,South,3,1785.71,93.17
2022-06-04,Monitor,Accessories,North,8,7728.16,1748.26
2023-05-27,Smartphone,Electronics,West,6,4188.05,1231.16
2022-06-25,Smartwatch,Electronics,South,8,3520.15,359.84
2023-08-12,Camera,Electronics,East,3,2280.36,365.17
2024-07-09,Printer,Office,North,9,2484.6,655.54
2024-04-17,Tablet,Electronics,West,3,1248.12,348.19
2023-12-12,Smartwatch,Electronics,West,2,850.64,59.92
2022-01-01,Tablet,Electronics,North,9,9234.86,2523.67
2022-12-01,Tablet,Electronics,North,2,1298.23,239.45
2022-04-25,Laptop,Electronics,South,5,5700.53,999.26
2024-07-29,Camera,Electronics,West,6,4146.21,700.46
2023-10-11,Tablet,Electronics,North,8,6968.18,704.55
2024-09-09,Camera,Electronics,East,2,1054.65,243.5
2022-03-15,Keyboard,Accessories,West,3,1983.66,453.09
2023-10-26,Keyboard,Accessories,South,5,875.32,70.72
2024-07-17,Headphones,Accessories,West,6,5370.77,1045.1
2024-01-10,Monitor,Accessories,West,8,3624.19,1071.43
2024-09-22,Smartwatch,Electronics,West,4,1932.68,301.16
2022-09-05,Smartphone,Electronics,North,7,6020.95,384.74
2024-05-02,Headphones,Accessories,East,5,1775.31,234.67
2023-03-09,Smartwatch,Electronics,West,3,1488.8,382.09
2024-09-21,Keyboard,Accessories,East,3,3360.39,556.78
2022-04-06,Mouse,Accessories,East,3,2523.675,678.115
2022-03-07,Tablet,Electronics,East,5,3735.18,957.13
2024-02-26,Keyboard,Accessories,East,5,1250.39,120.74
2022-01-11,Tablet,Electronics,North,7,2751.09,548.05
2023-07-14,Laptop,Electronics,East,9,468.57,58.98
2022-09-15,Keyboard,Accessories,South,3,399.42,109.6
2022-01-28,Smartwatch,Electronics,South,5,1295.8,104.26
2024-12-10,Camera,Electronics,West,4,3360.68,540.38
2023-06-11,Camera,Electronics,North,5,995.41,206.95
2024-12-20,Smartwatch,Electronics,East,5,550.32,28.72
2023-02-27,Monitor,Accessories,West,8,5384.12,724.8
2023-11-19,Printer,Office,East,3,3534.67,489.06
2024-02-20,Smartphone,Electronics,West,18,13626.12,1780.1
2023-11-27,Smartwatch,Electronics,East,6,5508.93,1632.37
2022-01-27,Headphones,Accessories,East,1,966.81,202.53
2024-07-04,Mouse,Accessories,South,2,230.27,46.12
2023-06-26,Smartphone,Electronics,North,6,7026.86,459.4
2024-05-24,Smartphone,Electronics,South,10,1821.84,232.94
2022-08-22,Monitor,Accessories,West,9,5796.44,1729.18
2022-09-28,Monitor,Accessories,North,3,1050.79,292.64
2024-05-28,Mouse,Accessories,West,1,1043.14,151.13
2022-10-08,Printer,Office,South,3,3330.28,503.85
2022-01-19,Mouse,Accessories,East,4,948.03,224.265
2023-04-29,Camera,Electronics,West,5,5170.77,1248.66
2023-04-24,Printer,Office,North,2,466.99,25.04
2023-06-15,Mouse,Accessories,North,8,6032.94,1636.61
2023-03-22,Camera,Electronics,South,1,1084.07,103.06
2023-09-20,Keyboard,Accessories,North,1,245.1,22.67
2022-06-30,Monitor,Accessories,North,6,558.32,57.01
2024-02-18,Monitor,Accessories,East,4,4024.61,787.06
2023-02-02,Mouse,Accessories,East,2,780.49,230.575
2024-03-08,Laptop,Electronics,North,2,252.76,53.24
2023-10-08,Mouse,Accessories,South,3,2460.72,413.935
2023-10-10,Headphones,Accessories,West,5,2665.07,532.76
2023-04-05,Headphones,Accessories,South,4,200.54,58.42
2024-08-01,Smartwatch,Electronics,East,2,186.27,32.48
2024-10-12,Monitor,Accessories,South,8,5456.33,898.06
2022-07-29,Smartwatch,Electronics,West,9,3321.56,540.67
2024-02-13,Headphones,Accessories,North,7,3766.27,914.49
2022-05-07,Keyboard,Accessories,West,3,1575.35,249.315
2022-05-19,Laptop,Electronics,East,2,646.63,110.13
2022-08-12,Smartphone,Electronics,South,10,5330.48,739.46
2023-10-13,Smartwatch,Electronics,North,9,1467.38,384.22
2024-07-05,Tablet,Electronics,North,7,4620.05,990.79
2023-03-17,Tablet,Electronics,West,8,1184.57,148.69
2023-11-01,Camera,Electronics,East,1,113.45,20.07
2024-10-02,Printer,Office,East,8,3336.84,492.76
2023-04-09,Smartphone,Electronics,South,8,8449.04,954.66
2022-07-09,Headphones,Accessories,North,3,1098.29,144.24
2024-03-10,Camera,Electronics,South,8,4400.8,351.82
2022-05-08,Printer,Office,North,8,5616.97,723.42
2022-07-19,Smartwatch,Electronics,North,2,2370.75,641.23
2023-01-24,Mouse,Accessories,West,3,2243.675,344.38
2024-10-01,Camera,Electronics,North,6,6384.85,1754.15
2023-03-30,Keyboard,Accessories,South,8,2960.49,878.11
2022-03-24,Smartwatch,Electronics,East,1,897.12,250.78
2023-03-25,Smartphone,Electronics,East,4,2357.9,241.02
2023-01-20,Smartwatch,Electronics,East,2,1026.64,64.51
2022-03-03,Smartphone,Electronics,East,14,10361.34,926.7
2022-11-02,Headphones,Accessories,South,5,2025.78,295.13
2024-12-24,Tablet,Electronics,North,9,1359.44,187.72
2023-03-30,Camera,Electronics,South,4,1836.8,462.52
2022-12-03,Tablet,Electronics,West,2,702.05,112.04
2024-12-07,Smartphone,Electronics,West,16,13152.78,2674.76
2024-03-07,Smartwatch,Electronics,West,2,1428.21,398.24
2023-01-08,Camera,Electronics,North,7,6853.42,1259.03
2022-05-16,Camera,Electronics,West,2,1492.25,276.56
2023-01-08,Camera,Electronics,South,5,905.25,70.91
2024-04-08,Tablet,Electronics,West,4,1500.78,127.81
2023-03-17,Smartwatch,Electronics,South,9,8712.05,1034.27
2024-07-23,Monitor,Accessories,East,4,1308.09,368.28
2024-03-06,Smartphone,Electronics,South,4,2648.25,707.32
2022-03-18,Camera,Electronics,South,9,9810.57,1666.96
2024-05-03,Headphones,Accessories,North,3,3291.38,274.1
2022-09-22,Smartwatch,Electronics,North,1,758.29,96.44
2022-09-29,Keyboard,Accessories,East,7,2436.3,715.14
2024-06-01,Smartwatch,Electronics,North,7,560.14,163.16
2022-10-20,Smartphone,Electronics,West,16,8481.44,1039.44
2024-09-05,Monitor,Accessories,East,8,5416.97,403.52
2023-07-16,Smartphone,Electronics,East,8,1728.06,477.7
2023-07-15,Keyboard,Accessories,West,4,3154.51,400.575
2023-08-08,Keyboard,Accessories,North,8,3400.14,758.57
2022-04-29,Laptop,Electronics,East,2,807.66,144.9
2022-12-17,Keyboard,Accessories,South,2,1054.43,187.81
2022-09-30,Headphones,Accessories,West,2,1090.82,296.12
2022-11-06,Keyboard,Accessories,North,3,637.16,158.96
2024-04-11,Mouse,Accessories,South,3,1056.34,70.54
2023-06-01,Mouse,Accessories,North,4,2623.605,460.545
2023-11-06,Mouse,Accessories,West,7,6006.23,1595.22
2024-01-18,Monitor,Accessories,West,5,5415.52,1261.65
2022-02-24,Smartphone,Electronics,West,1,632.62,81.54
2023-01-28,Tablet,Electronics,East,1,169.91,22.99
2023-10-01,Tablet,Electronics,West,7,1463.54,175.13
2022-12-18,Camera,Electronics,East,8,7528.33,1283.07
2022-12-24,Smartwatch,Electronics,West,2,1158.23,227.61
2022-06-17,Monitor,Accessories,West,4,200.59,20.25
2023-01-01,Smartphone,Electronics,West,4,3028.14,361.34
2024-07-07,Smartwatch,Electronics,South,7,2632.16,738.93
2022-07-31,Keyboard,Accessories,North,0,179.12,38.92
2023-06-04,Camera,Electronics,East,8,2360.57,653.3
2023-08-29,Keyboard,Accessories,South,2,2637.905,297.145
2023-04-06,Monitor,Accessories,East,9,1719.83,251.85
2023-02-04,Smartphone,Electronics,West,12,3913.16,868.06
2022-08-27,Keyboard,Accessories,West,3,1875.45,152.07
2022-06-13,Monitor,Accessories,South,4,984.33,157.72
2023-08-20,Camera,Electronics,South,4,3616.12,789.63
2024-10-18,Tablet,Electronics,West,5,4560.25,1180.8
2024-09-14,Smartphone,Electronics,West,16,14992.98,4038.64
2022-08-17,Camera,Electronics,North,5,5070.98,889.97
2022-04-21,Smartwatch,Electronics,North,5,4505.05,1351.28
2022-01-13,Tablet,Electronics,South,2,1916.11,503.83
2024-08-28,Camera,Electronics,West,7,8113.88,1103.57
2022-08-13,Laptop,Electronics,North,18,3618.62,784.88
2023-09-01,Laptop,Electronics,South,3,1227.87,229.75
2023-07-20,Laptop,Electronics,South,6,2040.81,124.65
2022-12-22,Tablet,Electronics,West,6,6324.97,629.2
2023-05-14,Laptop,Electronics,South,2,2377.42,220.64
2024-01-23,Keyboard,Accessories,East,8,8776.1,1561.07
2023-03-25,Laptop,Electronics,South,18,11107.78,2865.52
2022-08-27,Smartphone,Electronics,South,2,970.52,262.19
2022-07-15,Keyboard,Accessories,South,5,940.8,56.7
2022-11-07,Laptop,Electronics,East,18,9721.08,2851.08
2024-05-17,Camera,Electronics,East,7,2968.96,485.13
2022-03-09,Mouse,Accessories,East,3,2172.27,364.77
2022-06-22,Headphones,Accessories,North,7,2261.86,566.36
2022-07-15,Smartwatch,Electronics,West,9,8802.4,2519.93
2022-01-16,Printer,Office,North,4,4428.89,600.55
2024-10-28,Mouse,Accessories,West,9,7344.69,1417.84
2024-08-23,Keyboard,Accessories,East,2,1118.48,83.89
2024-11-24,Smartphone,Electronics,South,16,1072.76,114.16
2024-10-20,Monitor,Accessories,North,5,1980.21,249.22
2023-04-16,Smartwatch,Electronics,West,3,1497.48,122.76
2024-07-18,Laptop,Electronics,North,6,4200.69,1013.7
2022-11-29,Smartwatch,Electronics,South,5,1570.66,312.81
2023-07-01,Monitor,Accessories,East,4,428.03,86.62
2024-12-13,Tablet,Electronics,North,3,465.18,98.93
2022-08-27,Smartwatch,Electronics,North,2,1062.03,83.49
2022-05-26,Camera,Electronics,South,8,8720.28,1984.11
2024-02-04,Mouse,Accessories,South,3,654.405,171.805
2024-12-12,Headphones,Accessories,South,9,8514.26,1291.97
2023-02-07,Tablet,Electronics,North,2,1212.28,151.07
2023-04-24,Headphones,Accessories,West,4,2576.86,503.57
2023-09-26,Keyboard,Accessories,East,8,4800.67,606.19
2022-10-02,Smartwatch,Electronics,East,5,1440.68,274.54
2022-09-12,Smartwatch,Electronics,North,9,10251.58,737.45
2023-01-18,Smartphone,Electronics,North,7,3038.16,570.98
2022-11-24,Monitor,Accessories,West,9,6993.96,1945.56
2024-03-07,Monitor,Accessories,East,4,1632.99,247.88
2024-10-07,Keyboard,Accessories,East,9,5706.04,1704.8
2022-08-29,Camera,Electronics,North,9,9657.87,1187.22
2022-01-31,Smartwatch,Electronics,East,5,4405.02,450.83
2023-12-14,Keyboard,Accessories,East,2,860.115,180.39
2023-08-13,Camera,Electronics,South,7,4557.52,234.62
2024-12-12,Headphones,Accessories,West,7,2380.66,431.43
2022-02-11,Headphones,Accessories,North,8,456.97,74.99
2023-11-16,Camera,Electronics,East,6,6534.04,355.03
2022-03-04,Smartphone,Electronics,North,6,3456.37,307.46
2022-06-29,Keyboard,Accessories,West,4,4081.58,1176.23
2022-09-16,Smartphone,Electronics,West,2,966.37,241.54
2022-12-02,Mouse,Accessories,East,4,2580.42,669.67
2022-10-02,Camera,Electronics,South,9,8127.78,1906.5
2022-05-19,Smartwatch,Electronics,South,4,2128.21,614.05
2022-06-05,Smartphone,Electronics,South,9,6417.96,1100.52
2022-06-11,Keyboard,Accessories,East,7,3997.14,494.78
2023-03-14,Laptop,Electronics,West,2,1758.44,299.04
2023-11-17,Laptop,Electronics,North,6,4831.36,1076.78
2024-09-27,Camera,Electronics,West,4,1064.64,314.84
2022-02-17,Mouse,Accessories,South,4,1156.34,326.92
2022-05-12,Smartphone,Electronics,North,1,1184.97,218.27
2022-02-05,Keyboard,Accessories,South,1,975.035,105.58
2022-08-29,Laptop,Electronics,South,4,1088.29,295.09
2024-04-20,Camera,Electronics,South,1,998.09,196.17
2024-05-25,Smartphone,Electronics,East,6,5766.44,675.17
2024-10-09,Tablet,Electronics,West,6,3120.03,274.65
2022-03-07,Printer,Office,East,7,637.4,68.11
2023-10-26,Laptop,Electronics,West,6,3306.5,697.74
2022-05-31,Monitor,Accessories,South,6,7020.31,726.72
2022-09-16,Camera,Electronics,South,7,5971.17,502.14
2023-11-22,Laptop,Electronics,North,2,750.23,77.68
2024-04-26,Tablet,Electronics,North,3,2379.34,523.0
2022-08-21,Camera,Electronics,North,1,699.77,108.94
2023-01-16,Camera,Electronics,West,9,6876.7,1895.24
2022-02-02,Monitor,Accessories,North,8,1800.97,494.02
2024-07-11,Tablet,Electronics,South,5,1255.77,236.25
2022-06-04,Smartwatch,Electronics,East,9,1998.73,343.58
2022-11-26,Headphones,Accessories,East,1,307.84,80.19
2023-11-01,Monitor,Accessories,South,6,1506.43,407.73
2024-10-26,Tablet,Electronics,North,8,2464.65,216.51
2023-05-12,Smartwatch,Electronics,South,2,322.64,42.03
2022-03-08,Keyboard,Accessories,South,4,2188.14,265.54
2023-12-22,Printer,Office,West,9,2934.04,473.34
2022-11-04,Headphones,Accessories,South,8,9224.9,514.06
2022-12-15,Monitor,Accessories,East,4,2436.76,142.81
2022-09-23,Smartwatch,Electronics,West,4,972.82,97.55
2024-10-03,Laptop,Electronics,South,6,5484.19,540.4
2024-10-17,Camera,Electronics,West,8,3152.92,337.36
2024-03-22,Keyboard,Accessories,East,4,3016.295,435.085
2023-04-10,Camera,Electronics,West,7,6384.49,1324.49
2022-11-04,Smartwatch,Electronics,South,6,5580.58,394.03
2022-04-16,Camera,Electronics,East,2,1236.92,120.74
2023-04-02,Camera,Electronics,North,8,7040.42,1969.93
2024-06-11,Camera,Electronics,East,9,909.84,138.04
2024-12-26,Mouse,Accessories,South,0,53.14,3.62
2024-11-12,Smartwatch,Electronics,South,1,281.65,67.85
2022-09-25,Camera,Electronics,East,6,6768.08,1851.01
2023-03-07,Laptop,Electronics,West,12,8605.1,552.7
2022-11-19,Smartphone,Electronics,North,18,14293.18,4250.88
2023-02-16,Smartphone,Electronics,South,6,1165.24,96.16
2024-08-01,Headphones,Accessories,North,6,576.51,162.75
2023-09-24,Keyboard,Accessories,South,2,2132.865,398.06
2023-06-24,Smartwatch,Electronics,East,8,5368.25,333.53
2023-12-04,Headphones,Accessories,South,1,314.04,66.23
2024-12-24,Tablet,Electronics,West,6,2676.02,646.7
2022-02-13,Laptop,Electronics,North,8,6768.68,1895.04
2023-07-20,Mouse,Accessories,West,6,3186.23,794.94
2024-12-20,Smartwatch,Electronics,South,4,1832.97,528.69
2024-02-16,Tablet,Electronics,West,1,381.03,63.18
2022-11-29,Smartphone,Electronics,South,9,4527.44,677.34
2022-05-25,Printer,Office,South,4,1612.55,240.42
2024-01-04,Camera,Electronics,East,1,179.22,42.37
2024-05-31,Smartwatch,Electronics,West,3,3153.7,224.29
2023-04-18,Tablet,Electronics,East,8,3864.46,855.75
2023-03-31,Camera,Electronics,South,6,3660.81,675.38
2024-08-03,Smartwatch,Electronics,East,3,318.8,49.93
2023-12-16,Mouse,Accessories,South,1,241.63,31.635
2024-01-02,Monitor,Accessories,West,5,5310.69,806.12
2024-03-06,Keyboard,Accessories,West,6,5154.68,779.43
2023-09-19,Keyboard,Accessories,East,4,3370.82,411.585
2022-05-13,Camera,Electronics,North,2,520.96,61.33
2024-06-19,Tablet,Electronics,East,7,1120.56,111.79
2022-07-12,Keyboard,Accessories,East,1,911.61,155.3
2022-03-21,Monitor,Accessories,South,8,1064.67,190.73
2024-04-28,Laptop,Electronics,North,14,3962.84,808.6
2022-04-20,Camera,Electronics,South,5,4280.47,540.47
2024-06-25,Smartwatch,Electronics,South,5,5125.14,268.39
2024-12-26,Monitor,Accessories,West,7,1575.06,313.96
2024-04-28,Tablet,Electronics,East,9,9972.03,1868.64
2022-10-01,Smartphone,Electronics,East,8,4576.65,900.04
2024-06-01,Monitor,Accessories,South,7,6559.32,1141.32
2023-07-20,Tablet,Electronics,South,1,619.38,35.36
2024-06-09,Headphones,Accessories,West,8,2488.1,151.95
2022-10-29,Mouse,Accessories,West,2,1268.46,74.425
2022-02-03,Tablet,Electronics,West,8,5416.13,297.5
2023-02-13,Smartwatch,Electronics,East,2,2334.41,158.07
2022-07-28,Camera,Electronics,East,9,1080.93,183.42
2024-05-08,Tablet,Electronics,South,4,1324.42,127.07
2023-07-16,Camera,Electronics,West,2,2304.51,444.08
2024-02-21,Smartphone,Electronics,East,4,4736.4,1026.24
2023-08-14,Mouse,Accessories,West,4,1462.99,228.745
2023-01-27,Laptop,Electronics,East,9,6345.58,1627.26
2022-06-13,Headphones,Accessories,East,9,4221.23,912.84
2022-05-13,Monitor,Accessories,North,7,7588.78,1625.55
2022-12-12,Keyboard,Accessories,North,3,2616.345,635.32
2024-08-01,Camera,Electronics,East,8,1440.34,402.06
2023-03-31,Monitor,Accessories,North,2,1026.32,226.4
2024-09-21,Camera,Electronics,North,7,7455.24,1008.42
2023-11-29,Printer,Office,East,8,2456.51,404.35
2022-11-01,Camera,Electronics,North,3,2859.17,404.56
2024-01-08,Keyboard,Accessories,East,0,155.81,25.33
2022-01-18,Keyboard,Accessories,South,1,466.31,102.48
2023-02-22,Laptop,Electronics,West,3,867.85,58.2
2023-02-24,Monitor,Accessories,South,6,3888.1,275.72
2024-04-12,Tablet,Electronics,North,4,3032.88,347.2
2023-12-22,Tablet,Electronics,North,7,4704.12,978.81
2022-10-27,Printer,Office,West,3,3186.23,527.75
2022-10-14,Smartwatch,Electronics,West,1,243.98,21.75
2023-06-20,Smartphone,Electronics,North,3,897.98,235.67
2022-09-18,Laptop,Electronics,South,4,628.26,156.98
2024-12-21,Monitor,Accessories,East,6,1050.27,172.83
2022-05-16,Monitor,Accessories,North,8,3032.82,278.85
2023-09-27,Keyboard,Accessories,West,1,920.96,118.24
2024-03-02,Laptop,Electronics,South,2,668.61,90.67
2024-05-31,Mouse,Accessories,East,2,2995.31,701.765
2024-03-04,Tablet,Electronics,South,9,9324.34,1223.9
2023-04-11,Keyboard,Accessories,East,8,5768.83,368.49
2024-05-01,Laptop,Electronics,North,1,1123.8,318.09
2024-12-20,Keyboard,Accessories,West,4,2336.17,453.04
2023-11-22,Laptop,Electronics,West,6,438.03,26.03
2022-12-23,Tablet,Electronics,North,6,5940.23,318.72
2022-06-22,Camera,Electronics,West,3,1848.22,549.34
2023-03-17,Keyboard,Accessories,North,3,2118.04,321.05
2022-01-16,Smartphone,Electronics,North,6,462.46,73.46
2024-01-12,Headphones,Accessories,South,6,978.52,182.46
2023-05-22,Monitor,Accessories,North,5,4960.82,420.98
2022-03-09,Camera,Electronics,South,3,1377.42,330.44
2023-02-09,Camera,Electronics,West,2,1958.4,227.77
2023-06-12,Mouse,Accessories,West,7,5607.75,1288.04
2022-11-24,Null,,South,6,3504.62,980.7
2024-11-21,Mouse,Accessories,North,4,796.86,75.15
2024-08-14,Monitor,Accessories,North,1,342.91,37.64
2024-08-14,Monitor,Accessories,South,7,6769.58,1549.67
2023-08-29,Headphones,Accessories,South,9,10080.99,1794.73
2024-01-11,Smartwatch,Electronics,East,7,3948.73,758.36
2023-06-27,Headphones,Accessories,South,4,1488.57,74.52
2024-01-17,Mouse,Accessories,South,5,1200.89,201.8
2023-01-10,Smartwatch,Electronics,North,4,4476.76,977.6
2023-08-01,Monitor,Accessories,West,1,1178.69,292.15
2024-12-26,Smartwatch,Electronics,South,8,2888.27,149.92
2024-12-13,Smartphone,Electronics,South,6,1704.72,193.18
2024-03-12,Keyboard,Accessories,East,7,4417.76,562.79
2024-05-20,Camera,Electronics,West,4,764.3,178.83
2024-06-28,Headphones,Accessories,South,4,4000.99,964.43
2024-10-21,Monitor,Accessories,East,9,2331.9,558.0
2023-01-31,Mouse,Accessories,West,9,8172.11,1296.29
,Laptop,Electronics,North,1,761.68,61.15
2023-11-25,Camera,Electronics,East,2,494.76,56.41
2023-09-05,Headphones,Accessories,East,2,194.01,52.16
2024-03-20,Tablet,Electronics,West,6,5820.83,1423.67
2022-04-11,Camera,Electronics,North,5,410.6,121.77
2024-12-06,Smartphone,Electronics,East,12,2509.76,721.74
2022-06-04,Tablet,Electronics,East,6,3432.32,452.4
2024-03-22,Camera,Electronics,North,4,3792.81,997.99
2024-11-19,Tablet,Electronics,West,7,546.31,117.9
2022-02-24,Smartwatch,Electronics,East,3,1452.59,217.06
2022-11-14,Keyboard,Accessories,West,8,9296.25,1556.05
2023-12-01,Mouse,Accessories,North,1,1160.97,149.81
2024-01-14,Laptop,Electronics,West,12,9456.94,1364.02
2023-02-12,Camera,Electronics,North,6,1836.38,508.81
2023-09-13,Smartwatch,Electronics,South,7,6237.14,1784.89
2024-09-01,Laptop,Electronics,West,5,5845.4,941.79
2023-12-27,Monitor,Accessories,South,9,6138.46,851.14
2022-03-23,Camera,Electronics,West,2,1416.74,136.75
2024-12-27,Keyboard,Accessories,West,1,925.65,174.45
2023-11-29,Tablet,Electronics,North,5,1630.77,190.38
2022-08-16,Camera,Electronics,West,6,4800.07,930.44
2023-11-23,Smartwatch,Electronics,South,1,61.5,16.11
2023-09-21,Monitor,Accessories,East,6,942.08,80.27
2023-07-30,Smartphone,Electronics,South,16,15281.74,3327.26
2022-05-12,Camera,Electronics,South,5,4540.09,939.71
2022-11-27,Headphones,Accessories,North,1,1030.24,190.47
2024-11-24,Smartwatch,Electronics,West,8,8560.26,991.94
2022-08-23,Camera,Electronics,West,9,1557.82,117.36
2023-05-04,Tablet,Electronics,East,7,707.04,124.59
2022-08-05,Mouse,Accessories,West,5,3405.97,476.39
2024-11-15,Tablet,Electronics,West,6,4722.67,522.16
2022-01-04,Headphones,Accessories,North,2,2150.78,625.93
2022-11-04,Monitor,Accessories,West,7,3619.45,827.39
2023-08-09,Smartwatch,Electronics,South,4,3892.96,909.22
2022-08-02,Camera,Electronics,South,1,54.01,13.29
2023-12-04,Keyboard,Accessories,South,1,612.47,136.25
2022-09-03,Monitor,Accessories,East,5,3850.07,419.55
2024-04-20,Camera,Electronics,East,5,3005.15,389.93
2022-11-08,Tablet,Electronics,West,5,3415.33,496.48
2023-01-13,Camera,Electronics,West,3,1722.83,203.04
2022-04-14,Mouse,Accessories,East,4,2044.12,426.68
2022-11-27,Mouse,Accessories,West,6,3660.56,1079.0
2024-05-13,Camera,Electronics,West,6,5250.18,1228.49
2022-04-17,Laptop,Electronics,North,8,656.46,181.78
2023-09-29,Smartphone,Electronics,West,14,3193.32,719.42
2023-02-11,Printer,Office,South,7,2443.88,661.21
2023-07-23,Smartwatch,Electronics,East,7,5432.14,870.08
2022-02-19,Tablet,Electronics,East,5,5495.39,1276.27
2022-04-18,Mouse,Accessories,North,6,4488.33,939.05
2023-10-18,Camera,Electronics,West,6,6846.05,932.21
2023-12-29,Mouse,Accessories,West,8,2960.05,607.64
2023-07-31,Smartphone,Electronics,South,2,838.22,199.0
2024-09-03,Laptop,Electronics,West,12,12493.82,654.28
2022-09-12,Tablet,Electronics,South,4,1900.72,372.18
2023-06-08,Monitor,Accessories,North,7,3451.92,397.29
2024-11-24,Smartphone,Electronics,West,4,3224.9,688.74
2022-08-13,Laptop,Electronics,South,5,4445.75,642.83
2024-08-06,Smartwatch,Electronics,North,5,720.23,63.84
2024-04-16,Mouse,Accessories,East,1,714.19,117.245
2024-12-27,Tablet,Electronics,East,4,3532.49,665.2
2024-09-08,Camera,Electronics,North,6,6528.59,549.62
2023-09-04,Monitor,Accessories,East,1,743.54,216.5
2023-10-13,Smartwatch,Electronics,East,6,1758.9,287.36
2024-10-21,Smartphone,Electronics,East,1,995.09,149.86
2024-10-05,Keyboard,Accessories,West,9,4032.6,876.91
2022-10-29,Smartphone,Electronics,East,12,960.78,262.16
2024-10-25,Laptop,Electronics,East,2,1978.5,299.98
2022-01-24,Smartphone,Electronics,North,18,13213.26,1519.1
2024-02-06,Smartwatch,Electronics,East,6,912.3,256.58
2022-07-21,Mouse,Accessories,South,2,1456.335,165.555
2023-02-03,Camera,Electronics,West,5,845.68,69.35
2023-08-10,Monitor,Accessories,South,4,2804.47,382.82
2024-12-28,Laptop,Electronics,East,4,416.02,23.06
2022-11-19,Smartwatch,Electronics,East,1,379.54,42.24
2024-05-18,Mouse,Accessories,West,1,613.885,56.69
2023-08-03,Headphones,Accessories,East,7,5551.45,392.37
2022-01-26,Headphones,Accessories,West,6,5982.39,944.81
2022-12-07,Smartphone,Electronics,West,8,7464.5,937.2
2024-02-01,Headphones,Accessories,East,5,1810.45,171.47
2023-01-30,Smartphone,Electronics,South,12,11209.66,1230.14
2022-04-28,Laptop,Electronics,West,2,432.59,81.31
2024-11-27,Keyboard,Accessories,East,1,208.18,34.29
2022-09-07,Monitor,Accessories,North,8,1224.74,281.43
2022-03-12,Printer,Office,West,8,5168.77,672.6
2022-11-10,Monitor,Accessories,East,6,6522.14,502.98
2022-09-03,Keyboard,Accessories,South,5,1090.17,140.7
2024-09-30,Laptop,Electronics,South,6,3475.16,706.34
2024-03-19,Smartwatch,Electronics,South,9,5832.05,1007.54
2023-06-07,Mouse,Accessories,South,1,1000.95,210.04
2024-08-13,Monitor,Accessories,West,2,1832.16,489.21
2024-05-05,Smartwatch,Electronics,East,6,3372.07,934.42
2024-12-20,Tablet,,West,6,3384.7,503.86
,Monitor,Accessories,East,1,351.67,31.95
2024-12-16,Camera,Electronics,South,2,2092.35,549.42
2023-03-19,Monitor,Accessories,South,7,1309.75,138.46
2024-04-28,Keyboard,Accessories,North,4,3348.05,203.68
2022-09-29,Keyboard,Accessories,East,2,510.255,81.18
2022-05-30,Keyboard,Accessories,East,8,8240.65,2006.72
2023-01-13,Tablet,Electronics,West,1,853.59,97.5
2023-01-06,Camera,Electronics,East,4,4416.7,1081.53
2023-01-11,Headphones,Accessories,North,8,3832.22,741.44
2024-12-16,Monitor,Accessories,South,4,1876.14,221.18
2024-03-14,Laptop,Electronics,South,3,2634.58,392.21
2023-08-26,Laptop,Electronics,North,2,2055.78,519.84
2022-03-18,Mouse,Accessories,West,0,52.085,14.835
2024-06-18,Mouse,Accessories,East,1,795.365,73.6
2024-08-20,Camera,Electronics,South,4,1104.06,63.57
2024-09-18,Smartphone,Electronics,South,6,3702.68,397.42
2024-11-06,Smartphone,Electronics,South,2,1408.47,193.09
2022-05-24,Laptop,Electronics,South,7,4641.28,1341.98
2022-10-01,Tablet,Electronics,West,7,2611.4,539.37
2023-12-05,Laptop,Electronics,North,8,7649.06,1423.84
2023-03-08,Smartphone,Electronics,East,2,2042.3,501.34
2023-07-30,Tablet,Electronics,North,6,6378.19,1408.28
2023-03-14,Camera,Electronics,East,4,4692.25,409.07
2024-06-30,Laptop,Electronics,West,12,12468.3,3658.14
2024-09-25,Smartphone,Electronics,West,8,3705.78,1070.14
2022-02-05,Monitor,Accessories,South,3,3075.62,804.06
2024-12-11,Keyboard,Accessories,North,3,312.435,33.495
2023-07-13,Smartwatch,Electronics,South,2,1734.74,310.76
2022-08-31,Camera,Electronics,East,5,3670.52,924.95
2024-08-16,Smartwatch,Electronics,North,7,4634.24,1358.44
2024-01-20,Headphones,Accessories,North,9,1440.4,94.41
2023-04-11,Laptop,Electronics,West,12,10273.24,2450.8
2024-09-20,Smartphone,na,East,2,332.5,63.44
2022-02-03,Keyboard,Accessories,East,1,711.085,164.49
2024-12-22,Camera,Electronics,West,6,1272.11,336.3
2023-06-26,Keyboard,Accessories,North,8,984.63,72.54
2022-11-12,Smartphone,Electronics,North,1,636.9,42.4
2023-08-05,Laptop,Electronics,North,3,2031.44,450.23
2022-02-23,Mouse,Accessories,West,9,3186.44,483.22
2022-05-06,Headphones,Accessories,South,1,134.02,33.12
2024-04-27,Tablet,Electronics,South,5,1765.57,347.42
2023-07-28,Keyboard,Accessories,East,2,1814.17,358.905
2024-12-06,Monitor,Accessories,West,4,1000.73,198.92
2023-03-08,Camera,Electronics,North,2,2134.88,119.89
2023-05-25,Smartwatch,Electronics,North,7,6706.22,1687.22
2024-11-03,Laptop,Electronics,East,3,321.44,72.13
2023-02-19,Camera,Electronics,South,3,3126.66,710.14
2023-11-05,Monitor,Accessories,South,7,5446.74,697.21
2023-05-02,Tablet,Electronics,East,1,1131.88,140.55
2023-09-16,Laptop,Electronics,North,14,13636.36,2696.52
2023-03-29,Smartphone,Electronics,East,14,4635.42,1355.22
2023-01-27,Smartwatch,Electronics,East,6,396.81,89.51
2023-11-16,Smartphone,Electronics,South,2,1116.26,99.62
2023-03-21,Smartphone,Electronics,East,9,2034.77,593.13
2022-06-01,Mouse,Accessories,West,4,3040.09,585.965
2023-02-04,Smartwatch,Electronics,East,2,1378.01,183.1
2024-03-04,Monitor,Accessories,East,3,483.41,120.11
2022-10-19,Keyboard,Accessories,South,8,7864.51,1615.58
2023-09-16,Smartwatch,Electronics,East,9,9090.57,727.64
2024-01-10,Camera,Electronics,North,5,3720.69,1077.21
2022-07-02,Smartphone,Electronics,East,8,8896.98,1825.26
2024-10-01,Mouse,Accessories,South,2,1632.28,319.9
2024-05-26,Headphones,Accessories,East,3,1683.64,129.64
2022-01-10,Camera,Electronics,West,7,6076.29,788.14
2023-07-19,Smartwatch,Electronics,West,2,2388.52,492.54
2023-07-11,Smartphone,Electronics,East,6,882.19,180.63
2022-06-05,Laptop,Electronics,West,3,3561.5,206.87
2024-10-20,Tablet,Electronics,East,7,3395.87,350.26
2022-01-31,Smartphone,Electronics,South,6,3366.67,460.75
2022-11-30,Mouse,Accessories,East,1,315.445,72.07
2023-07-14,Camera,Electronics,South,1,440.72,34.74
2024-09-22,Smartwatch,Electronics,East,6,6462.02,1466.15
2024-12-29,Monitor,Accessories,South,6,5004.61,1197.36
2022-02-16,Laptop,Electronics,South,16,3681.04,922.42
2022-11-06,Tablet,Electronics,South,7,4466.05,763.14
2022-12-27,Tablet,Electronics,South,6,3048.51,823.36
2024-06-03,Mouse,Accessories,South,7,4977.7,516.7
2022-07-01,Keyboard,Accessories,South,3,2010.03,387.31
2022-01-30,Camera,Electronics,South,8,5352.52,1133.57
2024-01-07,Camera,Electronics,North,4,4136.56,294.21
2022-04-30,Camera,Electronics,West,8,6336.35,439.42
2023-11-28,Laptop,Electronics,East,9,5481.79,1540.75
2024-10-15,Camera,Electronics,West,6,6366.08,318.97
2024-12-20,Mouse,Accessories,South,1,118.955,24.97
2022-03-18,Keyboard,Accessories,North,4,4185.43,762.9
2024-08-04,Camera,Electronics,South,7,7791.37,1844.69
2024-09-29,Smartphone,Electronics,West,2,316.34,65.78
2023-03-11,Keyboard,Accessories,West,3,2173.89,356.395
2022-09-13,Smartphone,Electronics,East,4,3364.84,527.28
2023-07-29,Camera,Electronics,South,3,1098.22,77.81
2022-05-14,Headphones,Accessories,West,3,1083.8,257.44
2022-09-09,Laptop,Electronics,East,4,1628.99,314.96
2024-11-19,Keyboard,Accessories,South,2,736.055,193.635
2023-07-03,Monitor,Accessories,South,6,6402.8,1602.79
2024-04-17,Monitor,Accessories,West,3,2565.93,510.73
2024-10-18,Mouse,Accessories,South,3,2214.54,127.34
2024-06-16,Monitor,Accessories,West,3,975.32,291.81
2022-04-11,Smartphone,Electronics,East,18,16290.24,4768.84
2024-10-06,Smartphone,Electronics,North,6,600.94,76.88
2024-02-27,Monitor,Accessories,East,2,2248.88,473.21
2023-10-10,Monitor,Accessories,North,6,1614.43,166.62
2022-05-03,Monitor,Accessories,West,2,1476.71,195.74
2024-11-05,Printer,Office,South,5,4375.6,347.43
2024-09-03,Smartwatch,Electronics,North,4,1064.6,263.48
2022-10-04,Headphones,Accessories,North,6,1068.54,190.77
2023-12-17,Keyboard,Accessories,East,1,190.29,27.43
2024-12-03,Keyboard,Accessories,North,1,619.775,71.675
2023-09-10,Monitor,Accessories,East,2,1394.56,408.32
2024-02-07,Smartphone,Electronics,North,5,2060.4,403.19
2023-06-09,Laptop,Electronics,East,2,2121.7,114.52
2022-12-16,Monitor,Accessories,North,7,7812.78,1478.43
2024-06-17,Camera,Electronics,North,7,7077.12,804.15
2023-06-10,Smartphone,Electronics,West,14,11424.04,1858.84
2024-06-18,Tablet,Electronics,West,2,992.13,238.18
2022-04-13,Smartwatch,Electronics,North,2,1756.45,165.6
2023-04-09,Monitor,Accessories,West,4,3632.95,566.81
2024-03-17,Headphones,Accessories,East,4,3912.6,550.09
2022-11-02,Tablet,Electronics,South,8,408.67,83.16
2022-12-18,Smartphone,Electronics,South,8,8113.8,1537.62
2024-05-07,Laptop,Electronics,West,2,1540.22,243.5
2022-02-07,Smartwatch,Electronics,North,3,531.92,73.35
,Monitor,Accessories,South,5,280.03,79.77
2024-04-01,Laptop,Electronics,East,14,9101.88,1785.46
2023-04-07,Smartwatch,Electronics,West,5,2480.04,601.66
2022-02-25,Keyboard,Accessories,West,7,1351.77,310.03
2023-09-03,Monitor,Accessories,South,5,4615.34,251.0
2024-03-22,Mouse,Accessories,West,1,829.34,165.05
2024-03-15,Camera,Electronics,West,3,177.96,43.41
2023-04-26,Laptop,Electronics,South,5,275.08,64.9
2022-12-15,Mouse,Accessories,North,0,282.32,82.25
2024-08-13,Keyboard,Accessories,South,2,684.68,71.39
2023-10-20,Laptop,Electronics,South,4,2656.73,687.63
2024-07-12,Laptop,Electronics,West,10,2380.92,693.58
2024-08-31,Laptop,Electronics,South,6,3055.74,728.1
2023-10-19,Mouse,Accessories,East,4,1168.56,177.54
2023-04-16,Tablet,Electronics,South,8,6328.95,1257.81
2024-06-17,Smartphone,Electronics,North,3,2193.14,477.95
2023-04-28,Smartwatch,Electronics,East,8,7600.09,1099.88
2023-03-15,Printer,Office,West,9,1764.5,322.11
2022-05-20,Keyboard,Accessories,East,1,635.31,42.145
2023-01-21,Tablet,Electronics,North,1,607.44,33.77
2023-03-23,Mouse,Accessories,South,2,1672.29,469.64
2023-06-28,Keyboard,Accessories,South,3,2859.205,679.13
2022-04-30,Headphones,Accessories,South,8,584.88,107.27
2023-03-24,Camera,Electronics,West,7,7455.63,966.64
2022-03-25,Keyboard,Accessories,North,3,3839.77,1135.04
2022-06-02,Tablet,Electronics,West,7,847.7,154.05
2022-07-31,Mouse,Accessories,West,3,1278.51,178.78
2024-01-21,Keyboard,Accessories,East,8,6592.88,1024.82
2023-09-13,Monitor,Accessories,East,8,3544.7,454.14
2023-12-19,Camera,Electronics,West,3,1959.72,274.27
2022-08-02,Mouse,Accessories,South,6,3384.24,924.03
2023-11-25,Smartphone,Electronics,North,2,614.7,100.4
2022-07-29,Camera,Electronics,West,9,10017.83,1468.72
2024-11-04,Tablet,Electronics,South,7,7931.92,504.39
2024-10-20,Laptop,Electronics,North,4,2337.62,396.8
2024-03-19,Smartphone,Electronics,South,9,9765.06,909.99
2023-09-21,Tablet,Electronics,South,8,1456.21,271.26
,Smartphone,Electronics,South,5,950.6,61.9
2022-06-24,Smartwatch,Electronics,West,2,2314.08,600.76
2023-10-06,Smartwatch,Electronics,North,1,915.52,264.3
2022-12-06,Laptop,Electronics,North,2,581.18,122.28
2022-01-15,Tablet,Electronics,North,7,3584.98,940.88
2024-03-04,Mouse,Accessories,West,3,627.04,102.785
2023-01-24,Laptop,Electronics,North,5,2410.88,636.83
2022-06-28,Smartwatch, ,West,5,990.93,87.61
2023-05-14,Laptop,Electronics,West,18,19404.34,5542.98
2023-09-04,Keyboard,Accessories,East,8,5888.32,354.27
2023-09-20,Tablet,Electronics,East,4,1768.12,345.33
2022-06-01,Headphones,Accessories,North,2,1022.41,76.04
2023-12-03,Tablet,Electronics,North,3,2883.54,671.91
2023-02-15,Monitor,Accessories,North,4,4064.89,771.16
2022-09-18,Monitor,Accessories,East,1,1117.24,119.89
2022-04-12,Laptop,Electronics,South,4,260.26,66.02
2024-11-01,Smartwatch,Electronics,East,9,10530.19,1777.32
