,Year,Quarter,Year-Month,Order Date,Region,Category,Product Name,Unit Price,Quantity,Sales,Profit,Profit Margin
0,2022,2022Q4,2022-11,2022-11-27,East,Accessories,Mouse,199.55499999999998,3,598.665,53.265,0.0889729648467841
1,2022,2022Q2,2022-05,2022-05-11,South,Electronics,Tablet,1173.114,5,5865.57,502.73,0.08570863530739553
2,2024,2024Q1,2024-03,2024-03-16,South,Accessories,Mouse,393.48,1,393.48,101.435,0.2577894683338416
3,2023,2023Q4,2023-12,2023-12-01,West,Electronics,Camera,524.38,1,524.38,106.35,0.20281093863228955
4,2023,2023Q4,2023-10,2023-10-09,North,Accessories,Headphones,881.0457142857142,7,6167.32,1027.98,0.16668180019846546
5,2022,2022Q1,2022-01,2022-01-14,South,Electronics,Camera,437.0757142857143,7,3059.53,873.5,0.2855013678571545
6,2022,2022Q2,2022-04,2022-04-02,East,Electronics,Smartwatch,614.0033333333333,9,5526.03,595.28,0.10772290414637634
7,2023,2023Q4,2023-12,2023-12-04,South,Accessories,Monitor,1179.01,6,7074.06,1357.68,0.19192373262313298
8,2022,2022Q3,2022-09,2022-09-27,East,Electronics,Smartwatch,251.16,2,502.32,137.4,0.2735308170090779
9,2024,2024Q1,2024-02,2024-02-03,West,Electronics,Smartphone,841.184,10,8411.84,1170.58,0.13915861452428957
10,2023,2023Q4,2023-10,2023-10-10,West,Electronics,Camera,570.09,1,570.09,138.54,0.24301426090617267
11,2022,2022Q4,2022-10,2022-10-16,East,Accessories,Headphones,441.49,1,441.49,102.42,0.23198713447643207
12,2022,2022Q2,2022-05,2022-05-15,North,Accessories,Mouse,1244.96,3,3734.88,294.905,0.07895969883905238
13,2023,2023Q1,2023-02,2023-02-11,South,Electronics,Tablet,1106.17,2,2212.34,145.75,0.06588047045210049
14,2023,2023Q4,2023-12,2023-12-27,East,Electronics,Tablet,148.184,5,740.92,146.39,0.19757868595799816
15,2024,2024Q1,2024-03,2024-03-05,North,Accessories,Mouse,816.1228571428571,7,5712.86,651.27,0.11400069317294666
16,2023,2023Q3,2023-07,2023-07-18,North,Electronics,Smartwatch,913.1,3,2739.3,572.73,0.20907896177855656
17,2023,2023Q2,2023-06,2023-06-25,West,Accessories,Keyboard,280.15999999999997,5,1400.8,213.63,0.15250571102227298
18,2023,2023Q4,2023-11,2023-11-13,North,Office,Printer,1159.0433333333333,3,3477.13,939.2,0.27010781880458884
19,2022,2022Q3,2022-07,2022-07-09,North,Electronics,Camera,695.114,5,3475.57,570.36,0.16410545608346255
20,2023,2023Q4,2023-12,2023-12-11,West,Electronics,Laptop,682.05,9,6138.45,1562.14,0.25448443825395667
21,2023,2023Q1,2023-03,2023-03-18,West,Electronics,Camera,733.0899999999999,5,3665.45,406.93,0.11101774679780109
22,2024,2024Q2,2024-05,2024-05-04,North,Electronics,Laptop,691.035,2,1382.07,211.11,0.1527491371638195
23,2022,2022Q3,2022-09,2022-09-04,West,Electronics,Laptop,1126.39,2,2252.78,388.16,0.17230266603929367
24,2024,2024Q1,2024-01,2024-01-22,West,Accessories,Mouse,247.12,4,988.48,147.91,0.14963378115895112
25,2023,2023Q2,2023-05,2023-05-04,North,Accessories,Headphones,913.3299999999999,3,2739.99,202.81,0.07401851831576028
26,2023,2023Q2,2023-04,2023-04-18,South,Electronics,Tablet,387.0057142857143,7,2709.04,702.79,0.2594240025987065
27,2022,2022Q4,2022-12,2022-12-12,West,Office,Printer,312.24666666666667,3,936.74,201.24,0.21483015564617716
28,2022,2022Q3,2022-09,2022-09-11,West,Electronics,Camera,930.0275,4,3720.11,410.92,0.11045909932770805
29,2024,2024Q1,2024-03,2024-03-26,West,Accessories,Mouse,1064.008,5,5320.04,716.91,0.13475650559018354
30,2023,2023Q3,2023-09,2023-09-20,East,Accessories,Headphones,201.155,4,804.62,121.51,0.15101538614501256
31,2023,2023Q2,2023-05,2023-05-25,North,Electronics,Laptop,153.09625,16,2449.54,493.54,0.20148272736922035
32,2022,2022Q4,2022-12,2022-12-04,South,Accessories,Headphones,963.048888888889,9,8667.44,781.78,0.09019733623768955
33,2022,2022Q2,2022-06,2022-06-10,West,Accessories,Monitor,1006.0533333333333,3,3018.16,320.11,0.10606130887693165
34,2023,2023Q1,2023-02,2023-02-05,West,Electronics,Laptop,865.126,10,8651.26,2046.78,0.23658750286085495
35,2024,2024Q1,2024-01,2024-01-20,South,Electronics,Laptop,519.3266666666667,3,1557.98,181.08,0.11622742268835287
36,2022,2022Q1,2022-01,2022-01-27,South,Accessories,Monitor,612.0483333333333,6,3672.29,1002.5,0.2729904228696535
37,2023,2023Q1,2023-03,2023-03-29,West,Accessories,Mouse,333.49,1,333.49,72.34,0.21691804851719693
38,2024,2024Q4,2024-11,2024-11-26,West,Accessories,Mouse,148.115,3,444.345,105.195,0.2367417209600648
39,2024,2024Q3,2024-09,2024-09-19,West,Electronics,Laptop,656.028,10,6560.28,1908.34,0.2908930716371862
40,2023,2023Q3,2023-07,2023-07-20,South,Accessories,Mouse,206.50833333333333,3,619.525,88.695,0.1431661353456277
41,2024,2024Q2,2024-05,2024-05-03,East,Accessories,Headphones,735.0125,8,5880.1,436.85,0.07429295420145916
42,2022,2022Q3,2022-09,2022-09-03,West,Electronics,Smartphone,834.035,4,3336.14,874.6,0.262159261901479
43,2024,2024Q3,2024-07,2024-07-09,West,Office,Printer,587.1357142857142,7,4109.95,1037.64,0.25247022469859737
44,2022,2022Q4,2022-11,2022-11-17,West,Electronics,Smartwatch,85.07428571428571,7,595.52,148.5,0.2493619022031166
45,2022,2022Q2,2022-05,2022-05-30,South,Accessories,Monitor,624.2566666666667,3,1872.77,553.1,0.2953379219017819
46,2024,2024Q2,2024-04,2024-04-17,East,Electronics,Smartwatch,354.06333333333333,6,2124.38,126.03,0.059325544394129105
47,2024,2024Q3,2024-09,2024-09-30,West,Accessories,Monitor,1042.026,5,5210.13,1338.8,0.2569609587476704
48,2024,2024Q2,2024-06,2024-06-02,South,Accessories,Mouse,960.3216666666667,3,2880.965,181.24,0.06290947651221032
49,2022,2022Q3,2022-09,2022-09-26,South,Accessories,Headphones,985.092857142857,7,6895.65,1596.35,0.23150101875820264
50,2024,2024Q4,2024-12,2024-12-17,East,Electronics,Smartwatch,706.2966666666666,3,2118.89,317.08,0.14964438927929247
51,2024,2024Q4,2024-10,2024-10-09,North,Electronics,Smartwatch,166.08599999999998,5,830.43,58.28,0.07018050889298316
52,2023,2023Q3,2023-07,2023-07-14,North,Electronics,Smartwatch,851.61,1,851.61,93.56,0.1098624957433567
53,2022,2022Q2,2022-06,2022-06-03,West,Accessories,Mouse,910.0266666666666,3,2730.08,422.875,0.15489472835960852
54,2024,2024Q4,2024-12,2024-12-28,East,Accessories,Headphones,1159.158,5,5795.79,310.6,0.05359062353881007
55,2022,2022Q3,2022-08,2022-08-06,South,Electronics,Laptop,502.0125,8,4016.1,676.88,0.1685416199795822
56,2023,2023Q2,2023-06,2023-06-06,South,Accessories,Mouse,406.0657142857143,7,2842.46,425.24,0.149602808834601
57,2024,2024Q1,2024-02,2024-02-01,East,Accessories,Mouse,851.015,2,1702.03,196.11,0.11522123581840508
58,2023,2023Q2,2023-05,2023-05-31,West,Electronics,Smartwatch,1065.84,1,1065.84,228.63,0.2145068678225625
59,2024,2024Q2,2024-06,2024-06-14,West,Electronics,Tablet,307.03285714285715,7,2149.23,121.69,0.056620277960013586
60,2023,2023Q1,2023-02,2023-02-01,West,Accessories,Mouse,1116.1566666666665,3,3348.47,331.28,0.09893473735765887
61,2024,2024Q2,2024-04,2024-04-28,South,Electronics,Smartphone,803.1533333333333,3,2409.46,531.79,0.22070920455205728
62,2024,2024Q2,2024-04,2024-04-05,North,Electronics,Tablet,164.4,2,328.8,39.51,0.12016423357664233
63,2024,2024Q1,2024-01,2024-01-09,North,Electronics,Smartwatch,506.14,5,2530.7,486.09,0.19207729086813927
64,2024,2024Q2,2024-05,2024-05-22,South,Office,Printer,328.066,5,1640.33,391.36,0.23858613815512733
65,2023,2023Q4,2023-12,2023-12-30,South,Electronics,Laptop,111.82,2,223.64,38.66,0.17286710785190484
66,2022,2022Q1,2022-03,2022-03-17,North,Accessories,Headphones,445.05,1,445.05,128.89,0.2896079092236827
67,2024,2024Q2,2024-06,2024-06-09,North,Accessories,Mouse,667.88,1,667.88,88.22,0.13208959693358088
68,2024,2024Q4,2024-12,2024-12-01,South,Accessories,Keyboard,618.024,5,3090.12,242.15,0.07836265258307121
69,2023,2023Q4,2023-10,2023-10-20,East,Office,Printer,782.036,5,3910.18,538.52,0.13772256008674794
70,2024,2024Q1,2024-03,2024-03-05,South,Electronics,Camera,219.2,1,219.2,32.67,0.14904197080291973
71,2022,2022Q4,2022-12,2022-12-05,West,Electronics,Smartphone,78.196,5,390.98,27.77,0.07102665097958974
72,2022,2022Q3,2022-08,2022-08-05,North,Electronics,Laptop,549.0466666666667,12,6588.56,719.22,0.10916194130432143
73,2023,2023Q1,2023-03,2023-03-21,West,Accessories,Keyboard,1143.1475,2,2286.295,519.025,0.22701576130814263
74,2022,2022Q1,2022-02,2022-02-08,South,Accessories,Monitor,140.14142857142858,7,980.99,109.94,0.11207045943383724
75,2023,2023Q2,2023-04,2023-04-01,North,Accessories,Headphones,1131.485,2,2262.97,532.12,0.2351423129780775
76,2022,2022Q4,2022-12,2022-12-14,South,Electronics,Camera,1074.0414285714285,7,7518.29,1655.91,0.2202508815169407
77,2022,2022Q2,2022-05,2022-05-14,South,Electronics,Camera,873.25,1,873.25,158.97,0.1820440881763527
78,2022,2022Q1,2022-02,2022-02-16,North,Accessories,Mouse,252.155,6,1512.93,423.03,0.27960976383573594
79,2024,2024Q3,2024-08,2024-08-28,West,Electronics,Laptop,705.65,2,1411.3,330.32,0.23405370934599307
80,2023,2023Q4,2023-10,2023-10-30,North,Electronics,Smartwatch,407.03875,8,3256.31,533.7,0.16389717195230186
81,2023,2023Q2,2023-06,2023-06-24,West,Electronics,Tablet,139.1975,4,556.79,81.77,0.14685967779593742
82,2023,2023Q2,2023-05,2023-05-17,East,Accessories,Mouse,887.71125,4,3550.845,1052.91,0.2965237851835268
83,2023,2023Q1,2023-03,2023-03-26,South,Accessories,Headphones,932.035,6,5592.21,1294.16,0.23142192442701545
84,2024,2024Q4,2024-10,2024-10-12,North,Electronics,Tablet,926.495,2,1852.99,168.92,0.09116077258916669
85,2022,2022Q2,2022-06,2022-06-26,East,Accessories,Monitor,195.14,1,195.14,57.88,0.29660756380034853
86,2022,2022Q2,2022-04,2022-04-15,East,Accessories,Mouse,985.62,4,3942.48,1027.01,0.26049846796939996
87,2023,2023Q4,2023-12,2023-12-10,East,Electronics,Laptop,872.0459999999999,5,4360.23,1160.55,0.26616715173282146
88,2024,2024Q3,2024-09,2024-09-23,North,Accessories,Mouse,820.1566666666666,6,4920.94,929.18,0.1888216478965401
89,2022,2022Q1,2022-01,2022-01-01,East,Accessories,Mouse,1158.28,3,3474.84,565.0,0.16259741455721702
90,2022,2022Q1,2022-02,2022-02-03,West,Accessories,Keyboard,930.14,1,930.14,222.5,0.23921130152450168
91,2023,2023Q1,2023-03,2023-03-14,South,Electronics,Tablet,203.1357142857143,7,1421.95,248.02,0.17442244804669643
92,2024,2024Q3,2024-07,2024-07-07,East,Electronics,Camera,673.49,1,673.49,114.42,0.16989116393710374
93,2022,2022Q2,2022-04,2022-04-13,South,Accessories,Mouse,627.086,5,3135.43,787.7,0.2512255097386962
94,2024,2024Q2,2024-05,2024-05-08,East,Electronics,Smartphone,147.04166666666666,12,1764.5,368.96,0.20910172853499573
95,2024,2024Q3,2024-09,2024-09-10,East,Electronics,Smartphone,298.105,4,1192.42,212.77,0.17843545059626642
96,2024,2024Q3,2024-09,2024-09-10,North,Electronics,Tablet,834.02,1,834.02,95.54,0.11455360782715043
97,2022,2022Q2,2022-05,2022-05-06,East,Electronics,Smartphone,102.12166666666667,6,612.73,83.75,0.13668336787818453
98,2024,2024Q2,2024-06,2024-06-18,West,Accessories,Headphones,897.1033333333334,9,8073.93,710.23,0.08796583572064658
99,2023,2023Q4,2023-10,2023-10-29,North,Accessories,Keyboard,330.05,4,1320.2,361.94,0.2741554309953037
100,2023,2023Q4,2023-11,2023-11-13,North,Electronics,Smartphone,1078.1299999999999,6,6468.78,881.4,0.13625444055911626
101,2022,2022Q3,2022-08,2022-08-21,West,Accessories,Monitor,887.074,5,4435.37,355.51,0.08015340321100607
102,2024,2024Q1,2024-03,2024-03-04,North,Electronics,Smartwatch,1151.175,2,2302.35,305.07,0.13250374617238908
103,2022,2022Q2,2022-04,2022-04-17,East,Electronics,Camera,288.1033333333333,6,1728.62,307.44,0.1778528537214657
104,2023,2023Q4,2023-12,2023-12-20,East,Electronics,Laptop,57.035,8,456.28,108.1,0.23691592881563953
105,2022,2022Q1,2022-03,2022-03-19,West,Electronics,Tablet,575.0216666666666,6,3450.13,705.74,0.204554610985673
106,2023,2023Q2,2023-04,2023-04-30,West,Electronics,Smartphone,788.0916666666667,12,9457.1,1411.7,0.14927409036596842
107,2024,2024Q1,2024-03,2024-03-22,North,Electronics,Smartwatch,135.04857142857142,7,945.34,124.62,0.1318255865614488
108,2022,2022Q1,2022-03,2022-03-08,North,Electronics,Laptop,74.24,4,296.96,65.05,0.21905307112068967
109,2023,2023Q3,2023-09,2023-09-15,West,Electronics,Smartphone,160.1675,4,640.67,149.89,0.23395820000936518
110,2023,2023Q1,2023-03,2023-03-01,North,Electronics,Tablet,797.67,1,797.67,65.27,0.08182581769403387
111,2023,2023Q4,2023-10,2023-10-24,North,Accessories,Monitor,364.1175,4,1456.47,431.89,0.2965320260630154
112,2024,2024Q2,2024-04,2024-04-22,South,Accessories,Monitor,673.0966666666667,6,4038.58,364.11,0.09015792679605208
113,2023,2023Q2,2023-06,2023-06-27,West,Electronics,Tablet,808.1271428571429,7,5656.89,355.81,0.06289851844387993
114,2023,2023Q2,2023-04,2023-04-13,West,Accessories,Mouse,969.1,4,3876.4,302.37,0.07800278609018677
115,2023,2023Q2,2023-05,2023-05-19,South,Accessories,Keyboard,167.14666666666668,3,501.44,57.35,0.11437061263560945
116,2024,2024Q4,2024-11,2024-11-15,East,Accessories,Headphones,243.01777777777775,9,2187.16,413.76,0.18917683205618246
117,2024,2024Q2,2024-04,2024-04-24,East,Accessories,Monitor,188.192,5,940.96,266.02,0.28271127359292636
118,2022,2022Q1,2022-01,2022-01-10,North,Accessories,Headphones,951.42,1,951.42,127.58,0.1340943011498602
119,2022,2022Q4,2022-11,2022-11-17,East,Office,Printer,62.295,2,124.59,27.42,0.2200818685287744
120,2023,2023Q3,2023-08,2023-08-11,East,Electronics,Smartphone,425.05600000000004,10,4250.56,1265.36,0.2976925393359933
121,2022,2022Q1,2022-03,2022-03-19,South,Accessories,Headphones,54.148,5,270.74,29.41,0.10862820418113318
122,2022,2022Q3,2022-07,2022-07-17,South,Electronics,Smartphone,153.08599999999998,10,1530.86,315.28,0.2059495969585723
123,2024,2024Q4,2024-11,2024-11-04,East,Accessories,Headphones,603.1214285714286,7,4221.85,358.02,0.08480168646446462
124,2023,2023Q1,2023-02,2023-02-24,North,Electronics,Laptop,527.1675,4,2108.67,576.48,0.2733855937628932
125,2024,2024Q2,2024-05,2024-05-14,South,Accessories,Keyboard,566.0916666666667,3,1698.275,457.085,0.2691466340845858
126,2022,2022Q1,2022-01,2022-01-15,North,Accessories,Monitor,265.205,4,1060.82,213.05,0.20083520295620372
127,2022,2022Q2,2022-05,2022-05-10,East,Electronics,Tablet,96.144,5,480.72,73.07,0.15200116491928772
128,2022,2022Q1,2022-03,2022-03-10,West,Accessories,Headphones,843.0766666666667,3,2529.23,285.65,0.11293951123464453
129,2022,2022Q1,2022-01,2022-01-23,East,Electronics,Smartwatch,599.105,8,4792.84,511.97,0.10681975613623655
130,2024,2024Q3,2024-09,2024-09-19,East,Electronics,Smartwatch,1007.0975,8,8056.78,605.8,0.07519132953859979
131,2024,2024Q2,2024-06,2024-06-06,North,Electronics,Tablet,1057.045,4,4228.18,947.76,0.22415318174722929
132,2024,2024Q4,2024-10,2024-10-10,East,Electronics,Tablet,653.12,1,653.12,93.78,0.14358770210681038
133,2024,2024Q1,2024-03,2024-03-24,North,Electronics,Tablet,828.0755555555556,9,7452.68,1212.51,0.16269449379283693
134,2023,2023Q3,2023-07,2023-07-21,East,Accessories,Mouse,1032.1675,2,2064.335,578.355,0.28016528325102275
135,2022,2022Q3,2022-07,2022-07-21,West,Electronics,Tablet,1018.0219999999999,5,5090.11,1201.56,0.2360577669244869
136,2022,2022Q3,2022-09,2022-09-01,North,Electronics,Camera,986.198,5,4930.99,387.33,0.07855014915868822
137,2023,2023Q2,2023-04,2023-04-20,South,Electronics,Smartwatch,435.1133333333333,6,2610.68,434.37,0.1663819388052155
138,2023,2023Q4,2023-12,2023-12-11,North,Electronics,Laptop,713.1533333333333,6,4278.92,831.68,0.19436680283809932
139,2024,2024Q3,2024-09,2024-09-29,South,Electronics,Tablet,226.72,1,226.72,55.4,0.24435426958362738
140,2023,2023Q4,2023-11,2023-11-20,West,Electronics,Smartwatch,1122.18,2,2244.36,212.08,0.09449464435295585
141,2023,2023Q4,2023-12,2023-12-24,South,Electronics,Laptop,484.01000000000005,7,3388.07,347.19,0.10247427001213079
142,2022,2022Q2,2022-04,2022-04-24,South,Electronics,Smartphone,551.18,4,2204.72,353.06,0.1601382488479263
143,2024,2024Q3,2024-07,2024-07-13,East,Accessories,Monitor,880.0533333333333,3,2640.16,199.97,0.07574162171989576
144,2022,2022Q2,2022-06,2022-06-11,West,Office,Printer,849.0466666666666,3,2547.14,300.74,0.11806967814882575
145,2024,2024Q4,2024-10,2024-10-28,North,Electronics,Laptop,104.13285714285713,7,728.93,64.82,0.08892486246964729
146,2022,2022Q4,2022-11,2022-11-24,South,Electronics,Camera,492.09999999999997,7,3444.7,607.44,0.1763404650622696
147,2024,2024Q4,2024-10,2024-10-03,West,Electronics,Camera,628.034,5,3140.17,853.66,0.27185152396207846
148,2024,2024Q2,2024-06,2024-06-28,East,Accessories,Keyboard,214.2125,2,428.425,36.495,0.08518410456906109
149,2022,2022Q2,2022-05,2022-05-31,North,Office,Printer,56.49,2,112.98,23.33,0.20649672508408565
150,2023,2023Q1,2023-01,2023-01-31,West,Accessories,Keyboard,756.05,1,756.05,149.365,0.19755968520600492
151,2023,2023Q3,2023-08,2023-08-16,South,Accessories,Mouse,1354.55,1,1354.55,331.77,0.2449300505703001
152,2023,2023Q2,2023-06,2023-06-10,North,Electronics,Tablet,177.0957142857143,7,1239.67,118.36,0.09547702211072301
153,2023,2023Q2,2023-05,2023-05-09,West,Electronics,Tablet,286.275,2,572.55,86.16,0.15048467382761332
154,2022,2022Q2,2022-05,2022-05-08,North,Electronics,Smartwatch,854.405,2,1708.81,93.25,0.054570139453771926
155,2024,2024Q4,2024-11,2024-11-06,North,Electronics,Smartwatch,90.055,4,360.22,42.66,0.11842762756093497
156,2022,2022Q4,2022-12,2022-12-08,North,Electronics,Camera,637.0233333333333,6,3822.14,388.34,0.10160276703626764
157,2022,2022Q3,2022-09,2022-09-25,North,Electronics,Camera,780.1216666666666,6,4680.73,932.97,0.19932147335992464
158,2024,2024Q3,2024-07,2024-07-10,North,Electronics,Camera,504.078,5,2520.39,487.18,0.19329548204841315
159,2024,2024Q1,2024-03,2024-03-29,North,Electronics,Smartwatch,1069.275,2,2138.55,619.29,0.2895840639685768
160,2022,2022Q1,2022-01,2022-01-11,West,Accessories,Keyboard,843.2766666666666,3,2529.83,169.6,0.06704007779178837
161,2022,2022Q2,2022-04,2022-04-08,East,Accessories,Keyboard,236.37,1,236.37,29.33,0.12408512078520961
162,2024,2024Q1,2024-01,2024-01-21,West,Electronics,Tablet,455.13166666666666,6,2730.79,636.48,0.2330754104123715
163,2023,2023Q2,2023-04,2023-04-27,North,Accessories,Headphones,1007.1966666666667,3,3021.59,872.49,0.2887519484774572
164,2024,2024Q4,2024-11,2024-11-06,North,Electronics,Smartwatch,122.42,2,244.84,16.78,0.06853455317758536
165,2022,2022Q2,2022-05,2022-05-11,South,Electronics,Camera,91.00125,8,728.01,120.06,0.16491531709729262
166,2022,2022Q4,2022-10,2022-10-02,North,Accessories,Mouse,151.15333333333334,3,453.46,89.49,0.19734927005689587
167,2022,2022Q1,2022-01,2022-01-12,South,Electronics,Laptop,379.37,1,379.37,84.38,0.22242138281888393
168,2023,2023Q1,2023-01,2023-01-09,West,Electronics,Tablet,710.2466666666666,3,2130.74,510.69,0.2396772952119921
169,2023,2023Q2,2023-05,2023-05-04,North,Accessories,Monitor,515.12,8,4120.96,710.11,0.1723166446653207
170,2024,2024Q3,2024-09,2024-09-07,South,Electronics,Smartwatch,450.1014285714286,7,3150.71,299.7,0.09512141707742064
171,2022,2022Q2,2022-05,2022-05-17,East,Electronics,Smartwatch,384.0357142857143,7,2688.25,603.07,0.2243355342695062
172,2023,2023Q3,2023-08,2023-08-17,East,Electronics,Tablet,876.12,2,1752.24,501.19,0.2860281696571246
173,2022,2022Q2,2022-05,2022-05-11,North,Electronics,Tablet,669.21,3,2007.63,160.84,0.08011436370247506
174,2023,2023Q2,2023-05,2023-05-12,West,Electronics,Tablet,1032.097142857143,7,7224.68,479.23,0.06633234966808219
175,2023,2023Q2,2023-05,2023-05-08,South,Accessories,Monitor,771.031111111111,9,6939.28,1249.31,0.18003452807784093
176,2023,2023Q1,2023-01,2023-01-12,South,Electronics,Laptop,797.118,10,7971.18,1648.8,0.2068451596877752
177,2022,2022Q1,2022-01,2022-01-03,North,Electronics,Camera,389.0228571428571,7,2723.16,638.26,0.23438211489592975
178,2022,2022Q4,2022-10,2022-10-20,North,Electronics,Tablet,373.43,2,746.86,170.75,0.22862383847039605
179,2024,2024Q3,2024-08,2024-08-21,West,Electronics,Laptop,634.154,5,3170.77,245.25,0.07734714280758302
180,2023,2023Q4,2023-12,2023-12-11,East,Electronics,Smartwatch,110.16400000000002,5,550.82,63.11,0.11457463418176536
181,2022,2022Q3,2022-08,2022-08-14,North,Electronics,Tablet,60.0675,8,480.54,132.45,0.27562741915345235
182,2024,2024Q2,2024-06,2024-06-03,East,Office,Printer,821.185,4,3284.74,354.4,0.10789286214434018
183,2024,2024Q1,2024-01,2024-01-23,South,Electronics,Smartwatch,874.05,2,1748.1,183.75,0.10511412390595504
184,2023,2023Q4,2023-11,2023-11-20,North,Accessories,Headphones,103.06125,8,824.49,240.84,0.2921078484881563
185,2022,2022Q1,2022-03,2022-03-03,North,Accessories,Headphones,468.1675,4,1872.67,448.46,0.2394762558272413
186,2024,2024Q1,2024-02,2024-02-20,West,Electronics,Tablet,209.32333333333335,3,627.97,103.98,0.16558115833558928
187,2024,2024Q3,2024-08,2024-08-09,East,Electronics,Camera,629.0,9,5661.0,1104.02,0.19502208090443385
188,2022,2022Q2,2022-06,2022-06-19,North,Electronics,Camera,970.0,3,2910.0,765.47,0.26304810996563577
189,2024,2024Q3,2024-08,2024-08-30,West,Electronics,Tablet,963.0260000000001,5,4815.13,338.31,0.07025978530174679
190,2024,2024Q1,2024-02,2024-02-20,East,Electronics,Tablet,620.62,1,620.62,165.43,0.26655602462054073
191,2023,2023Q1,2023-02,2023-02-26,West,Electronics,Camera,405.12399999999997,5,2025.62,414.42,0.20458921219182277
192,2023,2023Q2,2023-04,2023-04-12,South,Electronics,Smartphone,414.0475,8,3312.38,811.31,0.24493264661663214
193,2024,2024Q1,2024-01,2024-01-01,West,Accessories,Mouse,965.0033333333334,3,2895.01,642.605,0.221969872297505
194,2023,2023Q4,2023-12,2023-12-06,South,Electronics,Laptop,450.13000000000005,12,5401.56,1055.94,0.19548797014195898
195,2023,2023Q4,2023-12,2023-12-05,East,Electronics,Smartwatch,259.07125,8,2072.57,555.06,0.26781242611829753
196,2024,2024Q4,2024-10,2024-10-27,North,Accessories,Keyboard,1495.675,1,1495.675,358.27,0.2395373326424524
197,2024,2024Q3,2024-08,2024-08-04,East,Electronics,Laptop,928.0716666666667,12,11136.86,1917.18,0.1721472659259432
198,2024,2024Q2,2024-04,2024-04-28,South,Electronics,Smartphone,1095.1375,4,4380.55,362.81,0.08282293319332047
199,2022,2022Q1,2022-03,2022-03-25,South,Electronics,Tablet,352.098,5,1760.49,272.68,0.1548886957608393
200,2024,2024Q4,2024-10,2024-10-05,North,Accessories,Headphones,619.0588888888889,9,5571.53,1523.81,0.2734993798830842
201,2024,2024Q4,2024-12,2024-12-19,South,Electronics,Tablet,541.41,2,1082.82,182.1,0.1681719953454868
202,2022,2022Q3,2022-07,2022-07-18,East,Electronics,Camera,569.08,1,569.08,138.11,0.24268995571800098
203,2023,2023Q2,2023-06,2023-06-11,North,Accessories,Mouse,427.045,8,3416.36,697.42,0.20414124975119716
204,2023,2023Q3,2023-08,2023-08-07,East,Accessories,Monitor,550.1466666666666,6,3300.88,386.92,0.11721722692130583
205,2022,2022Q4,2022-12,2022-12-04,South,Electronics,Laptop,323.1175,16,5169.88,1137.54,0.22003218643372766
206,2023,2023Q4,2023-12,2023-12-15,West,Accessories,Monitor,141.15833333333333,6,846.95,190.87,0.2253615915933644
207,2023,2023Q3,2023-08,2023-08-12,West,Electronics,Smartphone,51.54,2,103.08,18.72,0.18160651920838183
208,2024,2024Q2,2024-05,2024-05-20,South,Electronics,Smartwatch,1176.105,6,7056.63,586.91,0.08317142885484997
209,2024,2024Q2,2024-06,2024-06-05,West,Electronics,Smartwatch,192.135,2,384.27,38.41,0.0999557602727249
210,2022,2022Q1,2022-01,2022-01-09,South,Electronics,Laptop,366.11625,8,2928.93,663.54,0.22654689596542082
211,2023,2023Q4,2023-12,2023-12-17,West,Electronics,Camera,272.0057142857143,7,1904.04,352.86,0.18532173693829962
212,2022,2022Q3,2022-09,2022-09-08,East,Electronics,Tablet,1157.375,2,2314.75,312.07,0.13481801490441733
213,2022,2022Q1,2022-01,2022-01-22,South,Office,Printer,257.0925,4,1028.37,192.13,0.18682964302731508
214,2024,2024Q3,2024-09,2024-09-04,South,Accessories,Headphones,923.0500000000001,9,8307.45,1326.23,0.15964345256366272
215,2024,2024Q1,2024-01,2024-01-20,West,Office,Printer,171.02444444444444,9,1539.22,203.54,0.13223580774678084
216,2022,2022Q4,2022-11,2022-11-03,West,Electronics,Tablet,358.12857142857143,7,2506.9,537.98,0.21459970481471138
217,2023,2023Q3,2023-07,2023-07-03,West,Electronics,Smartphone,963.0033333333334,12,11556.04,2465.08,0.21331528793600574
218,2024,2024Q2,2024-05,2024-05-11,North,Accessories,Monitor,952.13,1,952.13,157.7,0.16562864314746933
219,2024,2024Q1,2024-01,2024-01-02,West,Electronics,Smartwatch,453.0775,8,3624.62,750.86,0.20715550871539637
220,2023,2023Q1,2023-02,2023-02-24,South,Accessories,Keyboard,996.0175,4,3984.07,775.56,0.1946652543755506
221,2024,2024Q3,2024-07,2024-07-20,South,Accessories,Mouse,627.205,2,1254.41,250.09,0.19936862748224263
222,2022,2022Q2,2022-04,2022-04-10,West,Accessories,Mouse,916.85,1,916.85,223.5,0.2437694279325953
223,2022,2022Q2,2022-05,2022-05-10,East,Accessories,Monitor,280.01125,8,2240.09,313.17,0.13980241865282197
224,2022,2022Q1,2022-01,2022-01-28,South,Accessories,Monitor,940.2,1,940.2,120.35,0.1280046798553499
225,2023,2023Q2,2023-04,2023-04-05,West,Accessories,Headphones,310.062,5,1550.31,203.51,0.13127052008953047
226,2023,2023Q3,2023-09,2023-09-22,South,Accessories,Keyboard,392.11999999999995,3,1176.36,128.2,0.10898024414294943
227,2024,2024Q3,2024-08,2024-08-29,North,Electronics,Smartwatch,182.00777777777776,9,1638.07,183.75,0.11217469338917141
228,2023,2023Q4,2023-11,2023-11-18,North,Electronics,Camera,1194.11,6,7164.66,1442.72,0.20136614996385035
229,2023,2023Q3,2023-09,2023-09-12,East,Accessories,Mouse,205.39,1,205.39,54.54,0.26554359998052485
230,2023,2023Q2,2023-05,2023-05-26,North,Accessories,Keyboard,383.5,1,383.5,24.615,0.0641851368970013
231,2022,2022Q2,2022-05,2022-05-06,South,Accessories,Keyboard,291.144,5,1455.72,423.81,0.29113428406561703
232,2023,2023Q2,2023-05,2023-05-10,East,Electronics,Camera,1112.105,2,2224.21,364.04,0.16367159575759485
233,2022,2022Q4,2022-11,2022-11-04,West,Electronics,Smartphone,200.07999999999998,7,1400.56,80.49,0.05746986919517907
234,2022,2022Q4,2022-11,2022-11-07,East,Electronics,Tablet,566.0766666666667,6,3396.46,987.68,0.29079688852511143
235,2023,2023Q3,2023-08,2023-08-11,East,Electronics,Smartwatch,352.04,2,704.08,135.63,0.19263435973184864
236,2024,2024Q4,2024-10,2024-10-06,West,Accessories,Mouse,512.545,2,1025.09,78.565,0.07664205094186852
237,2022,2022Q1,2022-01,2022-01-19,South,Electronics,Camera,1175.015,4,4700.06,619.26,0.13175576482002357
238,2024,2024Q2,2024-04,2024-04-30,North,Electronics,Smartphone,446.04,2,892.08,222.51,0.24942830239440406
239,2023,2023Q4,2023-12,2023-12-26,East,Electronics,Laptop,871.1225,8,6968.98,1479.09,0.21223909381286787
240,2024,2024Q2,2024-04,2024-04-07,North,Electronics,Laptop,192.02857142857144,7,1344.2,300.88,0.22383573872935575
241,2022,2022Q4,2022-10,2022-10-18,West,Electronics,Camera,354.08,1,354.08,65.99,0.18637031179394487
242,2024,2024Q2,2024-04,2024-04-21,South,Accessories,Monitor,1017.07,3,3051.21,662.23,0.2170384863709807
243,2024,2024Q1,2024-03,2024-03-26,South,Electronics,Camera,134.26333333333335,3,402.79,106.87,0.2653243625710668
244,2022,2022Q4,2022-10,2022-10-31,North,Accessories,Monitor,714.194,5,3570.97,517.82,0.14500821905532674
245,2023,2023Q1,2023-03,2023-03-03,North,Accessories,Keyboard,547.1042857142858,7,3829.73,876.35,0.22882814193167664
246,2023,2023Q1,2023-02,2023-02-03,North,Accessories,Mouse,779.3916666666668,3,2338.175,121.32,0.051886620975761
247,2023,2023Q2,2023-04,2023-04-15,East,Accessories,Keyboard,559.87,1,559.87,158.68,0.2834229374676264
248,2023,2023Q2,2023-05,2023-05-09,East,Electronics,Smartphone,1057.24,4,4228.96,764.3,0.1807300139987136
249,2024,2024Q4,2024-11,2024-11-28,North,Accessories,Keyboard,448.89375,4,1795.575,171.09,0.0952842404243766
250,2022,2022Q1,2022-02,2022-02-05,West,Office,Printer,494.06875,8,3952.55,451.08,0.11412379350039847
251,2024,2024Q4,2024-11,2024-11-15,North,Accessories,Monitor,775.074,5,3875.37,768.74,0.19836557541602481
252,2023,2023Q4,2023-11,2023-11-13,West,Electronics,Smartwatch,427.06375,8,3416.51,478.9,0.14017228107044907
253,2022,2022Q1,2022-02,2022-02-19,West,Electronics,Tablet,908.52,1,908.52,222.58,0.24499185488486772
254,2024,2024Q2,2024-05,2024-05-06,South,Accessories,Headphones,1133.095,4,4532.38,987.32,0.21783698630741466
255,2023,2023Q3,2023-09,2023-09-23,North,Electronics,Laptop,1181.1666666666667,3,3543.5,941.37,0.2656610695639904
256,2024,2024Q3,2024-09,2024-09-14,East,Electronics,Laptop,854.0083333333333,12,10248.1,2157.14,0.21049170090065475
257,2023,2023Q1,2023-03,2023-03-17,South,Electronics,Smartwatch,639.0533333333333,9,5751.48,1196.23,0.20798646609220586
258,2023,2023Q3,2023-09,2023-09-29,East,Electronics,Camera,312.39,2,624.78,139.64,0.22350267294087517
259,2023,2023Q4,2023-12,2023-12-01,South,Electronics,Camera,508.21,1,508.21,151.29,0.29769189901812243
260,2022,2022Q1,2022-03,2022-03-14,West,Accessories,Keyboard,402.12125,4,1608.485,319.89,0.19887658262277857
261,2023,2023Q3,2023-07,2023-07-15,West,Electronics,Laptop,474.08500000000004,6,2844.51,581.0,0.2042531051042183
262,2022,2022Q2,2022-05,2022-05-29,West,Electronics,Smartphone,477.05600000000004,10,4770.56,517.2,0.10841494499597532
263,2023,2023Q1,2023-01,2023-01-16,South,Accessories,Monitor,116.04625,8,928.37,170.05,0.1831705031399119
264,2023,2023Q1,2023-03,2023-03-29,North,Accessories,Headphones,165.015,2,330.03,21.46,0.06502439172196468
265,2023,2023Q4,2023-11,2023-11-01,North,Electronics,Camera,257.0128571428571,7,1799.09,274.11,0.15236035995975744
266,2024,2024Q3,2024-09,2024-09-04,West,Electronics,Camera,1157.192,5,5785.96,1191.11,0.20586212141114005
267,2023,2023Q3,2023-07,2023-07-15,South,Accessories,Monitor,293.11,5,1465.55,149.62,0.1020913650165467
268,2024,2024Q4,2024-10,2024-10-27,West,Accessories,Monitor,183.11,2,366.22,31.23,0.08527660968816558
269,2024,2024Q3,2024-07,2024-07-19,South,Electronics,Camera,627.0600000000001,5,3135.3,277.28,0.08843810799604503
270,2024,2024Q1,2024-03,2024-03-03,North,Accessories,Keyboard,315.18,2,630.36,161.04,0.2554730630116124
271,2024,2024Q2,2024-04,2024-04-12,South,Accessories,Monitor,213.72,1,213.72,42.94,0.20091708777840164
272,2024,2024Q2,2024-06,2024-06-20,North,Accessories,Monitor,948.1825,4,3792.73,1092.85,0.288143369024423
273,2023,2023Q2,2023-06,2023-06-21,East,Accessories,Mouse,966.305,1,966.305,54.535,0.0564366323262324
274,2023,2023Q1,2023-01,2023-01-25,West,Accessories,Keyboard,1038.0575,4,4152.23,317.28,0.07641195213174608
275,2024,2024Q1,2024-02,2024-02-17,North,Electronics,Smartphone,516.0642857142857,7,3612.45,529.57,0.14659580063391883
276,2024,2024Q3,2024-09,2024-09-09,East,Electronics,Smartphone,1129.09,2,2258.18,280.76,0.12433021282625832
277,2022,2022Q3,2022-07,2022-07-09,South,Electronics,Camera,198.01,3,594.03,47.73,0.08034947729912631
278,2024,2024Q1,2024-03,2024-03-30,North,Accessories,Keyboard,834.0685714285713,7,5838.48,631.45,0.10815314944985682
279,2024,2024Q4,2024-12,2024-12-22,North,Accessories,Keyboard,173.1325,4,692.53,181.31,0.26180815271540586
280,2024,2024Q3,2024-09,2024-09-08,South,Accessories,Keyboard,852.285,1,852.285,154.53,0.18131258909871698
281,2023,2023Q4,2023-10,2023-10-12,East,Accessories,Mouse,791.165,3,2373.495,272.785,0.11492967122323831
282,2022,2022Q3,2022-08,2022-08-01,South,Electronics,Smartwatch,950.11625,8,7600.93,788.88,0.10378729971200892
283,2023,2023Q4,2023-11,2023-11-03,West,Electronics,Smartphone,387.12600000000003,5,1935.63,128.01,0.06613350692022751
284,2023,2023Q4,2023-12,2023-12-04,North,Electronics,Laptop,546.2733333333333,6,3277.64,612.58,0.18689666955492368
285,2023,2023Q2,2023-06,2023-06-30,West,Accessories,Keyboard,791.1466666666666,3,2373.44,408.3,0.17202878522313603
286,2023,2023Q1,2023-02,2023-02-01,North,Electronics,Smartphone,603.07125,8,4824.57,1187.93,0.24622505218081614
287,2022,2022Q2,2022-05,2022-05-09,South,Electronics,Camera,1193.44,1,1193.44,153.72,0.12880412923984447
288,2023,2023Q4,2023-12,2023-12-16,East,Electronics,Laptop,281.16,4,1124.64,185.88,0.16527955612462653
289,2022,2022Q1,2022-03,2022-03-20,North,Electronics,Smartphone,775.08375,16,12401.34,2593.68,0.20914514076704613
290,2024,2024Q3,2024-07,2024-07-28,North,Office,Printer,516.03125,8,4128.25,315.48,0.07641979046811603
291,2024,2024Q4,2024-11,2024-11-06,North,Electronics,Laptop,457.31,6,2743.86,209.32,0.07628669101193208
292,2023,2023Q1,2023-01,2023-01-01,West,Accessories,Keyboard,281.018,5,1405.09,194.33,0.13830430790910192
293,2023,2023Q1,2023-03,2023-03-18,North,Accessories,Keyboard,822.275,1,822.275,79.16,0.09626949621476999
294,2024,2024Q3,2024-09,2024-09-18,West,Accessories,Mouse,569.12,6,3414.72,396.92,0.1162379345890732
295,2024,2024Q3,2024-08,2024-08-19,East,Electronics,Laptop,409.0425,16,6544.68,1349.14,0.2061430047000006
296,2022,2022Q2,2022-06,2022-06-18,North,Electronics,Smartphone,885.1066666666667,6,5310.64,1293.82,0.2436278866577286
297,2022,2022Q2,2022-05,2022-05-29,West,Electronics,Smartwatch,239.08571428571426,7,1673.6,458.32,0.2738527724665392
298,2022,2022Q2,2022-06,2022-06-09,East,Electronics,Tablet,423.02,2,846.04,145.09,0.17149307361354074
299,2023,2023Q2,2023-05,2023-05-03,East,Electronics,Smartphone,985.87,2,1971.74,393.28,0.19945834643512836
300,2023,2023Q4,2023-11,2023-11-17,North,Electronics,Smartwatch,839.0777777777778,9,7551.7,894.4,0.11843690824582544
301,2022,2022Q1,2022-02,2022-02-08,North,Electronics,Tablet,171.06199999999998,5,855.31,217.16,0.25389624814394784
302,2023,2023Q4,2023-10,2023-10-23,South,Electronics,Camera,198.475,2,396.95,94.55,0.23819120796070034
303,2022,2022Q3,2022-08,2022-08-24,West,Electronics,Tablet,287.09125,8,2296.73,560.48,0.24403390907943032
304,2024,2024Q2,2024-05,2024-05-09,North,Accessories,Monitor,284.1666666666667,6,1705.0,199.94,0.11726686217008797
305,2023,2023Q1,2023-03,2023-03-12,East,Electronics,Smartphone,590.225,4,2360.9,522.32,0.22123766360286332
306,2022,2022Q4,2022-10,2022-10-05,East,Electronics,Smartphone,137.23333333333332,6,823.4,111.46,0.13536555744474132
307,2024,2024Q2,2024-05,2024-05-23,South,Accessories,Mouse,498.05333333333334,3,1494.16,178.5,0.11946511752422766
308,2024,2024Q3,2024-07,2024-07-11,South,Electronics,Camera,351.06,5,1755.3,358.01,0.20395943713325357
309,2022,2022Q3,2022-08,2022-08-22,South,Electronics,Camera,549.0511111111111,9,4941.46,894.52,0.18102342222743886
310,2024,2024Q4,2024-10,2024-10-11,South,Electronics,Smartphone,1093.028,10,10930.28,1439.84,0.13172947079123315
311,2024,2024Q4,2024-11,2024-11-09,South,Electronics,Tablet,1174.24,3,3522.72,285.91,0.08116171594676842
312,2024,2024Q2,2024-04,2024-04-01,West,Electronics,Tablet,276.0,6,1656.0,139.86,0.08445652173913044
313,2023,2023Q2,2023-06,2023-06-10,East,Accessories,Keyboard,1192.8,1,1192.8,320.13,0.2683853118712274
314,2023,2023Q2,2023-05,2023-05-15,West,Electronics,Tablet,385.106,5,1925.53,204.74,0.10632916651519322
315,2022,2022Q2,2022-06,2022-06-08,West,Electronics,Tablet,211.055,8,1688.44,337.33,0.19978796996043685
316,2023,2023Q2,2023-06,2023-06-26,South,Accessories,Headphones,260.02,1,260.02,16.81,0.0646488731636028
317,2022,2022Q1,2022-01,2022-01-19,West,Accessories,Monitor,976.018,5,4880.09,1250.66,0.2562780604456065
318,2024,2024Q2,2024-04,2024-04-10,West,Accessories,Keyboard,162.00857142857143,7,1134.06,179.74,0.1584924959878666
319,2022,2022Q2,2022-06,2022-06-10,North,Electronics,Laptop,1069.0344444444445,9,9621.31,1201.29,0.12485721798798709
320,2023,2023Q1,2023-02,2023-02-03,South,Accessories,Monitor,709.0825,4,2836.33,698.83,0.2463852936717519
321,2023,2023Q2,2023-05,2023-05-15,North,Office,Printer,651.0955555555555,9,5859.86,1153.89,0.19691426075025686
322,2022,2022Q3,2022-09,2022-09-11,South,Electronics,Smartwatch,1022.44,2,2044.88,460.03,0.22496674621493679
323,2023,2023Q3,2023-07,2023-07-01,South,Accessories,Monitor,612.84,1,612.84,174.52,0.2847725344298675
324,2022,2022Q1,2022-02,2022-02-18,North,Electronics,Smartwatch,630.2533333333333,3,1890.76,492.31,0.2603767797076308
325,2023,2023Q3,2023-09,2023-09-30,East,Electronics,Smartwatch,405.03200000000004,5,2025.16,168.82,0.08336131466155759
326,2022,2022Q3,2022-07,2022-07-07,North,Electronics,Camera,735.0749999999999,6,4410.45,893.27,0.20253488873017492
327,2022,2022Q3,2022-09,2022-09-27,West,Electronics,Smartwatch,952.1633333333333,6,5712.98,638.29,0.11172627945485544
328,2024,2024Q2,2024-04,2024-04-20,North,Electronics,Smartwatch,254.03,6,1524.18,178.36,0.11702029943969873
329,2024,2024Q2,2024-05,2024-05-24,North,Accessories,Keyboard,645.01,4,2580.04,528.705,0.20492124153113908
330,2024,2024Q4,2024-12,2024-12-29,East,Accessories,Mouse,739.2275,4,2956.91,451.6,0.1527270021745674
331,2023,2023Q2,2023-05,2023-05-07,West,Electronics,Smartphone,993.045,8,7944.36,2257.73,0.2841928110005085
332,2024,2024Q3,2024-09,2024-09-10,North,Electronics,Camera,363.026,5,1815.13,535.22,0.2948659324676469
333,2023,2023Q1,2023-03,2023-03-21,North,Accessories,Headphones,902.0166666666668,3,2706.05,546.97,0.20212856377376617
334,2023,2023Q2,2023-05,2023-05-05,North,Electronics,Laptop,678.18,2,1356.36,144.18,0.10629921259842522
335,2023,2023Q2,2023-06,2023-06-13,South,Electronics,Smartwatch,472.07,9,4248.63,964.12,0.22692491461953618
336,2024,2024Q2,2024-05,2024-05-02,North,Accessories,Monitor,659.005,6,3954.03,676.82,0.17117219646790743
337,2024,2024Q2,2024-04,2024-04-21,South,Electronics,Smartphone,1185.1083333333333,12,14221.3,1479.2,0.10401299459261812
338,2023,2023Q3,2023-07,2023-07-25,South,Accessories,Headphones,1159.1200000000001,7,8113.84,995.03,0.12263367283555011
339,2023,2023Q1,2023-01,2023-01-11,West,Accessories,Keyboard,933.2225,2,1866.445,335.595,0.17980438748529962
340,2024,2024Q3,2024-09,2024-09-27,West,Accessories,Mouse,677.0233333333333,6,4062.14,1087.17,0.26763479348323793
341,2024,2024Q4,2024-12,2024-12-03,North,Electronics,Smartwatch,496.44,1,496.44,93.31,0.18795826283135927
342,2023,2023Q3,2023-08,2023-08-24,East,Electronics,Smartwatch,276.17,4,1104.68,84.31,0.0763207444689865
343,2023,2023Q2,2023-05,2023-05-19,West,Electronics,Smartphone,758.2566666666667,6,4549.54,1324.0,0.2910184326327497
344,2022,2022Q2,2022-06,2022-06-13,North,Electronics,Smartwatch,557.0475,8,4456.38,1106.04,0.24819247909738396
345,2022,2022Q3,2022-08,2022-08-26,West,Accessories,Mouse,616.05625,4,2464.225,519.09,0.21065040732887624
346,2023,2023Q1,2023-01,2023-01-22,North,Electronics,Smartphone,435.16,8,3481.28,449.58,0.1291421546097987
347,2023,2023Q2,2023-06,2023-06-28,North,Accessories,Mouse,1039.0875,4,4156.35,847.09,0.2038062242111468
348,2022,2022Q3,2022-09,2022-09-04,West,Electronics,Smartphone,973.0825,4,3892.33,1052.72,0.2704601100112272
349,2024,2024Q3,2024-07,2024-07-18,South,Accessories,Mouse,202.6025,4,810.41,147.3,0.1817598499524932
350,2022,2022Q3,2022-09,2022-09-22,West,Accessories,Mouse,1125.445,1,1125.445,150.985,0.13415582280786714
351,2024,2024Q3,2024-07,2024-07-31,West,Accessories,Monitor,695.14,2,1390.28,316.31,0.22751532065483213
352,2023,2023Q2,2023-04,2023-04-21,South,Electronics,Camera,1031.19,5,5155.95,1325.16,0.257015680912344
353,2022,2022Q3,2022-07,2022-07-09,North,Electronics,Smartwatch,205.108,5,1025.54,262.91,0.2563625017064181
354,2024,2024Q3,2024-07,2024-07-31,South,Accessories,Mouse,595.11,3,1785.33,244.52,0.13696067393703126
355,2022,2022Q3,2022-09,2022-09-30,North,Electronics,Smartwatch,328.0377777777778,9,2952.34,605.85,0.20521010452725635
356,2023,2023Q1,2023-03,2023-03-30,North,Electronics,Tablet,205.03,8,1640.24,361.48,0.2203823830658928
357,2023,2023Q2,2023-04,2023-04-05,North,Accessories,Mouse,998.0033333333334,3,2994.01,638.59,0.21328920077087252
358,2022,2022Q2,2022-05,2022-05-22,West,Office,Printer,937.25,2,1874.5,271.5,0.1448386236329688
359,2023,2023Q3,2023-08,2023-08-19,North,Accessories,Mouse,751.02375,8,6008.19,871.76,0.1450952782784832
360,2023,2023Q3,2023-09,2023-09-06,East,Electronics,Camera,905.00375,8,7240.03,411.19,0.056793963560924476
361,2024,2024Q2,2024-06,2024-06-17,South,Accessories,Monitor,132.09,9,1188.81,348.31,0.2929904694610577
362,2022,2022Q4,2022-10,2022-10-13,North,Accessories,Monitor,725.1279999999999,5,3625.64,268.73,0.07411932789797113
363,2024,2024Q1,2024-03,2024-03-31,East,Electronics,Laptop,869.07875,8,6952.63,871.2,0.12530510037208942
364,2023,2023Q2,2023-05,2023-05-29,North,Electronics,Camera,117.04111111111109,9,1053.37,283.58,0.2692121476784036
365,2024,2024Q4,2024-12,2024-12-21,North,Accessories,Monitor,744.0511111111111,9,6696.46,1224.22,0.18281599531692866
366,2024,2024Q4,2024-10,2024-10-09,North,Accessories,Headphones,710.05,2,1420.1,93.59,0.06590380959087389
367,2022,2022Q4,2022-11,2022-11-28,South,Electronics,Laptop,392.01625,8,3136.13,494.26,0.15760188512593545
368,2023,2023Q1,2023-02,2023-02-10,West,Electronics,Camera,75.2,3,225.6,20.52,0.09095744680851064
369,2022,2022Q2,2022-05,2022-05-12,East,Accessories,Mouse,554.08,3,1662.24,375.04,0.22562325536625277
370,2022,2022Q3,2022-08,2022-08-02,North,Electronics,Smartphone,396.05625,16,6336.9,1494.66,0.23586611750224876
371,2023,2023Q4,2023-12,2023-12-31,East,Electronics,Smartphone,622.55,2,1245.1,209.14,0.16797044414103285
372,2022,2022Q2,2022-04,2022-04-03,North,Electronics,Tablet,411.03999999999996,3,1233.12,361.12,0.2928506552484754
373,2024,2024Q1,2024-01,2024-01-19,West,Electronics,Laptop,191.29333333333332,3,573.88,116.14,0.20237680351292953
374,2022,2022Q1,2022-02,2022-02-18,South,Electronics,Tablet,702.96,1,702.96,129.34,0.183993399339934
375,2024,2024Q2,2024-05,2024-05-14,South,Electronics,Laptop,604.04625,8,4832.37,1261.06,0.2609609777397012
376,2024,2024Q2,2024-05,2024-05-05,North,Electronics,Camera,866.0825,8,6928.66,1415.16,0.20424728591098423
377,2023,2023Q1,2023-02,2023-02-01,West,Accessories,Headphones,232.11999999999998,7,1624.84,436.13,0.2684141207749686
378,2023,2023Q2,2023-04,2023-04-01,North,Accessories,Headphones,68.88,1,68.88,10.39,0.15084204413472707
379,2023,2023Q1,2023-02,2023-02-16,West,Accessories,Keyboard,534.415,2,1068.83,85.71,0.08019048866517595
380,2023,2023Q4,2023-10,2023-10-17,North,Accessories,Keyboard,381.4,1,381.4,26.69,0.06997902464604092
381,2022,2022Q4,2022-10,2022-10-23,South,Accessories,Monitor,436.03999999999996,5,2180.2,400.01,0.18347399321163196
382,2024,2024Q3,2024-09,2024-09-12,North,Electronics,Laptop,317.0466666666667,18,5706.84,706.18,0.12374273678603219
383,2022,2022Q1,2022-03,2022-03-14,North,Electronics,Smartphone,660.09,4,2640.36,183.23,0.0693958399612174
384,2024,2024Q2,2024-04,2024-04-26,North,Accessories,Monitor,244.435,2,488.87,129.02,0.2639147421604926
385,2024,2024Q2,2024-04,2024-04-12,North,Electronics,Tablet,56.077999999999996,5,280.39,23.98,0.08552373479796
386,2024,2024Q4,2024-10,2024-10-03,East,Accessories,Keyboard,1445.0,1,1445.0,302.225,0.20915224913494812
387,2024,2024Q3,2024-07,2024-07-18,West,Electronics,Laptop,625.98,1,625.98,125.9,0.20112463656985846
388,2023,2023Q3,2023-07,2023-07-11,West,Electronics,Tablet,492.00625,8,3936.05,720.2,0.1829753178948438
389,2022,2022Q3,2022-09,2022-09-19,East,Electronics,Smartwatch,412.16499999999996,6,2472.99,363.38,0.14693953473325813
390,2022,2022Q2,2022-06,2022-06-19,West,Accessories,Mouse,213.8625,2,427.725,33.785,0.07898766730960312
391,2024,2024Q1,2024-02,2024-02-25,West,Accessories,Mouse,1740.105,1,1740.105,280.195,0.1610218923570704
392,2023,2023Q1,2023-03,2023-03-07,South,Electronics,Camera,846.19,1,846.19,103.3,0.12207660218154315
393,2022,2022Q1,2022-03,2022-03-09,North,Accessories,Keyboard,158.36,1,158.36,46.24,0.29199292750694616
394,2022,2022Q4,2022-12,2022-12-31,South,Accessories,Mouse,398.35375,4,1593.415,291.62,0.18301572408945568
395,2024,2024Q1,2024-02,2024-02-01,North,Accessories,Mouse,996.0357142857143,7,6972.25,969.43,0.13904119903904766
396,2024,2024Q2,2024-04,2024-04-15,East,Accessories,Mouse,436.3925,2,872.785,224.82,0.25758921154694453
397,2024,2024Q2,2024-05,2024-05-15,East,Electronics,Laptop,532.01,16,8512.16,745.9,0.08762758218830473
398,2022,2022Q2,2022-04,2022-04-14,South,Accessories,Keyboard,837.075,1,837.075,249.815,0.2984380133201923
399,2024,2024Q3,2024-09,2024-09-25,North,Electronics,Camera,811.05625,8,6488.45,1072.86,0.16534919742003096
400,2022,2022Q1,2022-03,2022-03-05,East,Electronics,Tablet,706.172,5,3530.86,803.86,0.22766691400961805
401,2022,2022Q3,2022-09,2022-09-03,North,Accessories,Mouse,316.4,1,316.4,43.725,0.13819532237673832
402,2024,2024Q4,2024-11,2024-11-09,North,Accessories,Monitor,525.0685714285714,7,3675.48,236.8,0.06442695919988682
403,2023,2023Q3,2023-09,2023-09-12,West,Electronics,Smartwatch,932.1183333333333,6,5592.71,926.42,0.16564778077175465
404,2023,2023Q1,2023-02,2023-02-11,East,Accessories,Keyboard,1072.055,3,3216.165,403.97,0.125606117845322
405,2023,2023Q3,2023-08,2023-08-27,East,Electronics,Camera,1023.0100000000001,3,3069.03,503.3,0.1639931835140093
406,2023,2023Q2,2023-05,2023-05-26,North,Accessories,Keyboard,414.0414285714286,7,2898.29,490.11,0.1691031608293166
407,2024,2024Q2,2024-05,2024-05-30,North,Electronics,Tablet,990.1775,4,3960.71,632.76,0.1597592350866385
408,2024,2024Q3,2024-07,2024-07-31,South,Electronics,Tablet,492.0466666666667,3,1476.14,85.16,0.05769100491823268
409,2023,2023Q4,2023-11,2023-11-14,East,Office,Printer,529.025,2,1058.05,298.69,0.28230234866027126
410,2023,2023Q4,2023-11,2023-11-27,South,Accessories,Monitor,243.08,5,1215.4,162.02,0.13330590752015797
411,2024,2024Q1,2024-03,2024-03-04,North,Electronics,Camera,68.33,3,204.99,20.43,0.09966339821454705
412,2024,2024Q4,2024-12,2024-12-24,West,Electronics,Tablet,591.1214285714286,7,4137.85,221.66,0.05356888239061348
413,2022,2022Q2,2022-05,2022-05-21,West,Electronics,Camera,50.086,5,250.43,16.81,0.06712454578125623
414,2022,2022Q3,2022-09,2022-09-14,West,Electronics,Tablet,237.07800000000003,5,1185.39,254.34,0.21456229595323056
415,2024,2024Q4,2024-12,2024-12-25,West,Electronics,Smartphone,1196.1833333333334,6,7177.1,1917.68,0.26719427066642515
416,2022,2022Q4,2022-11,2022-11-18,South,Electronics,Laptop,211.0442857142857,7,1477.31,367.22,0.24857342060908005
417,2022,2022Q4,2022-10,2022-10-22,East,Electronics,Smartwatch,160.065,8,1280.52,131.56,0.10273951207322025
418,2024,2024Q4,2024-11,2024-11-16,South,Electronics,Tablet,1023.0600000000001,7,7161.42,630.76,0.08807750418213148
419,2023,2023Q4,2023-12,2023-12-27,East,Accessories,Mouse,1126.1866666666667,3,3378.56,520.31,0.15400348077287362
420,2024,2024Q4,2024-10,2024-10-30,West,Electronics,Laptop,1096.0985714285714,7,7672.69,2046.38,0.2667095894660152
421,2024,2024Q4,2024-11,2024-11-03,South,Electronics,Tablet,709.105,6,4254.63,938.66,0.22062082954334453
422,2024,2024Q4,2024-11,2024-11-19,East,Accessories,Keyboard,457.198,5,2285.99,279.9,0.12244148049641512
423,2024,2024Q2,2024-04,2024-04-29,West,Accessories,Keyboard,825.0757142857143,7,5775.53,680.6,0.1178419989161168
424,2022,2022Q2,2022-05,2022-05-17,East,Electronics,Camera,626.0911111111111,9,5634.82,464.71,0.08247113483660524
425,2024,2024Q1,2024-03,2024-03-29,North,Electronics,Smartphone,661.11,8,5288.88,1463.72,0.2767542466457927
426,2023,2023Q4,2023-11,2023-11-22,North,Accessories,Headphones,247.06,1,247.06,35.65,0.14429693191937182
427,2023,2023Q3,2023-09,2023-09-24,East,Electronics,Laptop,267.0842857142857,14,3739.18,714.54,0.19109537385202102
428,2024,2024Q3,2024-07,2024-07-17,West,Electronics,Smartwatch,284.0385714285714,7,1988.27,430.59,0.21656515463191617
429,2023,2023Q2,2023-06,2023-06-17,West,Electronics,Laptop,480.0925,4,1920.37,549.11,0.2859396887058223
430,2024,2024Q2,2024-06,2024-06-10,East,Electronics,Camera,276.05333333333334,3,828.16,117.95,0.14242416924265844
431,2022,2022Q1,2022-01,2022-01-31,South,Electronics,Camera,790.17,2,1580.34,403.76,0.2554893250819444
432,2022,2022Q4,2022-10,2022-10-01,East,Electronics,Smartphone,825.1022222222223,9,7425.92,1580.86,0.21288406015685596
433,2024,2024Q4,2024-12,2024-12-24,West,Accessories,Monitor,589.004,5,2945.02,672.35,0.22830065670182206
434,2023,2023Q3,2023-07,2023-07-19,West,Accessories,Mouse,147.155,1,147.155,11.45,0.0778091128402025
435,2024,2024Q2,2024-05,2024-05-17,South,Accessories,Mouse,1175.0819999999999,5,5875.41,789.23,0.13432764692166163
436,2022,2022Q1,2022-01,2022-01-17,West,Electronics,Smartwatch,436.0933333333333,3,1308.28,197.6,0.1510380040969823
437,2024,2024Q1,2024-01,2024-01-10,South,Accessories,Monitor,590.005,4,2360.02,391.82,0.1660240167456208
438,2023,2023Q2,2023-04,2023-04-10,West,Electronics,Smartwatch,168.11666666666667,6,1008.7,245.45,0.24333300287498758
439,2023,2023Q4,2023-10,2023-10-27,North,Electronics,Smartwatch,224.03,6,1344.18,338.4,0.2517519975003347
440,2023,2023Q3,2023-09,2023-09-15,East,Accessories,Mouse,1022.0775,2,2044.155,600.015,0.29352715425200143
441,2024,2024Q4,2024-12,2024-12-04,South,Electronics,Camera,274.09125,8,2192.73,441.77,0.20147031326246276
442,2022,2022Q2,2022-06,2022-06-06,South,Accessories,Keyboard,244.12375,8,1952.99,444.15,0.22742051930629445
443,2023,2023Q1,2023-01,2023-01-28,East,Electronics,Smartphone,565.0971428571428,7,3955.68,1144.76,0.2893965133681188
444,2023,2023Q2,2023-06,2023-06-24,South,Accessories,Mouse,657.12125,4,2628.485,559.08,0.21270047194486558
445,2022,2022Q4,2022-12,2022-12-28,North,Electronics,Camera,1163.52,1,1163.52,115.09,0.09891536028602861
446,2022,2022Q3,2022-09,2022-09-24,North,Electronics,Smartwatch,556.0066666666667,9,5004.06,973.65,0.1945720075298857
447,2023,2023Q2,2023-05,2023-05-06,North,Accessories,Mouse,1141.02,4,4564.08,671.095,0.1470383954707192
448,2023,2023Q3,2023-07,2023-07-13,East,Electronics,Laptop,1175.23,4,4700.92,576.34,0.12260153331688266
449,2022,2022Q1,2022-01,2022-01-05,West,Electronics,Camera,843.425,2,1686.85,146.39,0.0867830571775795
450,2024,2024Q3,2024-08,2024-08-03,South,Accessories,Keyboard,508.05555555555554,9,4572.5,279.54,0.06113504647348278
451,2023,2023Q2,2023-06,2023-06-04,West,Electronics,Smartphone,1039.3,3,3117.9,829.09,0.26591295423201516
452,2024,2024Q2,2024-05,2024-05-12,West,Electronics,Laptop,380.88,2,761.76,188.7,0.24771581600504095
453,2023,2023Q3,2023-07,2023-07-14,West,Accessories,Monitor,321.06444444444446,9,2889.58,604.19,0.2090926709071907
454,2024,2024Q4,2024-11,2024-11-08,East,Electronics,Smartwatch,406.1022222222222,9,3654.92,581.9,0.1592100511091898
455,2024,2024Q2,2024-04,2024-04-27,South,Electronics,Smartphone,668.02,2,1336.04,198.8,0.1487979401814317
456,2022,2022Q1,2022-01,2022-01-08,South,Electronics,Smartphone,569.0985714285714,7,3983.69,360.13,0.09040111052817865
457,2024,2024Q1,2024-01,2024-01-24,South,Accessories,Keyboard,1112.85,1,1112.85,272.81,0.24514534753111383
458,2022,2022Q2,2022-06,2022-06-20,North,Accessories,Monitor,470.07,9,4230.63,221.06,0.052252265029085504
459,2024,2024Q3,2024-08,2024-08-01,East,Electronics,Tablet,371.03625,8,2968.29,530.3,0.17865505055099062
460,2022,2022Q1,2022-01,2022-01-10,West,Accessories,Monitor,938.0600000000001,5,4690.3,706.74,0.15068119310065453
461,2022,2022Q2,2022-05,2022-05-09,West,Electronics,Camera,716.1216666666666,6,4296.73,1240.31,0.28866370472429037
462,2023,2023Q4,2023-12,2023-12-19,North,Electronics,Camera,1029.0342857142857,7,7203.24,523.52,0.0726784058284883
463,2022,2022Q4,2022-11,2022-11-20,North,Electronics,Smartphone,910.2,4,3640.8,695.31,0.1909772577455504
464,2022,2022Q4,2022-11,2022-11-11,East,Electronics,Smartphone,1131.6,1,1131.6,304.62,0.26919406150583247
465,2024,2024Q1,2024-01,2024-01-03,West,Electronics,Camera,403.0677777777778,9,3627.61,797.53,0.2198499838736799
466,2023,2023Q3,2023-08,2023-08-11,South,Accessories,Mouse,996.01125,4,3984.045,624.99,0.15687322808853815
467,2022,2022Q4,2022-11,2022-11-23,South,Accessories,Headphones,1182.1966666666667,3,3546.59,490.28,0.13823983037227308
468,2024,2024Q1,2024-03,2024-03-01,South,Electronics,Tablet,454.014,5,2270.07,546.56,0.24076790583550284
469,2023,2023Q3,2023-07,2023-07-07,West,Accessories,Keyboard,677.09,2,1354.18,136.91,0.1011017737671506
470,2023,2023Q2,2023-04,2023-04-20,West,Accessories,Headphones,973.1257142857143,7,6811.88,1423.57,0.208983423078504
471,2022,2022Q1,2022-02,2022-02-09,East,Electronics,Smartwatch,470.15333333333336,3,1410.46,232.65,0.16494618776852943
472,2022,2022Q4,2022-10,2022-10-17,North,Accessories,Keyboard,585.1,1,585.1,124.995,0.2136301486925312
473,2023,2023Q3,2023-08,2023-08-04,East,Electronics,Laptop,677.1142857142858,14,9479.6,1481.48,0.15628085573230938
474,2023,2023Q4,2023-12,2023-12-01,South,Accessories,Mouse,983.3475,4,3933.39,777.19,0.1975878313617516
475,2022,2022Q3,2022-07,2022-07-31,East,Accessories,Monitor,729.1800000000001,5,3645.9,388.31,0.10650593817713047
476,2023,2023Q1,2023-02,2023-02-24,East,Accessories,Headphones,893.125,6,5358.75,568.34,0.10605831583858176
477,2024,2024Q2,2024-05,2024-05-18,North,Electronics,Camera,355.07,5,1775.35,486.37,0.27395724786661785
478,2023,2023Q2,2023-05,2023-05-19,South,Accessories,Headphones,545.0388888888889,9,4905.35,1351.25,0.2754645438144067
479,2022,2022Q3,2022-09,2022-09-29,East,Accessories,Mouse,710.1183333333333,3,2130.355,186.165,0.08738684397670811
480,2024,2024Q3,2024-09,2024-09-03,East,Office,Printer,816.48,2,1632.96,292.78,0.17929404271996863
481,2023,2023Q1,2023-03,2023-03-12,East,Electronics,Smartwatch,554.0416666666666,6,3324.25,466.78,0.1404166353312777
482,2023,2023Q3,2023-07,2023-07-17,West,Electronics,Camera,918.0959999999999,5,4590.48,347.14,0.07562172147574982
483,2022,2022Q2,2022-04,2022-04-14,East,Electronics,Laptop,944.0988888888888,9,8496.89,2182.42,0.25684927073317415
484,2022,2022Q2,2022-06,2022-06-16,North,Office,Printer,1074.075,6,6444.45,518.79,0.08050182715359727
485,2022,2022Q1,2022-03,2022-03-14,North,Electronics,Camera,812.1,1,812.1,51.13,0.06296022657308213
486,2023,2023Q3,2023-07,2023-07-15,West,Accessories,Monitor,294.10833333333335,6,1764.65,465.93,0.2640353611197688
487,2023,2023Q2,2023-05,2023-05-03,South,Accessories,Keyboard,418.2,1,418.2,23.535,0.056276901004304165
488,2023,2023Q4,2023-12,2023-12-29,East,Electronics,Smartwatch,723.92,1,723.92,115.26,0.15921648800972485
489,2022,2022Q4,2022-12,2022-12-05,North,Accessories,Headphones,938.1133333333333,6,5628.68,1033.15,0.18355102794971467
490,2024,2024Q3,2024-09,2024-09-26,North,Electronics,Laptop,332.022,5,1660.11,283.14,0.17055496322532845
491,2023,2023Q1,2023-03,2023-03-28,West,Accessories,Headphones,765.0833333333334,3,2295.25,244.83,0.1066681189412918
492,2024,2024Q2,2024-04,2024-04-19,East,Office,Printer,1095.11,2,2190.22,477.8,0.218151601209011
493,2024,2024Q4,2024-10,2024-10-11,East,Electronics,Tablet,500.0957142857143,7,3500.67,919.35,0.26262115537882746
494,2023,2023Q2,2023-06,2023-06-01,North,Accessories,Mouse,189.024,5,945.12,194.03,0.20529668190282716
495,2023,2023Q3,2023-07,2023-07-13,East,Electronics,Camera,775.0033333333334,3,2325.01,309.49,0.1331134059638453
496,2023,2023Q3,2023-07,2023-07-23,West,Electronics,Tablet,880.475,2,1760.95,278.09,0.15792044067122857
497,2023,2023Q4,2023-11,2023-11-12,North,Electronics,Smartwatch,371.58,1,371.58,108.58,0.29221163679423007
498,2024,2024Q4,2024-10,2024-10-15,East,Electronics,Smartphone,474.1075,8,3792.86,383.4,0.10108466961606807
499,2022,2022Q3,2022-08,2022-08-18,West,Accessories,Monitor,268.06142857142856,7,1876.43,129.25,0.06888080024301466
500,2023,2023Q3,2023-08,2023-08-19,East,Electronics,Camera,197.08333333333334,6,1182.5,236.12,0.19967864693446088
501,2022,2022Q1,2022-03,2022-03-14,North,Electronics,Smartphone,851.1120000000001,5,4255.56,961.41,0.22591856300933363
502,2022,2022Q3,2022-09,2022-09-15,North,Accessories,Monitor,149.10666666666668,9,1341.96,150.7,0.11229842916331335
503,2022,2022Q3,2022-09,2022-09-23,North,Accessories,Keyboard,644.68,1,644.68,49.25,0.07639449028975616
504,2024,2024Q2,2024-05,2024-05-17,South,Accessories,Monitor,609.02,3,1827.06,94.4,0.05166770658872725
505,2024,2024Q4,2024-10,2024-10-27,North,Electronics,Camera,930.55,1,930.55,136.16,0.1463220675944334
506,2022,2022Q1,2022-02,2022-02-15,South,Electronics,Camera,132.0075,4,528.03,152.8,0.28937749749067293
507,2022,2022Q1,2022-02,2022-02-23,South,Accessories,Monitor,706.0216666666666,6,4236.13,739.22,0.1745036153281415
508,2023,2023Q1,2023-01,2023-01-14,North,Accessories,Headphones,416.1975,4,1664.79,190.82,0.11462106331729527
509,2023,2023Q1,2023-01,2023-01-12,North,Electronics,Smartwatch,909.1166666666667,3,2727.35,554.46,0.2032962399398684
510,2022,2022Q1,2022-02,2022-02-08,North,Electronics,Smartwatch,261.395,2,522.79,52.73,0.10086267908720518
511,2024,2024Q4,2024-12,2024-12-06,West,Accessories,Mouse,1381.4233333333334,3,4144.27,972.515,0.23466497115294127
512,2024,2024Q1,2024-03,2024-03-12,West,Electronics,Laptop,118.05222222222223,18,2124.94,147.16,0.06925372010503826
513,2023,2023Q4,2023-10,2023-10-01,East,Electronics,Smartphone,380.2033333333333,3,1140.61,226.52,0.1985954883790253
514,2024,2024Q2,2024-04,2024-04-12,East,Accessories,Keyboard,436.11375,4,1744.455,356.12,0.20414398766376893
515,2024,2024Q1,2024-03,2024-03-06,North,Accessories,Monitor,344.00333333333333,9,3096.03,362.89,0.11721139653039536
516,2024,2024Q2,2024-05,2024-05-02,South,Accessories,Monitor,698.018,5,3490.09,205.04,0.058749201309994864
517,2022,2022Q2,2022-04,2022-04-02,South,Electronics,Smartwatch,729.1,6,4374.6,702.62,0.16061354180953685
518,2024,2024Q1,2024-02,2024-02-11,South,Electronics,Smartphone,561.0283333333333,12,6732.34,1083.72,0.16097226224462816
519,2024,2024Q4,2024-11,2024-11-27,North,Accessories,Monitor,170.15,2,340.3,39.12,0.11495739053776079
520,2022,2022Q3,2022-08,2022-08-30,East,Accessories,Mouse,763.4,1,763.4,217.94,0.2854859837568771
521,2022,2022Q3,2022-07,2022-07-15,West,Accessories,Headphones,852.1475,4,3408.59,856.98,0.2514177416468393
522,2022,2022Q1,2022-02,2022-02-21,West,Electronics,Tablet,326.11,7,2282.77,537.71,0.23555154483368893
523,2023,2023Q3,2023-09,2023-09-14,South,Electronics,Camera,593.0985714285714,7,4151.69,1047.43,0.2522900312884633
524,2023,2023Q4,2023-10,2023-10-24,North,Accessories,Monitor,158.04,3,474.12,83.32,0.17573610056525774
525,2023,2023Q2,2023-04,2023-04-16,West,Accessories,Monitor,136.176,5,680.88,176.44,0.25913523675243805
526,2023,2023Q3,2023-08,2023-08-20,South,Accessories,Keyboard,1304.4766666666667,3,3913.43,357.34,0.09131120270453284
527,2023,2023Q4,2023-10,2023-10-24,South,Accessories,Mouse,669.1483333333333,3,2007.445,358.72,0.1786948085750793
528,2024,2024Q3,2024-07,2024-07-26,East,Electronics,Laptop,687.96,2,1375.92,125.64,0.0913134484563056
529,2024,2024Q4,2024-10,2024-10-31,South,Electronics,Smartwatch,981.0166666666668,3,2943.05,234.27,0.07960109410305635
530,2022,2022Q2,2022-04,2022-04-28,East,Office,Printer,807.0071428571429,7,5649.05,660.37,0.11689930165249024
531,2024,2024Q3,2024-08,2024-08-15,North,Electronics,Tablet,412.06125,8,3296.49,623.67,0.18919214073150534
532,2024,2024Q3,2024-07,2024-07-18,North,Electronics,Smartphone,190.09,2,380.18,101.7,0.2675048661160503
533,2022,2022Q4,2022-10,2022-10-22,West,Electronics,Laptop,881.048,5,4405.24,1247.86,0.2832671999709437
534,2022,2022Q4,2022-11,2022-11-01,East,Electronics,Tablet,120.58,1,120.58,9.43,0.07820534085254603
535,2023,2023Q1,2023-02,2023-02-20,South,Electronics,Camera,590.1766666666666,3,1770.53,366.58,0.20704534800314028
536,2023,2023Q2,2023-05,2023-05-20,South,Electronics,Camera,717.1466666666666,6,4302.88,965.02,0.22427304503030526
537,2023,2023Q4,2023-12,2023-12-19,North,Electronics,Camera,996.1966666666667,3,2988.59,362.68,0.12135488641800983
538,2024,2024Q2,2024-06,2024-06-17,East,Accessories,Headphones,1011.13,3,3033.39,458.41,0.1511213526780269
539,2023,2023Q3,2023-07,2023-07-14,South,Accessories,Mouse,795.4675,4,3181.87,876.325,0.27541194329120927
540,2022,2022Q3,2022-07,2022-07-04,West,Electronics,Tablet,567.0383333333333,6,3402.23,501.29,0.14734159654109216
541,2022,2022Q1,2022-03,2022-03-23,South,Accessories,Keyboard,874.2275,4,3496.91,1032.81,0.29534932268774433
542,2022,2022Q4,2022-11,2022-11-19,East,Accessories,Monitor,270.0425,4,1080.17,204.95,0.189738652249183
543,2022,2022Q1,2022-02,2022-02-28,East,Accessories,Headphones,255.10500000000002,6,1530.63,218.99,0.14307180703370506
544,2023,2023Q3,2023-09,2023-09-11,West,Accessories,Keyboard,892.01,4,3568.04,764.2,0.21417921323751976
545,2022,2022Q4,2022-11,2022-11-13,West,Electronics,Smartphone,954.51,2,1909.02,97.94,0.051303810332002805
546,2024,2024Q1,2024-03,2024-03-17,West,Electronics,Camera,299.1175,4,1196.47,223.66,0.18693322858074168
547,2022,2022Q1,2022-02,2022-02-13,North,Electronics,Smartwatch,534.0675,4,2136.27,217.47,0.10179892991054501
548,2024,2024Q2,2024-05,2024-05-07,West,Electronics,Laptop,1040.1271428571429,7,7280.89,1450.82,0.19926410095469096
549,2022,2022Q3,2022-09,2022-09-24,South,Electronics,Smartwatch,987.0360000000001,5,4935.18,625.39,0.12672080856220036
550,2023,2023Q1,2023-01,2023-01-06,South,Electronics,Smartwatch,563.82,1,563.82,46.96,0.08328899294100954
551,2022,2022Q1,2022-03,2022-03-02,North,Electronics,Camera,727.1566666666666,3,2181.47,517.02,0.23700532209931835
552,2024,2024Q3,2024-09,2024-09-25,North,Accessories,Mouse,952.23,2,1904.46,221.165,0.11613003161001018
553,2022,2022Q4,2022-12,2022-12-06,West,Accessories,Keyboard,1092.0866666666668,3,3276.26,317.545,0.09692301587786073
554,2023,2023Q2,2023-06,2023-06-18,South,Electronics,Laptop,818.00375,8,6544.03,1086.29,0.16599709964654807
555,2023,2023Q4,2023-11,2023-11-21,West,Accessories,Mouse,877.25,3,2631.75,157.19,0.05972831765935214
556,2023,2023Q1,2023-03,2023-03-31,West,Accessories,Monitor,105.03222222222222,9,945.29,94.75,0.10023379068857176
557,2024,2024Q2,2024-06,2024-06-11,West,Accessories,Monitor,380.075,2,760.15,192.42,0.25313424981911464
558,2023,2023Q2,2023-04,2023-04-25,North,Accessories,Monitor,348.0525,4,1392.21,394.48,0.2833480581234153
559,2022,2022Q4,2022-12,2022-12-17,East,Electronics,Smartwatch,414.3233333333333,3,1242.97,206.74,0.16632742544067838
560,2024,2024Q3,2024-07,2024-07-05,East,Electronics,Laptop,1061.0066666666667,3,3183.02,868.73,0.27292634039371416
561,2023,2023Q2,2023-04,2023-04-07,West,Accessories,Monitor,852.092,5,4260.46,229.77,0.05393079620510462
562,2022,2022Q3,2022-07,2022-07-26,West,Electronics,Smartphone,1041.88,2,2083.76,264.92,0.12713556263677198
563,2022,2022Q2,2022-05,2022-05-18,East,Electronics,Smartwatch,564.07,3,1692.21,348.81,0.20612689914372329
564,2022,2022Q1,2022-03,2022-03-15,North,Electronics,Camera,432.045,4,1728.18,403.06,0.23322802022937425
565,2023,2023Q4,2023-10,2023-10-13,South,Electronics,Camera,1121.24,4,4484.96,893.27,0.19917011522956726
566,2024,2024Q2,2024-06,2024-06-19,East,Electronics,Smartphone,589.1271428571429,14,8247.78,1500.1,0.1818792450817068
567,2024,2024Q4,2024-11,2024-11-03,East,Accessories,Mouse,1186.13,1,1186.13,196.035,0.1652727778574018
568,2023,2023Q2,2023-04,2023-04-16,East,Electronics,Smartphone,743.0128571428571,14,10402.18,1490.4,0.14327765910607201
569,2024,2024Q3,2024-09,2024-09-27,South,Accessories,Mouse,620.118,5,3100.59,695.28,0.22424119280524027
570,2023,2023Q1,2023-03,2023-03-06,South,Electronics,Tablet,992.1466666666666,6,5952.88,971.53,0.16320335703054656
571,2023,2023Q1,2023-01,2023-01-10,East,Electronics,Smartphone,483.1425,8,3865.14,945.82,0.24470523706773883
572,2023,2023Q4,2023-10,2023-10-05,West,Electronics,Tablet,581.155,6,3486.93,1011.74,0.29015208220411653
573,2024,2024Q2,2024-05,2024-05-25,West,Electronics,Tablet,854.365,2,1708.73,441.43,0.2583380639422261
574,2024,2024Q3,2024-09,2024-09-12,South,Accessories,Monitor,1081.045,4,4324.18,288.12,0.06662997377537475
575,2024,2024Q3,2024-07,2024-07-30,South,Electronics,Laptop,677.0825,8,5416.66,604.28,0.1115595219194116
576,2023,2023Q2,2023-04,2023-04-10,East,Electronics,Camera,228.29666666666665,3,684.89,39.33,0.0574252799719663
577,2024,2024Q1,2024-02,2024-02-02,West,Accessories,Headphones,1144.42,2,2288.84,234.97,0.10265898883277118
578,2023,2023Q3,2023-07,2023-07-18,East,Electronics,Smartphone,777.085,6,4662.51,350.79,0.07523629976128737
579,2022,2022Q1,2022-02,2022-02-25,East,Accessories,Mouse,633.1025,4,2532.41,404.96,0.15991091489924616
580,2024,2024Q1,2024-02,2024-02-29,South,Electronics,Smartwatch,215.16,6,1290.96,343.35,0.2659648633575014
581,2022,2022Q3,2022-08,2022-08-26,West,Office,Printer,241.142,5,1205.71,235.19,0.19506348956216668
582,2022,2022Q3,2022-08,2022-08-14,North,Electronics,Camera,155.04285714285714,7,1085.3,130.72,0.12044595964249517
583,2024,2024Q3,2024-08,2024-08-29,West,Accessories,Monitor,737.0933333333334,9,6633.84,1239.11,0.18678623542322392
584,2024,2024Q4,2024-11,2024-11-21,North,Electronics,Laptop,728.092857142857,7,5096.65,971.5,0.1906154042361159
585,2022,2022Q3,2022-07,2022-07-20,East,Electronics,Tablet,1030.025,4,4120.1,710.07,0.17234290429843935
586,2022,2022Q3,2022-08,2022-08-15,West,Accessories,Monitor,493.31,3,1479.93,207.58,0.14026339083605305
587,2024,2024Q2,2024-04,2024-04-09,West,Electronics,Smartphone,236.09285714285716,7,1652.65,397.49,0.24051674583245092
588,2022,2022Q3,2022-07,2022-07-07,South,Electronics,Laptop,1028.17,1,1028.17,240.61,0.23401772080492525
589,2023,2023Q2,2023-05,2023-05-01,East,Accessories,Monitor,1145.225,4,4580.9,655.14,0.14301556462703835
590,2024,2024Q1,2024-01,2024-01-28,South,Accessories,Monitor,269.095,8,2152.76,196.53,0.09129210873483341
591,2022,2022Q3,2022-07,2022-07-04,South,Accessories,Monitor,761.09,6,4566.54,866.13,0.1896687645350747
592,2024,2024Q2,2024-04,2024-04-06,East,Accessories,Headphones,748.07,3,2244.21,301.53,0.13435908404293714
593,2024,2024Q1,2024-02,2024-02-01,West,Accessories,Mouse,336.195,4,1344.78,140.52,0.10449292821130594
594,2022,2022Q4,2022-12,2022-12-03,South,Electronics,Smartphone,325.72,2,651.44,93.68,0.14380449465798845
595,2024,2024Q4,2024-12,2024-12-17,West,Accessories,Keyboard,960.7,1,960.7,95.88,0.09980222754241698
596,2023,2023Q4,2023-11,2023-11-30,North,Electronics,Smartphone,377.0185714285714,14,5278.26,537.76,0.10188205961813172
597,2024,2024Q2,2024-06,2024-06-05,South,Office,Printer,205.08800000000002,5,1025.44,246.15,0.24004329848650335
598,2022,2022Q1,2022-01,2022-01-13,West,Accessories,Monitor,962.21,2,1924.42,434.86,0.2259693829829247
599,2023,2023Q3,2023-08,2023-08-29,North,Electronics,Smartphone,830.48,4,3321.92,725.76,0.21847606203641268
600,2022,2022Q2,2022-05,2022-05-23,North,Office,Printer,985.48,1,985.48,105.09,0.10663838941429557
601,2024,2024Q3,2024-07,2024-07-14,North,Accessories,Keyboard,520.024,5,2600.12,537.11,0.20657123517376122
602,2024,2024Q4,2024-10,2024-10-21,West,Electronics,Camera,698.195,4,2792.78,725.35,0.259723286474409
603,2024,2024Q3,2024-08,2024-08-31,North,Accessories,Headphones,189.12,2,378.24,87.37,0.23099090524534688
604,2022,2022Q2,2022-04,2022-04-17,West,Electronics,Camera,121.01375,8,968.11,271.61,0.28055696150230863
605,2024,2024Q2,2024-05,2024-05-12,North,Electronics,Smartwatch,188.24666666666667,3,564.74,108.35,0.19185820023373587
606,2023,2023Q1,2023-01,2023-01-25,South,Electronics,Laptop,473.12399999999997,10,4731.24,1335.22,0.28221354232717005
607,2024,2024Q2,2024-04,2024-04-01,West,Electronics,Smartphone,542.1533333333333,12,6505.84,1669.68,0.2566432620537855
608,2024,2024Q2,2024-05,2024-05-05,North,Electronics,Camera,276.13,1,276.13,42.68,0.15456487886140585
609,2024,2024Q2,2024-05,2024-05-20,West,Accessories,Mouse,1704.32,1,1704.32,102.88,0.06036425084491175
610,2022,2022Q4,2022-10,2022-10-20,East,Electronics,Laptop,233.06166666666664,6,1398.37,180.88,0.12935060105694487
611,2022,2022Q1,2022-02,2022-02-27,North,Accessories,Keyboard,226.085,2,452.17,54.425,0.1203640223809629
612,2022,2022Q3,2022-07,2022-07-29,West,Accessories,Headphones,845.2566666666667,3,2535.77,292.19,0.115227327399567
613,2023,2023Q2,2023-04,2023-04-17,West,Electronics,Tablet,496.08,1,496.08,146.92,0.2961619093694565
614,2024,2024Q2,2024-06,2024-06-30,West,Electronics,Smartphone,972.16,4,3888.64,284.17,0.07307696263989467
615,2024,2024Q1,2024-03,2024-03-12,East,Electronics,Tablet,703.0228571428571,7,4921.16,798.16,0.1621894024985979
616,2024,2024Q3,2024-07,2024-07-04,West,Electronics,Smartwatch,559.0925,8,4472.74,290.79,0.06501383939151394
617,2023,2023Q2,2023-04,2023-04-09,North,Electronics,Tablet,201.26,3,603.78,153.37,0.25401636357613705
618,2023,2023Q1,2023-03,2023-03-10,West,Accessories,Headphones,211.0811111111111,9,1899.73,501.4,0.26393224300295304
619,2022,2022Q3,2022-09,2022-09-07,South,Electronics,Laptop,343.2025,4,1372.81,302.58,0.22040923361572248
620,2023,2023Q2,2023-04,2023-04-16,West,Accessories,Monitor,924.9,1,924.9,125.65,0.13585252459725378
621,2022,2022Q3,2022-07,2022-07-11,East,Electronics,Smartphone,788.016,5,3940.08,755.11,0.19164839292603197
622,2024,2024Q4,2024-10,2024-10-05,West,Electronics,Tablet,187.26,2,374.52,49.26,0.13152835629605897
623,2022,2022Q4,2022-12,2022-12-26,West,Accessories,Monitor,634.104,5,3170.52,868.34,0.2738793636375106
624,2024,2024Q3,2024-08,2024-08-17,North,Accessories,Headphones,766.1028571428571,7,5362.72,1029.47,0.1919678819703434
625,2023,2023Q3,2023-07,2023-07-06,North,Accessories,Keyboard,1064.34625,4,4257.385,700.2,0.16446715530777695
626,2023,2023Q4,2023-11,2023-11-25,South,Electronics,Laptop,810.03,2,1620.06,314.94,0.19440020739972594
627,2022,2022Q1,2022-01,2022-01-08,South,Accessories,Mouse,71.12,1,71.12,12.02,0.16901012373453317
628,2022,2022Q2,2022-06,2022-06-15,North,Electronics,Laptop,651.66,1,651.66,57.94,0.08891139551299758
629,2022,2022Q1,2022-03,2022-03-13,North,Accessories,Monitor,415.29333333333335,3,1245.88,119.11,0.09560310784345201
630,2023,2023Q4,2023-11,2023-11-06,West,Accessories,Monitor,464.17,1,464.17,58.38,0.12577288493439903
631,2023,2023Q1,2023-02,2023-02-11,North,Accessories,Monitor,1031.1200000000001,5,5155.6,356.43,0.06913453332298859
632,2023,2023Q4,2023-12,2023-12-11,East,Electronics,Smartphone,1035.1680000000001,5,5175.84,786.27,0.1519115737735324
633,2022,2022Q1,2022-01,2022-01-13,East,Electronics,Smartphone,834.42,4,3337.68,940.84,0.2818844227127826
634,2023,2023Q1,2023-01,2023-01-16,North,Electronics,Laptop,171.24,6,1027.44,265.12,0.2580393988943393
635,2024,2024Q2,2024-04,2024-04-05,West,Office,Printer,1138.175,2,2276.35,366.5,0.16100336064313486
636,2024,2024Q1,2024-01,2024-01-02,West,Accessories,Mouse,857.105,4,3428.42,305.79,0.08919268934377936
637,2024,2024Q1,2024-03,2024-03-02,East,Accessories,Keyboard,820.495,2,1640.99,176.87,0.10778249715111
638,2022,2022Q2,2022-06,2022-06-20,South,Accessories,Mouse,782.172,5,3910.86,584.77,0.14952465698081752
639,2023,2023Q2,2023-05,2023-05-09,West,Office,Printer,399.192,5,1995.96,369.22,0.18498366700735486
640,2023,2023Q3,2023-08,2023-08-31,North,Accessories,Keyboard,55.08571428571429,7,385.6,43.43,0.11262966804979252
641,2023,2023Q1,2023-03,2023-03-23,East,Accessories,Mouse,1079.0875,4,4316.35,566.7,0.13129148470351107
642,2024,2024Q2,2024-04,2024-04-28,North,Electronics,Smartwatch,1169.52,1,1169.52,340.69,0.29130754497571654
643,2023,2023Q1,2023-03,2023-03-30,East,Accessories,Headphones,465.052,5,2325.26,506.32,0.21774769273113542
644,2024,2024Q1,2024-02,2024-02-18,North,Accessories,Monitor,199.25,1,199.25,48.92,0.24552070263488082
645,2022,2022Q3,2022-08,2022-08-13,South,Electronics,Smartwatch,125.17333333333333,3,375.52,80.58,0.21458244567533022
646,2023,2023Q1,2023-01,2023-01-03,East,Accessories,Mouse,79.2425,4,316.97,77.13,0.2433353314193772
647,2024,2024Q4,2024-11,2024-11-14,South,Electronics,Camera,655.0422222222222,9,5895.38,442.49,0.07505707859374629
648,2022,2022Q2,2022-04,2022-04-09,East,Accessories,Headphones,97.2475,4,388.99,35.21,0.09051646571891309
649,2024,2024Q2,2024-06,2024-06-12,West,Accessories,Mouse,917.5175,2,1835.035,231.485,0.12614745767791896
650,2023,2023Q4,2023-10,2023-10-18,South,Electronics,Laptop,532.0,6,3192.0,182.46,0.05716165413533835
651,2024,2024Q2,2024-04,2024-04-06,East,Electronics,Camera,1048.0175,4,4192.07,216.16,0.0515640244556985
652,2023,2023Q3,2023-07,2023-07-29,West,Electronics,Tablet,752.0628571428571,7,5264.44,756.33,0.1436677025476594
653,2023,2023Q2,2023-06,2023-06-04,North,Electronics,Laptop,425.63,1,425.63,48.81,0.11467706693607124
654,2022,2022Q1,2022-03,2022-03-17,North,Electronics,Smartwatch,845.225,4,3380.9,211.72,0.06262237865657073
655,2022,2022Q1,2022-03,2022-03-05,North,Accessories,Keyboard,510.0975,2,1020.195,196.86,0.1929631099936777
656,2024,2024Q3,2024-08,2024-08-22,South,Accessories,Keyboard,967.35,1,967.35,78.705,0.08136145138781206
657,2024,2024Q2,2024-04,2024-04-09,South,Accessories,Keyboard,520.3000000000001,3,1560.9,391.11,0.2505669805881222
658,2024,2024Q3,2024-07,2024-07-20,North,Accessories,Keyboard,741.0066666666667,3,2223.02,608.93,0.27392016266160446
659,2024,2024Q3,2024-07,2024-07-04,East,Electronics,Camera,1123.065,4,4492.26,670.42,0.1492389131528451
660,2023,2023Q2,2023-04,2023-04-23,East,Electronics,Camera,629.0957142857143,7,4403.67,1295.89,0.2942750024411457
661,2022,2022Q2,2022-05,2022-05-24,West,Accessories,Keyboard,243.375,1,243.375,32.215,0.1323677452491012
662,2022,2022Q2,2022-05,2022-05-09,East,Office,Printer,976.066,5,4880.33,1084.69,0.22225751127485233
663,2023,2023Q3,2023-09,2023-09-10,East,Electronics,Laptop,1041.28,2,2082.56,257.16,0.12348263675476338
664,2022,2022Q3,2022-07,2022-07-01,South,Accessories,Headphones,539.2933333333334,3,1617.88,440.46,0.2722451603332756
665,2024,2024Q1,2024-02,2024-02-17,West,Electronics,Laptop,743.205,2,1486.41,233.7,0.15722445354915532
666,2022,2022Q4,2022-12,2022-12-29,East,Accessories,Mouse,234.125,3,702.375,184.18,0.2622245951236875
667,2023,2023Q3,2023-08,2023-08-11,South,Electronics,Camera,61.255,2,122.51,16.23,0.13247898130764835
668,2023,2023Q3,2023-08,2023-08-01,North,Electronics,Camera,837.1088888888888,9,7533.98,1285.72,0.1706561472156815
669,2023,2023Q3,2023-07,2023-07-23,South,Accessories,Headphones,972.185,4,3888.74,810.08,0.20831426117457072
670,2024,2024Q3,2024-07,2024-07-05,South,Electronics,Smartphone,174.192,10,1741.92,97.74,0.05611049875998897
671,2022,2022Q4,2022-11,2022-11-28,South,Accessories,Mouse,723.09,2,1446.18,403.89,0.2792805874787371
672,2024,2024Q4,2024-11,2024-11-11,South,Electronics,Tablet,85.09,6,510.54,151.91,0.2975476945978767
673,2024,2024Q3,2024-07,2024-07-29,West,Accessories,Keyboard,778.09625,4,3112.385,395.135,0.12695569474856097
674,2023,2023Q2,2023-04,2023-04-25,North,Accessories,Keyboard,343.3,1,343.3,42.515,0.12384212059423244
675,2023,2023Q4,2023-12,2023-12-11,West,Accessories,Mouse,710.1575,2,1420.315,295.97,0.2083833515804593
676,2023,2023Q4,2023-11,2023-11-12,South,Electronics,Laptop,366.00857142857143,7,2562.06,347.62,0.13567988259447478
677,2024,2024Q2,2024-05,2024-05-04,West,Electronics,Smartphone,158.16400000000002,10,1581.64,432.24,0.27328595634910596
678,2022,2022Q3,2022-07,2022-07-09,East,Electronics,Laptop,834.182,10,8341.82,1572.84,0.18854878192049218
679,2022,2022Q4,2022-11,2022-11-22,East,Electronics,Tablet,340.0375,4,1360.15,373.59,0.2746682351211263
680,2022,2022Q1,2022-03,2022-03-13,East,Electronics,Camera,886.1033333333334,6,5316.62,782.42,0.14716492809341272
681,2023,2023Q3,2023-07,2023-07-20,West,Electronics,Laptop,989.07,8,7912.56,586.76,0.07415551983176115
682,2022,2022Q2,2022-05,2022-05-09,North,Accessories,Monitor,242.32666666666668,3,726.98,94.38,0.12982475446367162
683,2024,2024Q3,2024-08,2024-08-04,North,Electronics,Smartphone,57.125,4,228.5,29.37,0.12853391684901533
684,2022,2022Q3,2022-07,2022-07-31,North,Accessories,Headphones,758.0100000000001,3,2274.03,442.57,0.19461924424919633
685,2024,2024Q3,2024-09,2024-09-13,North,Accessories,Keyboard,328.515,4,1314.06,229.935,0.17498059449340214
686,2024,2024Q2,2024-05,2024-05-26,South,Electronics,Camera,101.02999999999999,6,606.18,104.85,0.17296842522023162
687,2024,2024Q4,2024-11,2024-11-15,East,Accessories,Headphones,907.03875,8,7256.31,558.79,0.07700745971437273
688,2023,2023Q1,2023-01,2023-01-11,East,Accessories,Keyboard,377.00666666666666,6,2262.04,442.86,0.19577903131686444
689,2024,2024Q1,2024-01,2024-01-17,East,Accessories,Monitor,478.1111111111111,9,4303.0,344.64,0.0800929584011155
690,2024,2024Q2,2024-05,2024-05-14,West,Electronics,Camera,1127.0944444444444,9,10143.85,1690.66,0.1666684740014886
691,2023,2023Q2,2023-05,2023-05-15,North,Accessories,Headphones,1012.6,1,1012.6,164.89,0.16283823819869642
692,2022,2022Q3,2022-08,2022-08-05,South,Accessories,Mouse,293.00666666666666,3,879.02,131.18,0.14923437464449046
693,2023,2023Q4,2023-10,2023-10-12,North,Office,Printer,1058.0833333333333,6,6348.5,557.72,0.08785067338741435
694,2023,2023Q4,2023-11,2023-11-04,North,Office,Printer,791.195,2,1582.39,422.46,0.26697590353831857
695,2023,2023Q2,2023-05,2023-05-17,South,Accessories,Mouse,962.355,1,962.355,197.2,0.20491398704220373
696,2023,2023Q3,2023-07,2023-07-13,East,Electronics,Camera,557.23,2,1114.46,300.44,0.26958347540512895
697,2024,2024Q4,2024-11,2024-11-28,North,Accessories,Keyboard,353.154,5,1765.77,229.06,0.12972244403291483
698,2022,2022Q3,2022-08,2022-08-10,West,Accessories,Keyboard,1139.1016666666667,3,3417.305,709.105,0.20750415897907856
699,2022,2022Q3,2022-09,2022-09-14,East,Electronics,Smartphone,304.024,5,1520.12,433.53,0.2851945899007973
700,2023,2023Q3,2023-08,2023-08-05,West,Electronics,Smartwatch,1163.1042857142857,7,8141.73,767.6,0.09427971696433068
701,2023,2023Q3,2023-08,2023-08-30,South,Electronics,Tablet,647.0825,8,5176.66,866.36,0.1673588761865759
702,2024,2024Q2,2024-05,2024-05-11,East,Accessories,Mouse,82.08777777777777,9,738.79,64.42,0.08719663233124433
703,2024,2024Q1,2024-01,2024-01-17,South,Office,Printer,454.0733333333333,9,4086.66,217.48,0.05321705255636632
704,2022,2022Q3,2022-09,2022-09-16,East,Accessories,Mouse,221.29,1,221.29,14.065,0.06355913055266844
705,2023,2023Q1,2023-01,2023-01-13,East,Electronics,Smartphone,413.1366666666667,12,4957.64,307.72,0.062069855818494286
706,2022,2022Q1,2022-01,2022-01-22,South,Accessories,Keyboard,930.49,2,1860.98,327.15,0.17579447387935387
707,2022,2022Q2,2022-05,2022-05-24,East,Accessories,Monitor,552.0366666666666,9,4968.33,991.82,0.1996284465806418
708,2023,2023Q1,2023-03,2023-03-05,South,Office,Printer,482.31333333333333,3,1446.94,278.94,0.19277924447454628
709,2023,2023Q2,2023-04,2023-04-25,East,Accessories,Mouse,287.01666666666665,3,861.05,207.435,0.2409093548574415
710,2024,2024Q3,2024-07,2024-07-13,East,Electronics,Smartwatch,939.1428571428571,7,6574.0,460.28,0.07001521143900212
711,2024,2024Q3,2024-09,2024-09-01,East,Accessories,Headphones,827.0300000000001,3,2481.09,249.52,0.10056870165935133
712,2024,2024Q4,2024-12,2024-12-26,West,Accessories,Monitor,638.115,6,3828.69,1102.86,0.2880515267624174
713,2023,2023Q3,2023-08,2023-08-20,East,Electronics,Tablet,171.09857142857143,7,1197.69,103.34,0.08628276098155616
714,2022,2022Q3,2022-08,2022-08-14,North,Accessories,Mouse,376.0222222222222,9,3384.2,252.11,0.07449618816854797
715,2022,2022Q1,2022-01,2022-01-01,South,Accessories,Monitor,162.03125,8,1296.25,273.97,0.21135583413693348
716,2024,2024Q3,2024-07,2024-07-25,West,Electronics,Tablet,355.1125,8,2840.9,262.62,0.09244253581611461
717,2024,2024Q3,2024-08,2024-08-22,East,Electronics,Camera,220.01857142857145,7,1540.13,342.93,0.2226630219526923
718,2022,2022Q2,2022-06,2022-06-28,West,Electronics,Camera,707.135,2,1414.27,308.39,0.21805595819751533
719,2023,2023Q2,2023-04,2023-04-26,West,Electronics,Camera,1041.0575,8,8328.46,466.38,0.05599834783381322
720,2023,2023Q3,2023-08,2023-08-29,North,Electronics,Camera,372.105,2,744.21,217.21,0.2918665430456457
721,2023,2023Q1,2023-01,2023-01-02,South,Accessories,Mouse,197.05333333333334,9,1773.48,168.01,0.09473464600672124
722,2023,2023Q3,2023-08,2023-08-11,East,Electronics,Smartphone,862.0542857142857,14,12068.76,2036.74,0.16876133090723489
723,2023,2023Q2,2023-06,2023-06-22,South,Electronics,Smartphone,84.07,18,1513.26,198.42,0.1311208913207248
724,2024,2024Q3,2024-07,2024-07-27,East,Accessories,Monitor,282.1025,8,2256.82,468.52,0.20760184684644764
725,2023,2023Q4,2023-11,2023-11-30,North,Accessories,Monitor,125.14142857142858,7,875.99,203.63,0.232456991518168
726,2023,2023Q3,2023-08,2023-08-15,South,Accessories,Headphones,176.055,2,352.11,54.19,0.15390076964584928
727,2024,2024Q3,2024-07,2024-07-27,East,Electronics,Camera,712.43,1,712.43,89.5,0.12562637732829893
728,2024,2024Q4,2024-12,2024-12-09,West,Electronics,Smartphone,729.005,8,5832.04,662.72,0.11363433721305068
729,2023,2023Q2,2023-06,2023-06-17,South,Accessories,Keyboard,698.1483333333334,3,2094.445,494.57,0.23613415487157693
730,2023,2023Q3,2023-09,2023-09-21,West,Electronics,Tablet,392.28,1,392.28,50.7,0.12924441725298258
731,2022,2022Q2,2022-05,2022-05-14,East,Electronics,Laptop,107.00666666666666,9,963.06,49.71,0.051616721699582584
732,2024,2024Q2,2024-04,2024-04-13,West,Electronics,Camera,951.055,6,5706.33,319.46,0.05598344294844497
733,2023,2023Q4,2023-12,2023-12-24,North,Electronics,Smartphone,270.10777777777776,18,4861.94,1227.34,0.2524383270875412
734,2023,2023Q2,2023-04,2023-04-26,South,Accessories,Monitor,890.16,3,2670.48,515.39,0.192995266768521
735,2022,2022Q1,2022-01,2022-01-21,South,Electronics,Tablet,394.05,7,2758.35,520.66,0.1887577718563634
736,2022,2022Q4,2022-10,2022-10-14,South,Accessories,Monitor,97.00222222222222,9,873.02,82.35,0.09432773590524844
737,2023,2023Q3,2023-09,2023-09-13,North,Electronics,Camera,240.085,4,960.34,255.24,0.26578086927546496
738,2024,2024Q4,2024-12,2024-12-28,East,Electronics,Smartwatch,321.0875,4,1284.35,171.02,0.13315684976836534
739,2023,2023Q2,2023-06,2023-06-09,West,Accessories,Mouse,128.195,2,256.39,55.235,0.2154335192480206
740,2023,2023Q1,2023-01,2023-01-11,North,Electronics,Camera,316.024,5,1580.12,166.16,0.10515657038705921
741,2023,2023Q3,2023-07,2023-07-26,East,Accessories,Mouse,122.0725,4,488.29,117.12,0.23985746175428535
742,2023,2023Q2,2023-05,2023-05-08,South,Electronics,Smartphone,797.1525,4,3188.61,202.81,0.06360451732886743
743,2023,2023Q4,2023-11,2023-11-29,East,Electronics,Camera,781.0785714285714,7,5467.55,556.02,0.10169454325977814
744,2024,2024Q3,2024-09,2024-09-05,South,Electronics,Smartphone,901.0716666666667,6,5406.43,1277.46,0.23628531211908782
745,2024,2024Q3,2024-08,2024-08-08,East,Accessories,Headphones,373.09,8,2984.72,742.31,0.24870339596344046
746,2023,2023Q2,2023-04,2023-04-12,North,Office,Printer,919.53,1,919.53,193.35,0.21027046425891488
747,2023,2023Q3,2023-08,2023-08-18,South,Electronics,Camera,281.05333333333334,6,1686.32,426.72,0.2530480573082215
748,2023,2023Q2,2023-06,2023-06-02,West,Electronics,Laptop,595.0857142857143,7,4165.6,493.24,0.11840791242558094
749,2023,2023Q4,2023-11,2023-11-17,West,Electronics,Smartphone,183.06428571428572,7,1281.45,282.63,0.2205548402200632
750,2024,2024Q2,2024-06,2024-06-17,East,Electronics,Smartwatch,943.1766666666667,3,2829.53,362.16,0.12799298823479519
751,2024,2024Q2,2024-04,2024-04-06,West,Accessories,Monitor,737.2933333333334,3,2211.88,292.31,0.13215454726296183
752,2024,2024Q4,2024-12,2024-12-18,East,Accessories,Headphones,1185.155,4,4740.62,607.81,0.12821318730461415
753,2023,2023Q4,2023-12,2023-12-09,East,Electronics,Camera,718.42,1,718.42,169.09,0.23536371481862978
754,2024,2024Q2,2024-04,2024-04-22,South,Accessories,Monitor,221.07999999999998,7,1547.56,152.59,0.09860037736824422
755,2023,2023Q3,2023-09,2023-09-03,West,Electronics,Laptop,273.12666666666667,3,819.38,231.88,0.2829944592252679
756,2023,2023Q4,2023-12,2023-12-19,South,Electronics,Laptop,712.045,16,11392.72,2312.6,0.202989277363088
757,2023,2023Q1,2023-01,2023-01-22,South,Accessories,Monitor,853.37,2,1706.74,184.71,0.10822386538078442
758,2024,2024Q1,2024-01,2024-01-23,North,Electronics,Camera,1033.435,2,2066.87,608.23,0.2942758857596269
759,2024,2024Q2,2024-06,2024-06-07,North,Electronics,Laptop,128.23,2,256.46,35.66,0.13904702487717382
760,2024,2024Q1,2024-02,2024-02-04,North,Electronics,Smartphone,551.315,2,1102.63,182.54,0.16554964040521297
761,2024,2024Q3,2024-08,2024-08-31,North,Accessories,Monitor,359.025,8,2872.2,483.94,0.1684910521551424
762,2024,2024Q4,2024-11,2024-11-11,East,Electronics,Tablet,646.015,4,2584.06,394.52,0.15267447350293722
763,2024,2024Q3,2024-07,2024-07-27,North,Accessories,Mouse,683.465,1,683.465,149.16,0.2182408755386157
764,2024,2024Q2,2024-05,2024-05-11,South,Electronics,Smartwatch,179.13285714285715,7,1253.93,354.23,0.2824958331007313
765,2023,2023Q1,2023-03,2023-03-24,West,Electronics,Laptop,374.0571428571429,7,2618.4,300.81,0.11488313473877176
766,2023,2023Q4,2023-11,2023-11-05,East,Accessories,Keyboard,881.1283333333334,6,5286.77,636.16,0.12033056100416699
767,2024,2024Q2,2024-06,2024-06-13,North,Accessories,Monitor,579.0,1,579.0,133.57,0.2306908462867012
768,2022,2022Q1,2022-02,2022-02-28,West,Electronics,Laptop,174.03625,16,2784.58,381.98,0.1371768812531872
769,2022,2022Q4,2022-11,2022-11-14,West,Electronics,Laptop,277.09555555555556,18,4987.72,1393.38,0.2793621133503886
770,2022,2022Q3,2022-08,2022-08-17,East,Electronics,Tablet,743.05,2,1486.1,201.07,0.1353004508444923
771,2023,2023Q2,2023-05,2023-05-14,South,Office,Printer,1152.58,1,1152.58,280.28,0.24317617866004962
772,2022,2022Q1,2022-03,2022-03-12,West,Electronics,Smartwatch,875.18,2,1750.36,103.99,0.059410635526406
773,2022,2022Q3,2022-07,2022-07-12,West,Electronics,Smartphone,631.0614285714286,7,4417.43,495.37,0.11213986412914295
774,2024,2024Q3,2024-07,2024-07-05,South,Electronics,Laptop,931.23,8,7449.84,553.7,0.07432374386564007
775,2023,2023Q2,2023-06,2023-06-16,West,Electronics,Camera,740.04,3,2220.12,121.14,0.0545646181287498
776,2022,2022Q2,2022-05,2022-05-02,North,Electronics,Smartphone,161.29,2,322.58,73.16,0.22679645359290718
777,2024,2024Q1,2024-03,2024-03-30,North,Electronics,Smartphone,1187.2466666666667,3,3561.74,347.31,0.09751132873258576
778,2022,2022Q3,2022-08,2022-08-07,North,Accessories,Monitor,370.086,5,1850.43,534.39,0.28879233475462457
779,2022,2022Q1,2022-03,2022-03-06,West,Accessories,Mouse,587.1133333333333,6,3522.68,626.72,0.17791000034064974
780,2023,2023Q4,2023-11,2023-11-24,East,Electronics,Smartwatch,584.35,1,584.35,172.4,0.29502866432788566
781,2023,2023Q3,2023-08,2023-08-31,East,Electronics,Smartphone,639.075,8,5112.6,824.88,0.16134256542659312
782,2023,2023Q4,2023-10,2023-10-14,South,Electronics,Smartphone,174.465,2,348.93,56.31,0.1613790731665377
783,2023,2023Q2,2023-05,2023-05-16,South,Accessories,Monitor,178.02444444444444,9,1602.22,142.49,0.08893285566276792
784,2023,2023Q2,2023-06,2023-06-19,South,Accessories,Monitor,951.3066666666667,3,2853.92,437.59,0.15332945562594605
785,2023,2023Q3,2023-07,2023-07-21,West,Office,Printer,1024.87,1,1024.87,230.3,0.2247114268151083
786,2022,2022Q1,2022-03,2022-03-20,East,Electronics,Camera,897.0959999999999,5,4485.48,1324.49,0.2952838938084665
787,2024,2024Q4,2024-10,2024-10-21,North,Electronics,Smartwatch,1116.36,2,2232.72,150.12,0.0672363753627862
788,2022,2022Q1,2022-03,2022-03-15,East,Accessories,Keyboard,175.156,5,875.78,96.65,0.11035876590011191
789,2022,2022Q1,2022-02,2022-02-01,East,Electronics,Smartwatch,105.18666666666667,3,315.56,61.94,0.19628596780327037
790,2022,2022Q2,2022-04,2022-04-24,East,Electronics,Laptop,179.27,2,358.54,51.75,0.14433536007140066
791,2023,2023Q1,2023-03,2023-03-23,South,Electronics,Camera,493.0228571428571,7,3451.16,194.42,0.05633468167224933
792,2022,2022Q1,2022-02,2022-02-10,North,Electronics,Laptop,150.10000000000002,9,1350.9,189.13,0.1400029609889703
793,2023,2023Q4,2023-10,2023-10-19,West,Electronics,Tablet,415.10875,8,3320.87,413.32,0.12446136102888701
794,2024,2024Q3,2024-09,2024-09-10,North,Accessories,Mouse,1055.31875,4,4221.275,470.165,0.11137985561234462
795,2023,2023Q3,2023-08,2023-08-09,North,Accessories,Mouse,744.124,5,3720.62,448.6,0.12057130263235698
796,2023,2023Q3,2023-07,2023-07-11,South,Electronics,Laptop,545.085,4,2180.34,273.3,0.12534742287900053
797,2022,2022Q3,2022-09,2022-09-22,North,Electronics,Smartphone,608.12,8,4864.96,1314.36,0.2701687167006512
798,2023,2023Q2,2023-06,2023-06-22,North,Accessories,Mouse,580.1128571428571,7,4060.79,291.42,0.07176436112185068
799,2023,2023Q1,2023-03,2023-03-26,North,Electronics,Smartwatch,387.98,1,387.98,99.59,0.2566884890973761
800,2023,2023Q3,2023-08,2023-08-11,North,Electronics,Smartwatch,322.1666666666667,3,966.5,120.56,0.12473874806001035
801,2024,2024Q2,2024-05,2024-05-17,North,Electronics,Tablet,1122.0566666666666,3,3366.17,882.29,0.26210500360944333
802,2023,2023Q2,2023-04,2023-04-09,West,Accessories,Monitor,610.23,1,610.23,33.55,0.05497927011126952
803,2022,2022Q2,2022-05,2022-05-28,West,Electronics,Smartwatch,536.07,8,4288.56,597.09,0.13922855224131175
804,2022,2022Q3,2022-07,2022-07-18,North,Office,Printer,860.1077777777778,9,7740.97,605.35,0.07820079395734643
805,2024,2024Q3,2024-08,2024-08-20,West,Electronics,Smartwatch,350.08,9,3150.72,457.13,0.1450874720698761
806,2023,2023Q4,2023-12,2023-12-31,West,Accessories,Keyboard,447.135,2,894.27,224.75,0.2513223075804846
807,2024,2024Q1,2024-03,2024-03-01,North,Accessories,Keyboard,795.02375,4,3180.095,935.94,0.29431196237848245
808,2022,2022Q1,2022-03,2022-03-19,West,Electronics,Smartphone,607.225,8,4857.8,971.5,0.1999876487298777
809,2023,2023Q2,2023-04,2023-04-25,West,Accessories,Keyboard,1124.035,3,3372.105,330.235,0.09793141079533407
810,2023,2023Q3,2023-09,2023-09-11,North,Accessories,Headphones,133.04666666666665,6,798.28,213.4,0.2673247482086486
811,2023,2023Q1,2023-01,2023-01-13,North,Office,Printer,572.188,5,2860.94,339.0,0.11849252343635308
812,2023,2023Q1,2023-02,2023-02-26,West,Electronics,Laptop,889.1120000000001,5,4445.56,580.15,0.13050099425044312
813,2024,2024Q4,2024-11,2024-11-03,South,Electronics,Smartwatch,942.025,8,7536.2,1197.09,0.15884530665322044
814,2023,2023Q3,2023-09,2023-09-26,North,Accessories,Monitor,595.1114285714285,7,4165.78,263.26,0.06319584807647068
815,2024,2024Q1,2024-02,2024-02-19,East,Electronics,Laptop,1007.09,6,6042.54,1527.98,0.25287048161865705
816,2024,2024Q2,2024-04,2024-04-29,North,Accessories,Keyboard,155.15,1,155.15,35.33,0.2277151144054141
817,2024,2024Q2,2024-05,2024-05-15,South,Accessories,Headphones,1085.195,2,2170.39,522.0,0.24050977013347832
818,2024,2024Q4,2024-10,2024-10-22,West,Electronics,Tablet,944.1533333333333,3,2832.46,317.76,0.1121851676634445
819,2022,2022Q3,2022-07,2022-07-31,West,Electronics,Smartwatch,789.054,5,3945.27,392.09,0.09938229829644105
820,2022,2022Q3,2022-09,2022-09-10,South,Electronics,Tablet,526.0525,4,2104.21,308.0,0.14637322320490825
821,2022,2022Q3,2022-08,2022-08-24,South,Accessories,Monitor,1030.075,2,2060.15,517.64,0.2512632575297915
822,2023,2023Q1,2023-01,2023-01-13,South,Electronics,Smartwatch,135.08166666666668,6,810.49,108.61,0.13400535478537676
823,2022,2022Q3,2022-09,2022-09-23,West,Electronics,Laptop,291.08666666666664,6,1746.52,114.84,0.06575361289879303
824,2022,2022Q1,2022-02,2022-02-08,West,Electronics,Tablet,119.1,5,595.5,121.11,0.20337531486146096
825,2022,2022Q4,2022-12,2022-12-18,West,Electronics,Laptop,781.01,2,1562.02,119.56,0.07654191367588123
826,2024,2024Q2,2024-05,2024-05-31,North,Electronics,Laptop,645.072,10,6450.72,1046.64,0.16225165562913907
827,2023,2023Q3,2023-08,2023-08-07,North,Accessories,Monitor,671.27,2,1342.54,184.59,0.1374931100749326
828,2022,2022Q3,2022-07,2022-07-13,South,Accessories,Mouse,485.02714285714285,7,3395.19,1012.78,0.29829847519579167
829,2024,2024Q4,2024-12,2024-12-01,East,Electronics,Smartwatch,992.075,4,3968.3,480.72,0.12114003477559661
830,2024,2024Q2,2024-04,2024-04-12,West,Electronics,Smartphone,911.176,5,4555.88,776.65,0.1704720054083953
831,2022,2022Q1,2022-02,2022-02-26,West,Electronics,Tablet,1066.31,2,2132.62,365.44,0.1713572975963838
832,2022,2022Q1,2022-03,2022-03-31,West,Accessories,Mouse,1086.105,6,6516.63,842.83,0.12933525457176487
833,2023,2023Q3,2023-08,2023-08-17,North,Electronics,Smartwatch,1020.05,2,2040.1,481.15,0.2358462820449978
834,2024,2024Q3,2024-09,2024-09-23,East,Accessories,Mouse,1021.0883333333333,3,3063.265,214.19,0.06992212557516245
835,2022,2022Q3,2022-09,2022-09-11,West,Electronics,Smartwatch,65.07,8,520.56,30.58,0.058744429076379286
836,2023,2023Q1,2023-01,2023-01-01,South,Electronics,Camera,894.186,5,4470.93,526.96,0.11786362121527288
837,2024,2024Q3,2024-07,2024-07-12,West,Electronics,Smartwatch,688.04875,8,5504.39,1196.78,0.21742282069402785
838,2022,2022Q1,2022-01,2022-01-11,West,Accessories,Headphones,759.01,4,3036.04,511.69,0.1685386226795431
839,2024,2024Q4,2024-10,2024-10-05,East,Electronics,Smartwatch,545.0260000000001,5,2725.13,308.29,0.11312854799587543
840,2024,2024Q3,2024-09,2024-09-16,North,Office,Printer,510.005,8,4080.04,336.96,0.08258742561347437
841,2024,2024Q2,2024-05,2024-05-23,North,Accessories,Keyboard,385.11875,8,3080.95,776.6,0.2520651097875655
842,2023,2023Q2,2023-06,2023-06-08,North,Electronics,Smartwatch,305.116,5,1525.58,413.75,0.27120832732468964
843,2022,2022Q3,2022-07,2022-07-16,South,Accessories,Monitor,333.155,4,1332.62,342.85,0.2572751422010776
844,2023,2023Q3,2023-07,2023-07-24,South,Electronics,Smartphone,667.0957142857143,7,4669.67,803.21,0.17200573059766536
845,2022,2022Q1,2022-03,2022-03-12,West,Electronics,Smartwatch,885.125,6,5310.75,1099.84,0.20709692604622698
846,2022,2022Q4,2022-11,2022-11-03,South,Accessories,Monitor,270.196,5,1350.98,198.19,0.14670091341100533
847,2024,2024Q1,2024-03,2024-03-14,North,Accessories,Monitor,912.04,4,3648.16,768.61,0.21068429016271217
848,2022,2022Q3,2022-08,2022-08-14,North,Electronics,Smartphone,1136.04,6,6816.24,1454.52,0.21339037357839513
849,2024,2024Q4,2024-11,2024-11-17,South,Accessories,Keyboard,537.7525,4,2151.01,237.98,0.11063639871502223
850,2024,2024Q2,2024-05,2024-05-13,South,Accessories,Keyboard,1143.7525,2,2287.505,385.62,0.16857668070670884
851,2022,2022Q4,2022-10,2022-10-21,East,Electronics,Laptop,1163.0375,8,9304.3,1855.7,0.19944541771009106
852,2024,2024Q2,2024-04,2024-04-15,East,Accessories,Monitor,482.0875,4,1928.35,232.48,0.12055902714756139
853,2023,2023Q1,2023-01,2023-01-17,East,Office,Printer,521.12,2,1042.24,86.24,0.08274485723058028
854,2023,2023Q4,2023-11,2023-11-28,East,Electronics,Tablet,738.2833333333333,3,2214.85,507.7,0.22922545544845024
855,2024,2024Q2,2024-05,2024-05-03,South,Accessories,Keyboard,756.0175,4,3024.07,678.26,0.2242871362104713
856,2023,2023Q3,2023-08,2023-08-11,East,Electronics,Camera,552.465,2,1104.93,173.01,0.1565800548451033
857,2022,2022Q1,2022-01,2022-01-19,North,Electronics,Smartphone,917.075,4,3668.3,839.4,0.2288253414388136
858,2023,2023Q2,2023-06,2023-06-30,South,Office,Printer,477.09888888888895,9,4293.89,295.47,0.06881173015610553
859,2022,2022Q3,2022-08,2022-08-19,North,Accessories,Mouse,964.8466666666667,3,2894.54,475.225,0.1641798005900765
860,2023,2023Q3,2023-08,2023-08-27,North,Electronics,Smartwatch,740.1566666666666,6,4440.94,800.92,0.18034920534841722
861,2022,2022Q1,2022-03,2022-03-10,South,Office,Printer,1103.078,5,5515.39,330.02,0.059836203786132976
862,2024,2024Q4,2024-10,2024-10-12,North,Electronics,Camera,196.2125,4,784.85,192.77,0.24561381155634834
863,2024,2024Q2,2024-06,2024-06-15,East,Electronics,Laptop,144.0825,4,576.33,156.59,0.2717019762983013
864,2024,2024Q3,2024-09,2024-09-09,West,Electronics,Smartwatch,141.168,5,705.84,198.62,0.2813952170463561
865,2022,2022Q3,2022-08,2022-08-25,East,Electronics,Smartphone,1130.095,12,13561.14,1623.84,0.11974214557183245
866,2023,2023Q4,2023-10,2023-10-01,North,Electronics,Smartwatch,794.012,5,3970.06,642.7,0.16188672211503102
867,2023,2023Q1,2023-01,2023-01-08,North,Accessories,Monitor,733.0871428571428,7,5131.61,368.11,0.07173382232866489
868,2022,2022Q4,2022-10,2022-10-02,East,Electronics,Laptop,250.12285714285713,7,1750.86,90.21,0.05152325143072547
869,2024,2024Q1,2024-01,2024-01-28,East,Accessories,Keyboard,1329.215,1,1329.215,397.18,0.29880794303404645
870,2022,2022Q1,2022-01,2022-01-14,North,Electronics,Tablet,245.0055555555556,9,2205.05,410.01,0.18594136187388038
871,2023,2023Q2,2023-06,2023-06-13,South,Electronics,Smartphone,772.07,9,6948.63,1409.3,0.202816958162976
872,2022,2022Q3,2022-09,2022-09-09,North,Electronics,Tablet,258.16,3,774.48,212.02,0.2737578762524533
873,2023,2023Q4,2023-12,2023-12-26,North,Electronics,Tablet,844.0266666666666,3,2532.08,343.13,0.1355130959527345
874,2024,2024Q4,2024-11,2024-11-16,West,Electronics,Laptop,941.1157142857144,7,6587.81,1173.91,0.17819427093373974
875,2024,2024Q2,2024-04,2024-04-01,East,Electronics,Smartphone,1038.1042857142857,7,7266.73,806.79,0.11102517913834696
876,2024,2024Q4,2024-11,2024-11-27,East,Electronics,Smartphone,981.1142857142858,14,13735.6,1004.12,0.07310346835959114
877,2023,2023Q3,2023-07,2023-07-01,South,Electronics,Camera,543.0755555555556,9,4887.68,396.36,0.08109368862118632
878,2023,2023Q1,2023-02,2023-02-13,West,Accessories,Mouse,216.16,4,864.64,251.99,0.2914392116950407
879,2023,2023Q4,2023-11,2023-11-09,East,Electronics,Smartphone,865.1149999999999,6,5190.69,1215.07,0.23408641240374595
880,2022,2022Q2,2022-05,2022-05-20,South,Accessories,Keyboard,266.03875,8,2128.31,294.45,0.13834920664752784
881,2024,2024Q2,2024-06,2024-06-26,East,Accessories,Mouse,859.045,1,859.045,109.41,0.1273623616923444
882,2022,2022Q2,2022-05,2022-05-02,North,Electronics,Smartphone,635.225,4,2540.9,458.78,0.18055806997520563
883,2023,2023Q2,2023-05,2023-05-18,East,Accessories,Keyboard,367.1228571428572,7,2569.86,130.19,0.05066034725627076
884,2022,2022Q4,2022-11,2022-11-22,South,Accessories,Headphones,605.25,2,1210.5,268.37,0.22170177612556796
885,2022,2022Q1,2022-03,2022-03-15,East,Accessories,Mouse,564.04,2,1128.08,94.13,0.08344266364087653
886,2023,2023Q3,2023-08,2023-08-23,North,Accessories,Headphones,1077.14,1,1077.14,77.97,0.07238613365022188
887,2023,2023Q4,2023-12,2023-12-18,East,Accessories,Keyboard,374.02500000000003,3,1122.075,258.735,0.23058619076264955
888,2022,2022Q3,2022-09,2022-09-16,West,Accessories,Mouse,201.065,8,1608.52,464.18,0.28857583368562406
889,2024,2024Q4,2024-12,2024-12-15,West,Electronics,Camera,737.042,5,3685.21,476.2,0.1292192303830718
890,2024,2024Q2,2024-04,2024-04-25,North,Electronics,Camera,510.0275,8,4080.22,1079.49,0.26456661650597274
891,2024,2024Q1,2024-02,2024-02-09,North,Accessories,Monitor,404.65,1,404.65,84.4,0.208575311998023
892,2023,2023Q2,2023-04,2023-04-19,South,Accessories,Keyboard,869.335,2,1738.67,163.38,0.09396837812810942
893,2023,2023Q1,2023-01,2023-01-31,West,Office,Printer,276.0833333333333,3,828.25,210.33,0.25394506489586477
894,2023,2023Q4,2023-11,2023-11-24,North,Accessories,Mouse,1086.205,4,4344.82,461.72,0.10626907443806649
895,2023,2023Q4,2023-10,2023-10-02,North,Electronics,Tablet,1130.56,1,1130.56,268.88,0.23782904047551656
896,2023,2023Q2,2023-06,2023-06-27,East,Electronics,Tablet,211.065,4,844.26,136.02,0.1611115059341909
897,2023,2023Q4,2023-12,2023-12-12,East,Electronics,Camera,513.1,2,1026.2,170.31,0.16596180081855388
898,2023,2023Q4,2023-10,2023-10-04,West,Electronics,Laptop,1164.155,6,6984.93,1433.65,0.20524901466442758
899,2022,2022Q1,2022-02,2022-02-18,West,Accessories,Monitor,418.2125,4,1672.85,432.35,0.2584511462474221
900,2023,2023Q1,2023-01,2023-01-08,North,Electronics,Laptop,182.12666666666667,12,2185.52,127.96,0.058548995204802515
901,2024,2024Q2,2024-04,2024-04-01,South,Accessories,Headphones,136.04,2,272.08,24.71,0.0908188768009409
902,2023,2023Q4,2023-10,2023-10-22,West,Accessories,Mouse,1359.2566666666667,3,4077.77,1088.69,0.26698170813949784
903,2023,2023Q1,2023-03,2023-03-29,East,Electronics,Smartwatch,614.0528571428571,7,4298.37,358.38,0.08337579128832558
904,2022,2022Q4,2022-12,2022-12-17,East,Electronics,Smartphone,273.002,10,2730.02,621.32,0.22758807627782948
905,2024,2024Q4,2024-11,2024-11-28,West,Electronics,Camera,686.0183333333333,6,4116.11,381.35,0.09264815566153481
906,2022,2022Q2,2022-04,2022-04-07,South,Accessories,Headphones,113.1175,8,904.94,181.45,0.20051053108493377
907,2024,2024Q4,2024-12,2024-12-05,South,Electronics,Smartwatch,70.85,1,70.85,10.64,0.15017642907551165
908,2023,2023Q3,2023-09,2023-09-03,East,Accessories,Keyboard,172.08,2,344.16,72.87,0.2117329149232915
909,2024,2024Q3,2024-08,2024-08-17,South,Accessories,Headphones,259.045,2,518.09,34.22,0.06605030014090216
910,2022,2022Q3,2022-08,2022-08-18,North,Accessories,Mouse,307.0211111111111,9,2763.19,458.4,0.16589521531273635
911,2022,2022Q1,2022-03,2022-03-26,North,Electronics,Smartwatch,1149.08,2,2298.16,343.53,0.14948045392836007
912,2024,2024Q4,2024-10,2024-10-02,South,Accessories,Monitor,436.73,1,436.73,73.89,0.16918920156618505
913,2022,2022Q3,2022-09,2022-09-28,East,Accessories,Mouse,304.015,3,912.045,106.735,0.1170282168094776
914,2024,2024Q2,2024-05,2024-05-12,North,Electronics,Laptop,308.142,10,3081.42,823.66,0.26729884274133353
915,2023,2023Q1,2023-03,2023-03-14,East,Electronics,Tablet,796.1057142857143,7,5572.74,385.82,0.06923344710142587
916,2023,2023Q3,2023-09,2023-09-21,East,Accessories,Monitor,505.06166666666667,6,3030.37,335.71,0.11078185172107696
917,2024,2024Q2,2024-05,2024-05-02,West,Accessories,Monitor,249.19,5,1245.95,345.84,0.27757133111280546
918,2022,2022Q1,2022-01,2022-01-31,South,Electronics,Tablet,313.1525,4,1252.61,326.69,0.2608074340776459
919,2024,2024Q2,2024-06,2024-06-04,North,Electronics,Camera,551.0555555555555,9,4959.5,479.28,0.09663877406996672
920,2023,2023Q1,2023-02,2023-02-16,West,Accessories,Monitor,1166.1014285714286,7,8162.71,443.81,0.054370423548061854
921,2023,2023Q2,2023-05,2023-05-26,East,Accessories,Monitor,274.188,5,1370.94,253.92,0.18521598319401286
922,2023,2023Q4,2023-12,2023-12-28,North,Electronics,Tablet,1037.2466666666667,3,3111.74,607.23,0.19514162494295798
923,2024,2024Q4,2024-10,2024-10-22,West,Accessories,Monitor,875.0379999999999,5,4375.19,987.96,0.2258096219821311
924,2023,2023Q3,2023-07,2023-07-31,North,Accessories,Monitor,453.116,5,2265.58,595.05,0.26264797535288975
925,2022,2022Q2,2022-04,2022-04-15,East,Electronics,Laptop,166.59,2,333.18,19.38,0.058166756708085715
926,2024,2024Q2,2024-04,2024-04-24,North,Accessories,Headphones,1031.1128571428571,7,7217.79,1481.7,0.20528444302203308
927,2022,2022Q1,2022-01,2022-01-16,East,Electronics,Tablet,589.2933333333334,3,1767.88,186.54,0.10551621150756837
928,2023,2023Q4,2023-12,2023-12-06,East,Electronics,Laptop,961.3133333333334,6,5767.88,1115.62,0.19341941926669762
929,2024,2024Q3,2024-09,2024-09-04,South,Electronics,Smartwatch,446.10999999999996,3,1338.33,396.08,0.2959509239126374
930,2022,2022Q2,2022-06,2022-06-10,North,Office,Printer,56.29666666666666,3,168.89,45.31,0.2682811297294097
931,2022,2022Q4,2022-10,2022-10-03,South,Electronics,Smartphone,504.0877777777778,9,4536.79,479.78,0.1057531867245343
932,2022,2022Q1,2022-02,2022-02-25,East,Accessories,Mouse,1101.2175,4,4404.87,793.7,0.18018692946670392
933,2023,2023Q3,2023-08,2023-08-18,North,Accessories,Monitor,488.23,4,1952.92,148.67,0.07612703029309956
934,2022,2022Q4,2022-12,2022-12-23,North,Accessories,Mouse,1002.495,1,1002.495,233.88,0.23329792168539493
935,2022,2022Q2,2022-06,2022-06-30,South,Accessories,Keyboard,117.035,2,234.07,65.74,0.28085615414192333
936,2024,2024Q4,2024-11,2024-11-10,West,Electronics,Smartphone,963.0988888888888,9,8667.89,1597.49,0.18429975461156062
937,2022,2022Q2,2022-04,2022-04-11,South,Accessories,Headphones,528.0522222222222,9,4752.47,1415.65,0.2978766830721709
938,2022,2022Q2,2022-05,2022-05-20,North,Accessories,Keyboard,804.455,1,804.455,85.145,0.1058418432354824
939,2024,2024Q3,2024-07,2024-07-17,West,Electronics,Smartwatch,1142.94,1,1142.94,306.84,0.26846553624862196
940,2024,2024Q4,2024-11,2024-11-18,North,Accessories,Keyboard,58.285,1,58.285,6.835,0.11726859397786739
941,2022,2022Q2,2022-06,2022-06-06,East,Electronics,Smartphone,439.0177777777778,18,7902.32,1816.26,0.2298388321404347
942,2023,2023Q4,2023-12,2023-12-21,East,Accessories,Keyboard,803.275,2,1606.55,138.96,0.08649590737916654
943,2023,2023Q3,2023-07,2023-07-24,West,Electronics,Smartwatch,1003.135,2,2006.27,235.52,0.11739197615475484
944,2024,2024Q2,2024-06,2024-06-05,South,Electronics,Camera,1047.0222222222224,9,9423.2,652.06,0.0691973002801596
945,2022,2022Q3,2022-08,2022-08-24,North,Electronics,Laptop,569.195,8,4553.56,799.88,0.17566036244169395
946,2022,2022Q3,2022-08,2022-08-22,West,Accessories,Monitor,976.0139999999999,5,4880.07,664.06,0.13607591694381432
947,2024,2024Q4,2024-11,2024-11-18,East,Electronics,Laptop,591.1233333333333,3,1773.37,183.15,0.10327793974184746
948,2023,2023Q1,2023-01,2023-01-21,South,Electronics,Smartwatch,302.07444444444445,9,2718.67,195.97,0.07208304060441319
949,2022,2022Q4,2022-11,2022-11-07,East,Accessories,Headphones,792.2425,4,3168.97,939.45,0.2964527906543767
950,2022,2022Q1,2022-01,2022-01-31,West,Electronics,Camera,858.165,2,1716.33,368.06,0.21444593988335578
951,2024,2024Q1,2024-02,2024-02-07,West,Electronics,Smartphone,107.275,2,214.55,14.08,0.06562572826846888
952,2024,2024Q2,2024-06,2024-06-04,East,Electronics,Camera,1046.455,2,2092.91,366.12,0.17493346584420735
953,2024,2024Q1,2024-03,2024-03-21,West,Accessories,Headphones,75.09666666666666,3,225.29,46.96,0.20844245195081895
954,2023,2023Q1,2023-03,2023-03-26,East,Electronics,Smartwatch,859.4,1,859.4,217.67,0.25328135908773564
955,2024,2024Q2,2024-06,2024-06-10,South,Accessories,Keyboard,540.0183333333333,3,1620.055,379.095,0.23400131477017758
956,2022,2022Q4,2022-10,2022-10-08,East,Electronics,Tablet,874.2,2,1748.4,506.52,0.2897048730267673
957,2023,2023Q3,2023-07,2023-07-06,West,Accessories,Mouse,260.01,4,1040.04,54.24,0.05215184031383409
958,2022,2022Q2,2022-06,2022-06-18,North,Electronics,Smartwatch,731.1566666666666,3,2193.47,521.14,0.2375870196537906
959,2023,2023Q2,2023-06,2023-06-08,West,Accessories,Headphones,416.12,5,2080.6,614.77,0.2954772661732193
960,2022,2022Q2,2022-05,2022-05-13,South,Accessories,Mouse,1267.5625,2,2535.125,493.195,0.19454464769981755
961,2024,2024Q1,2024-03,2024-03-08,South,Electronics,Laptop,67.01142857142857,14,938.16,94.8,0.10104886160143259
962,2024,2024Q4,2024-12,2024-12-31,West,Electronics,Smartphone,155.055,6,930.33,213.6,0.22959594982425588
963,2022,2022Q1,2022-03,2022-03-11,South,Electronics,Smartwatch,495.58,1,495.58,55.17,0.11132410508898664
964,2024,2024Q3,2024-08,2024-08-01,East,Accessories,Monitor,823.15,6,4938.9,847.89,0.17167587924436617
965,2022,2022Q3,2022-08,2022-08-21,South,Electronics,Tablet,650.22,2,1300.44,267.46,0.20566885054289316
966,2024,2024Q4,2024-12,2024-12-11,South,Accessories,Mouse,300.0257142857143,7,2100.18,131.67,0.06269462617489929
967,2024,2024Q1,2024-03,2024-03-13,South,Electronics,Camera,1124.39,2,2248.78,636.52,0.28305125445797275
968,2022,2022Q2,2022-05,2022-05-13,East,Accessories,Headphones,664.0133333333333,3,1992.04,252.21,0.126608903435674
969,2022,2022Q1,2022-01,2022-01-29,South,Electronics,Camera,1014.145,4,4056.58,1189.26,0.29316813670628955
970,2022,2022Q4,2022-12,2022-12-22,East,Electronics,Camera,993.49,2,1986.98,208.88,0.10512435958087148
971,2022,2022Q1,2022-03,2022-03-05,East,Electronics,Smartwatch,348.0677777777778,9,3132.61,443.27,0.14150181478064616
972,2023,2023Q1,2023-01,2023-01-14,South,Accessories,Mouse,992.35625,4,3969.425,595.705,0.15007337334752516
973,2024,2024Q3,2024-08,2024-08-19,West,Accessories,Keyboard,187.68,1,187.68,47.52,0.2531969309462916
974,2022,2022Q3,2022-09,2022-09-24,North,Accessories,Monitor,118.05142857142857,7,826.36,101.01,0.12223486131952176
975,2023,2023Q3,2023-09,2023-09-09,East,Accessories,Mouse,269.1466666666667,3,807.44,148.58,0.18401367284256415
976,2022,2022Q1,2022-02,2022-02-07,West,Accessories,Keyboard,910.106,5,4550.53,1039.34,0.22839976881813767
977,2024,2024Q1,2024-01,2024-01-07,North,Electronics,Smartphone,977.0322222222223,9,8793.29,901.7,0.10254409896637094
978,2024,2024Q3,2024-07,2024-07-09,North,Accessories,Headphones,62.052,5,310.26,32.01,0.10317153355250434
979,2023,2023Q4,2023-11,2023-11-28,East,Accessories,Headphones,381.1466666666667,3,1143.44,275.04,0.24053732596375849
980,2022,2022Q1,2022-03,2022-03-10,West,Accessories,Monitor,870.07,3,2610.21,740.21,0.28358254699813423
981,2022,2022Q3,2022-07,2022-07-31,West,Electronics,Tablet,249.02666666666667,6,1494.16,269.25,0.18020158483696525
982,2023,2023Q3,2023-07,2023-07-05,North,Electronics,Smartphone,381.125,8,3049.0,378.64,0.12418497868153493
983,2022,2022Q2,2022-06,2022-06-18,South,Electronics,Smartphone,880.08,4,3520.32,417.26,0.11852899736387601
984,2023,2023Q1,2023-03,2023-03-29,West,Electronics,Tablet,195.27,2,390.54,103.99,0.2662723408613714
985,2024,2024Q3,2024-09,2024-09-29,North,Electronics,Laptop,450.04,1,450.04,75.89,0.16862945515954136
986,2023,2023Q3,2023-08,2023-08-12,South,Electronics,Smartwatch,207.0175,4,828.07,216.98,0.2620309877184296
987,2024,2024Q3,2024-07,2024-07-09,West,Accessories,Monitor,662.14,3,1986.42,361.33,0.18190010169047832
988,2024,2024Q1,2024-03,2024-03-19,South,Electronics,Laptop,277.036,5,1385.18,165.55,0.1195151532652796
989,2023,2023Q1,2023-03,2023-03-13,North,Electronics,Tablet,1139.15,4,4556.6,315.07,0.06914585436509678
990,2024,2024Q1,2024-02,2024-02-08,North,Accessories,Monitor,152.0,3,456.0,61.42,0.13469298245614036
991,2024,2024Q4,2024-11,2024-11-15,North,Accessories,Monitor,992.33,2,1984.66,125.13,0.0630485826287626
992,2024,2024Q3,2024-09,2024-09-17,North,Electronics,Smartwatch,863.0100000000001,6,5178.06,1321.58,0.25522686102517156
993,2023,2023Q2,2023-05,2023-05-11,West,Electronics,Smartwatch,281.83,1,281.83,30.51,0.10825675052336516
994,2024,2024Q4,2024-11,2024-11-26,South,Accessories,Monitor,337.02555555555557,9,3033.23,177.92,0.0586569432585066
995,2022,2022Q1,2022-03,2022-03-27,East,Electronics,Camera,369.0,3,1107.0,65.88,0.05951219512195122
996,2022,2022Q2,2022-04,2022-04-10,South,Accessories,Mouse,723.385,1,723.385,178.35,0.24654920961866778
997,2023,2023Q1,2023-01,2023-01-23,South,Accessories,Mouse,133.48,2,266.96,20.11,0.07532963739886125
998,2024,2024Q2,2024-04,2024-04-22,West,Electronics,Smartphone,108.02,12,1296.24,324.6,0.2504165895204592
999,2023,2023Q1,2023-03,2023-03-15,South,Electronics,Tablet,172.445,2,344.89,80.87,0.23448055901881762
1000,2024,2024Q2,2024-05,2024-05-25,West,Electronics,Smartphone,954.0116666666667,6,5724.07,1640.19,0.28654261740335113
1001,2022,2022Q1,2022-03,2022-03-16,East,Accessories,Headphones,984.0020000000001,5,4920.01,323.38,0.06572750868392543
1002,2023,2023Q1,2023-01,2023-01-07,West,Electronics,Camera,1088.086,5,5440.43,457.04,0.08400806553893718
1003,2023,2023Q4,2023-10,2023-10-23,South,Electronics,Camera,420.0888888888889,9,3780.8,724.36,0.1915890816758358
1004,2023,2023Q2,2023-05,2023-05-27,North,Electronics,Smartphone,1017.37,2,2034.74,419.94,0.20638509096985364
1005,2023,2023Q1,2023-01,2023-01-31,West,Electronics,Smartphone,263.15333333333336,6,1578.92,82.85,0.05247257619132065
1006,2023,2023Q4,2023-10,2023-10-09,South,Electronics,Smartphone,456.305,2,912.61,161.37,0.1768225200249833
1007,2024,2024Q2,2024-04,2024-04-29,West,Electronics,Laptop,420.07166666666666,6,2520.43,182.59,0.07244398773225204
1008,2024,2024Q4,2024-12,2024-12-06,East,Accessories,Mouse,329.12375,8,2632.99,262.55,0.09971553253145665
1009,2023,2023Q3,2023-07,2023-07-10,West,Accessories,Monitor,1097.095,6,6582.57,729.68,0.11085032137903585
1010,2024,2024Q1,2024-01,2024-01-16,East,Electronics,Camera,429.0375,8,3432.3,172.69,0.05031320106051335
1011,2023,2023Q3,2023-09,2023-09-10,South,Accessories,Keyboard,515.405,1,515.405,127.325,0.24703873652758512
1012,2023,2023Q4,2023-10,2023-10-30,North,Accessories,Monitor,1185.095,4,4740.38,833.27,0.17578126648074627
1013,2024,2024Q2,2024-04,2024-04-14,East,Accessories,Headphones,429.1425,4,1716.57,364.96,0.21261003046773508
1014,2023,2023Q1,2023-02,2023-02-07,South,Office,Printer,504.09285714285716,7,3528.65,260.06,0.07369957349127854
1015,2022,2022Q2,2022-06,2022-06-22,South,Electronics,Camera,259.27,3,777.81,71.72,0.09220760854193184
1016,2022,2022Q2,2022-04,2022-04-29,East,Electronics,Camera,842.08,4,3368.32,558.93,0.16593732186965607
1017,2022,2022Q4,2022-10,2022-10-11,North,Electronics,Tablet,1060.11,4,4240.44,251.46,0.05930044995330674
1018,2022,2022Q2,2022-04,2022-04-15,South,Electronics,Laptop,1095.1566666666665,3,3285.47,292.87,0.0891409752638131
1019,2023,2023Q1,2023-01,2023-01-14,South,Electronics,Smartphone,812.11,6,4872.66,612.73,0.12574856443913593
1020,2022,2022Q3,2022-08,2022-08-24,East,Electronics,Smartphone,274.05111111111114,9,2466.46,638.41,0.25883655117050347
1021,2024,2024Q4,2024-10,2024-10-26,West,Electronics,Tablet,493.03000000000003,5,2465.15,497.19,0.2016875240857554
1022,2023,2023Q2,2023-05,2023-05-15,North,Electronics,Tablet,204.13666666666666,3,612.41,40.15,0.0655606538103558
1023,2022,2022Q4,2022-10,2022-10-25,South,Electronics,Tablet,834.016,5,4170.08,658.98,0.15802574530944252
1024,2023,2023Q1,2023-03,2023-03-13,South,Electronics,Camera,136.00125,8,1088.01,160.33,0.14736077793402635
1025,2024,2024Q3,2024-07,2024-07-30,West,Accessories,Keyboard,813.37,2,1626.74,354.49,0.21791435632000197
1026,2023,2023Q4,2023-11,2023-11-06,North,Electronics,Smartphone,1081.0983333333334,12,12973.18,718.98,0.05542049058133781
1027,2024,2024Q1,2024-01,2024-01-03,North,Electronics,Smartphone,357.82,2,715.64,165.72,0.2315689452797496
1028,2024,2024Q1,2024-02,2024-02-17,South,Electronics,Laptop,454.7,1,454.7,58.4,0.12843633164723994
1029,2024,2024Q2,2024-04,2024-04-04,East,Electronics,Tablet,1194.1499999999999,3,3582.45,501.47,0.13997962288378066
1030,2024,2024Q2,2024-06,2024-06-25,West,Electronics,Tablet,418.1033333333333,9,3762.93,484.75,0.1288224867324133
1031,2024,2024Q4,2024-10,2024-10-31,South,Electronics,Smartwatch,738.0055555555556,9,6642.05,394.48,0.059391302384053116
1032,2024,2024Q3,2024-09,2024-09-25,West,Accessories,Monitor,102.0225,4,408.09,45.2,0.11075988139871108
1033,2024,2024Q1,2024-03,2024-03-08,West,Electronics,Tablet,105.48,1,105.48,25.26,0.23947667804323094
1034,2024,2024Q2,2024-05,2024-05-04,West,Electronics,Tablet,894.29,3,2682.87,584.69,0.21793452534040042
1035,2022,2022Q3,2022-07,2022-07-11,East,Accessories,Keyboard,82.99833333333333,3,248.995,38.155,0.15323600875519588
1036,2022,2022Q3,2022-08,2022-08-19,South,Office,Printer,689.0028571428572,7,4823.02,420.58,0.0872026240820067
1037,2024,2024Q4,2024-10,2024-10-01,North,Electronics,Smartwatch,506.0225,8,4048.18,666.1,0.16454307861804565
1038,2022,2022Q4,2022-12,2022-12-23,North,Electronics,Smartphone,512.10625,16,8193.7,532.7,0.0650133639259431
1039,2022,2022Q2,2022-04,2022-04-09,East,Accessories,Mouse,717.0383333333333,3,2151.115,478.69,0.22253110596132705
1040,2023,2023Q1,2023-01,2023-01-27,North,Office,Printer,1192.072,5,5960.36,1139.78,0.19122670442724937
1041,2022,2022Q2,2022-06,2022-06-15,South,Electronics,Laptop,425.04333333333335,6,2550.26,337.28,0.13225318202849903
1042,2023,2023Q2,2023-05,2023-05-18,North,Accessories,Mouse,661.0044444444444,9,5949.04,368.51,0.0619444481798744
1043,2023,2023Q1,2023-02,2023-02-06,East,Electronics,Camera,737.01,7,5159.07,755.22,0.14638684879251496
1044,2022,2022Q3,2022-07,2022-07-01,North,Accessories,Monitor,275.2475,4,1100.99,127.13,0.11546880534791415
1045,2023,2023Q3,2023-08,2023-08-05,East,Electronics,Smartwatch,893.0725,8,7144.58,492.1,0.06887738677431005
1046,2022,2022Q3,2022-08,2022-08-09,West,Accessories,Keyboard,840.1120000000001,5,4200.56,330.48,0.07867522425581351
1047,2022,2022Q1,2022-02,2022-02-08,North,Accessories,Monitor,837.0983333333334,6,5022.59,291.89,0.05811543446707774
1048,2024,2024Q4,2024-12,2024-12-13,West,Electronics,Smartphone,1177.36,4,4709.44,742.68,0.15770027858938643
1049,2024,2024Q4,2024-10,2024-10-10,South,Electronics,Smartphone,1016.02,4,4064.08,299.4,0.07366980964941634
1050,2024,2024Q2,2024-05,2024-05-25,South,Accessories,Keyboard,1186.045,2,2372.09,275.88,0.11630250116985442
1051,2022,2022Q1,2022-02,2022-02-14,West,Electronics,Laptop,901.0266666666666,6,5406.16,1219.5,0.22557600958906138
1052,2023,2023Q2,2023-05,2023-05-04,South,Electronics,Laptop,316.2375,4,1264.95,267.82,0.21172378354875684
1053,2024,2024Q2,2024-05,2024-05-21,South,Electronics,Smartphone,406.125,8,3249.0,667.48,0.20544167436134195
1054,2023,2023Q2,2023-05,2023-05-14,West,Accessories,Mouse,372.0875,8,2976.7,507.77,0.1705815164443847
1055,2024,2024Q3,2024-07,2024-07-02,West,Accessories,Headphones,833.145,6,4998.87,863.82,0.1728030534900888
1056,2022,2022Q4,2022-10,2022-10-20,West,Office,Printer,98.57,1,98.57,28.57,0.2898447803591357
1057,2022,2022Q3,2022-08,2022-08-22,North,Electronics,Tablet,586.0914285714287,7,4102.64,354.03,0.0862932160755026
1058,2022,2022Q1,2022-01,2022-01-11,North,Office,Printer,1016.81,1,1016.81,171.31,0.16847788672416678
1059,2023,2023Q3,2023-08,2023-08-18,South,Accessories,Headphones,490.01,4,1960.04,234.88,0.1198342890961409
1060,2024,2024Q3,2024-09,2024-09-15,West,Accessories,Mouse,458.6233333333333,3,1375.87,337.975,0.24564457397864628
1061,2022,2022Q3,2022-07,2022-07-15,East,Electronics,Smartphone,576.0042857142857,14,8064.06,1485.96,0.18426946228078658
1062,2024,2024Q3,2024-07,2024-07-28,West,Electronics,Smartphone,854.0200000000001,7,5978.14,1791.25,0.29963333076843296
1063,2024,2024Q2,2024-05,2024-05-24,East,Accessories,Monitor,664.1,7,4648.7,1240.98,0.26695205111106335
1064,2022,2022Q2,2022-06,2022-06-14,North,Electronics,Smartphone,373.00666666666666,3,1119.02,108.68,0.09712069489374632
1065,2024,2024Q4,2024-12,2024-12-11,East,Electronics,Laptop,918.78,1,918.78,180.31,0.19624937417009514
1066,2023,2023Q1,2023-02,2023-02-05,East,Electronics,Smartphone,767.0,9,6903.0,837.35,0.12130233231928148
1067,2023,2023Q3,2023-08,2023-08-21,North,Accessories,Keyboard,1213.76,2,2427.52,267.115,0.11003616860005273
1068,2023,2023Q4,2023-12,2023-12-18,South,Electronics,Camera,1079.38,2,2158.76,483.94,0.2241749893457355
1069,2023,2023Q2,2023-04,2023-04-13,North,Accessories,Mouse,758.4083333333333,3,2275.225,538.9,0.23685569559054598
1070,2023,2023Q3,2023-09,2023-09-24,West,Electronics,Tablet,898.2075,4,3592.83,249.54,0.06945499787075926
1071,2022,2022Q4,2022-12,2022-12-19,South,Electronics,Tablet,436.0475,8,3488.38,943.25,0.2703977204318337
1072,2022,2022Q2,2022-05,2022-05-21,North,Accessories,Monitor,607.05,2,1214.1,163.8,0.13491475166790218
1073,2024,2024Q3,2024-09,2024-09-21,West,Accessories,Mouse,900.0775,4,3600.31,734.615,0.20404215192580638
1074,2023,2023Q1,2023-03,2023-03-24,East,Electronics,Laptop,226.0725,16,3617.16,678.62,0.18761127514403567
1075,2022,2022Q4,2022-12,2022-12-29,West,Electronics,Camera,787.0577777777778,9,7083.52,560.88,0.07918097217202746
1076,2024,2024Q2,2024-06,2024-06-05,East,Accessories,Monitor,265.08,4,1060.32,260.21,0.2454070469292289
1077,2022,2022Q4,2022-11,2022-11-17,South,Electronics,Smartwatch,798.0422222222222,9,7182.38,461.61,0.06426978243980408
1078,2024,2024Q3,2024-08,2024-08-23,South,Accessories,Headphones,225.04625,8,1800.37,326.03,0.18109055360842494
1079,2023,2023Q4,2023-12,2023-12-17,South,Accessories,Headphones,351.97,1,351.97,32.61,0.09264994175639968
1080,2022,2022Q4,2022-11,2022-11-10,West,Electronics,Smartwatch,600.15,2,1200.3,191.43,0.15948512871782056
1081,2023,2023Q4,2023-12,2023-12-01,South,Electronics,Tablet,177.06,9,1593.54,322.46,0.20235450631926402
1082,2024,2024Q4,2024-12,2024-12-15,East,Accessories,Monitor,860.13,3,2580.39,448.02,0.17362491716368456
1083,2022,2022Q1,2022-03,2022-03-25,South,Electronics,Smartphone,649.155,4,2596.62,408.16,0.15718896103395955
1084,2024,2024Q4,2024-12,2024-12-24,South,Electronics,Smartwatch,655.1185714285714,7,4585.83,383.97,0.08372966289635683
1085,2023,2023Q2,2023-04,2023-04-16,North,Electronics,Tablet,516.85,1,516.85,70.53,0.13646125568346715
1086,2024,2024Q2,2024-05,2024-05-14,West,Electronics,Tablet,445.165,4,1780.66,420.28,0.23602484472049687
1087,2022,2022Q4,2022-11,2022-11-07,North,Accessories,Keyboard,91.2525,2,182.505,47.025,0.25766417358428534
1088,2023,2023Q1,2023-02,2023-02-26,South,Electronics,Tablet,487.0125,8,3896.1,735.66,0.18881958881958882
1089,2024,2024Q2,2024-04,2024-04-28,South,Electronics,Laptop,636.1,1,636.1,169.24,0.26605879578682595
1090,2024,2024Q3,2024-07,2024-07-27,East,Accessories,Monitor,91.05857142857143,7,637.41,87.86,0.13783906747619273
1091,2023,2023Q3,2023-09,2023-09-26,South,Accessories,Keyboard,651.41,1,651.41,90.41,0.13879123746948926
1092,2024,2024Q3,2024-08,2024-08-24,West,Electronics,Smartphone,719.11,2,1438.22,80.84,0.056208368677949136
1093,2023,2023Q3,2023-08,2023-08-08,West,Electronics,Camera,851.0749999999999,6,5106.45,1341.93,0.2627911758658168
1094,2024,2024Q2,2024-05,2024-05-23,East,Electronics,Camera,199.09,9,1791.81,187.28,0.10452001049218389
1095,2023,2023Q4,2023-12,2023-12-31,South,Accessories,Monitor,1198.08,5,5990.4,1192.11,0.19900340544871795
1096,2023,2023Q4,2023-12,2023-12-01,South,Electronics,Tablet,847.93,1,847.93,142.74,0.16833936763647944
1097,2024,2024Q1,2024-02,2024-02-04,East,Electronics,Camera,86.04875,8,688.39,131.26,0.19067679658333211
1098,2023,2023Q2,2023-06,2023-06-24,East,Electronics,Tablet,594.015,2,1188.03,286.38,0.2410545188252822
1099,2023,2023Q3,2023-08,2023-08-20,North,Electronics,Camera,443.09000000000003,7,3101.63,926.09,0.2985817134861347
1100,2024,2024Q3,2024-09,2024-09-20,North,Electronics,Laptop,749.66,2,1499.32,136.34,0.09093455699917297
1101,2024,2024Q4,2024-11,2024-11-17,West,Electronics,Smartwatch,806.065,4,3224.26,871.53,0.27030388368183705
1102,2023,2023Q4,2023-10,2023-10-01,South,Accessories,Monitor,153.10666666666665,3,459.32,40.96,0.08917530262126622
1103,2024,2024Q4,2024-12,2024-12-24,East,Electronics,Smartwatch,818.0228571428571,7,5726.16,976.14,0.17047026279391425
1104,2022,2022Q2,2022-04,2022-04-20,West,Accessories,Keyboard,154.155,2,308.31,87.875,0.28502156919983135
1105,2024,2024Q4,2024-12,2024-12-24,North,Electronics,Laptop,792.04,4,3168.16,812.5,0.256458007171355
1106,2023,2023Q2,2023-06,2023-06-24,East,Electronics,Laptop,641.0899999999999,5,3205.45,368.41,0.11493238078896881
1107,2023,2023Q4,2023-12,2023-12-18,East,Electronics,Laptop,571.0911111111111,18,10279.64,2631.86,0.25602647563533354
1108,2024,2024Q4,2024-11,2024-11-09,West,Electronics,Smartphone,759.172,10,7591.72,478.3,0.06300285047393739
1109,2024,2024Q1,2024-03,2024-03-03,East,Electronics,Camera,405.41,2,810.82,229.33,0.2828371278458844
1110,2024,2024Q2,2024-05,2024-05-11,South,Electronics,Camera,851.1283333333334,6,5106.77,1500.2,0.29376690158358415
1111,2024,2024Q2,2024-06,2024-06-30,West,Accessories,Monitor,399.01,2,798.02,79.25,0.09930828801283176
1112,2022,2022Q1,2022-02,2022-02-22,West,Electronics,Laptop,633.0060000000001,10,6330.06,1790.66,0.2828819947994174
1113,2023,2023Q3,2023-09,2023-09-21,East,Electronics,Tablet,1187.092,5,5935.46,875.84,0.1475605934502128
1114,2022,2022Q2,2022-06,2022-06-27,South,Accessories,Keyboard,838.01,4,3352.04,663.15,0.19783475137528192
1115,2024,2024Q1,2024-01,2024-01-29,West,Electronics,Smartphone,927.0055555555555,9,8343.05,821.0,0.09840525946746095
1116,2022,2022Q2,2022-05,2022-05-25,East,Accessories,Monitor,651.1375,4,2604.55,411.38,0.15794667025013917
1117,2023,2023Q4,2023-11,2023-11-12,West,Accessories,Monitor,580.0411111111111,9,5220.37,1324.01,0.25362378528724977
1118,2022,2022Q4,2022-10,2022-10-24,West,Accessories,Mouse,531.0083333333333,3,1593.025,420.52,0.26397576936959555
1119,2023,2023Q1,2023-01,2023-01-13,West,Electronics,Smartphone,1169.0333333333333,6,7014.2,1202.25,0.17140229819508995
1120,2023,2023Q1,2023-01,2023-01-17,South,Accessories,Mouse,426.46875,4,1705.875,222.435,0.13039349307540118
1121,2022,2022Q1,2022-01,2022-01-20,East,Accessories,Monitor,513.6,1,513.6,87.58,0.17052180685358254
1122,2022,2022Q3,2022-07,2022-07-05,West,Electronics,Smartphone,1104.59,2,2209.18,555.7,0.2515412958654343
1123,2022,2022Q3,2022-08,2022-08-11,East,Electronics,Smartphone,302.10777777777776,9,2718.97,271.51,0.09985766668995981
1124,2023,2023Q2,2023-05,2023-05-14,North,Accessories,Headphones,277.00666666666666,6,1662.04,416.3,0.2504753194868956
1125,2023,2023Q4,2023-12,2023-12-16,West,Accessories,Mouse,340.13800000000003,5,1700.69,360.59,0.21202570721295472
1126,2024,2024Q4,2024-12,2024-12-06,South,Electronics,Tablet,733.0825,4,2932.33,597.65,0.20381403184498334
1127,2023,2023Q4,2023-10,2023-10-13,North,Accessories,Mouse,901.185,4,3604.74,971.14,0.2694063926940639
1128,2024,2024Q1,2024-03,2024-03-26,West,Electronics,Camera,1149.0275,4,4596.11,553.58,0.12044533311865906
1129,2024,2024Q2,2024-04,2024-04-05,East,Electronics,Smartwatch,155.0,6,930.0,68.24,0.0733763440860215
1130,2023,2023Q2,2023-06,2023-06-24,North,Electronics,Tablet,930.04,3,2790.12,470.93,0.16878485513167893
1131,2022,2022Q2,2022-05,2022-05-22,North,Electronics,Smartphone,766.065,12,9192.78,2325.5,0.2529702657955482
1132,2023,2023Q4,2023-10,2023-10-15,South,Accessories,Keyboard,962.28,1,962.28,260.28,0.27048260381593714
1133,2024,2024Q4,2024-10,2024-10-23,North,Electronics,Smartphone,92.99,1,92.99,14.88,0.16001720615119908
1134,2024,2024Q3,2024-09,2024-09-29,North,Accessories,Keyboard,282.665,2,565.33,127.495,0.22552314577326515
1135,2022,2022Q2,2022-06,2022-06-06,East,Accessories,Monitor,298.0475,8,2384.38,444.98,0.18662293761900367
1136,2024,2024Q4,2024-12,2024-12-25,South,Electronics,Camera,1161.0325,4,4644.13,277.26,0.059701171155846194
1137,2024,2024Q2,2024-04,2024-04-04,East,Accessories,Keyboard,607.81,1,607.81,79.78,0.13125812342672877
1138,2022,2022Q3,2022-09,2022-09-29,South,Accessories,Mouse,110.13571428571429,7,770.95,129.11,0.16746870743887413
1139,2022,2022Q4,2022-11,2022-11-06,South,Accessories,Keyboard,711.07,1,711.07,158.89,0.22345198081764098
1140,2023,2023Q3,2023-08,2023-08-02,South,Accessories,Keyboard,544.34,1,544.34,117.915,0.21662012712642834
1141,2024,2024Q1,2024-03,2024-03-05,East,Electronics,Laptop,672.0328571428571,7,4704.23,513.14,0.10908055090843773
1142,2022,2022Q4,2022-12,2022-12-15,East,Electronics,Laptop,132.152,5,660.76,90.86,0.13750832374841093
1143,2022,2022Q4,2022-11,2022-11-25,South,Accessories,Headphones,936.028,5,4680.14,516.26,0.1103086659800775
1144,2022,2022Q4,2022-10,2022-10-06,East,Electronics,Camera,971.0428571428572,7,6797.3,665.29,0.0978756270872258
1145,2024,2024Q4,2024-12,2024-12-11,North,Accessories,Mouse,69.79375,4,279.175,19.43,0.06959792245007611
1146,2023,2023Q3,2023-09,2023-09-13,East,Accessories,Monitor,1124.1175,4,4496.47,1115.75,0.24813909577957818
1147,2022,2022Q2,2022-05,2022-05-28,South,Accessories,Keyboard,713.25,1,713.25,62.78,0.08801962846126885
1148,2022,2022Q3,2022-08,2022-08-17,East,Electronics,Camera,655.4,2,1310.8,212.43,0.162061336588343
1149,2024,2024Q4,2024-10,2024-10-31,West,Accessories,Keyboard,317.01222222222225,9,2853.11,564.05,0.19769654867845962
1150,2023,2023Q4,2023-11,2023-11-20,South,Electronics,Camera,1162.095,2,2324.19,516.06,0.2220386457217353
1151,2024,2024Q2,2024-04,2024-04-16,North,Electronics,Laptop,330.75,1,330.75,53.42,0.1615117157974301
1152,2023,2023Q3,2023-09,2023-09-22,South,Electronics,Camera,196.17,3,588.51,100.52,0.17080423442252468
1153,2024,2024Q2,2024-05,2024-05-07,East,Electronics,Smartphone,63.33,1,63.33,11.91,0.18806252960682143
1154,2022,2022Q1,2022-03,2022-03-15,East,Electronics,Tablet,121.07285714285715,7,847.51,147.71,0.174287029061604
1155,2024,2024Q2,2024-06,2024-06-28,East,Office,Printer,1037.33,1,1037.33,56.89,0.054842721216970494
1156,2024,2024Q1,2024-01,2024-01-06,North,Accessories,Mouse,373.18,1,373.18,72.17,0.19339192882791145
1157,2023,2023Q4,2023-12,2023-12-20,North,Electronics,Laptop,1176.26,2,2352.52,314.94,0.13387346334993963
1158,2022,2022Q1,2022-01,2022-01-11,East,Electronics,Smartphone,713.1766666666667,6,4279.06,845.04,0.1974826246885998
1159,2024,2024Q4,2024-12,2024-12-11,West,Accessories,Monitor,460.06,9,4140.54,301.12,0.0727248136716467
1160,2024,2024Q1,2024-01,2024-01-13,North,Electronics,Laptop,1038.38,1,1038.38,63.23,0.06089292937075058
1161,2024,2024Q3,2024-07,2024-07-28,East,Accessories,Monitor,253.01,8,2024.08,203.11,0.1003468242361962
1162,2022,2022Q2,2022-04,2022-04-15,South,Electronics,Smartwatch,1104.1033333333332,6,6624.62,1136.09,0.1714951197200745
1163,2023,2023Q3,2023-09,2023-09-23,East,Electronics,Smartwatch,717.0085714285715,7,5019.06,1154.79,0.23008093148916328
1164,2024,2024Q2,2024-04,2024-04-15,East,Electronics,Smartphone,150.198,5,750.99,207.77,0.27666147352161813
1165,2023,2023Q1,2023-03,2023-03-23,North,Electronics,Camera,923.0528571428571,7,6461.37,1455.36,0.22524015804697764
1166,2023,2023Q4,2023-11,2023-11-04,West,Electronics,Tablet,491.0416666666667,6,2946.25,208.01,0.07060161221892236
1167,2024,2024Q2,2024-05,2024-05-24,South,Accessories,Monitor,618.23,1,618.23,81.04,0.13108390081361307
1168,2022,2022Q2,2022-05,2022-05-11,East,Electronics,Camera,954.0566666666667,9,8586.51,700.37,0.08156631739787178
1169,2024,2024Q1,2024-02,2024-02-13,South,Electronics,Laptop,400.092,10,4000.92,464.82,0.11617827899583096
1170,2023,2023Q3,2023-08,2023-08-13,East,Accessories,Mouse,531.0583333333333,3,1593.175,187.315,0.11757339903023836
1171,2024,2024Q2,2024-05,2024-05-15,South,Accessories,Monitor,634.18,4,2536.72,495.13,0.1951851209435807
1172,2024,2024Q2,2024-05,2024-05-09,South,Electronics,Smartwatch,653.33,2,1306.66,228.41,0.174804463288078
1173,2022,2022Q2,2022-05,2022-05-02,East,Electronics,Tablet,836.29,3,2508.87,631.85,0.25184644879965884
1174,2024,2024Q3,2024-07,2024-07-13,North,Electronics,Tablet,131.03375,8,1048.27,107.56,0.10260715273736729
1175,2022,2022Q4,2022-11,2022-11-19,East,Accessories,Keyboard,379.125,4,1516.5,256.96,0.16944279591163863
1176,2024,2024Q1,2024-03,2024-03-04,West,Electronics,Smartphone,1162.0988888888887,9,10458.89,1835.21,0.17546890731234385
1177,2024,2024Q2,2024-05,2024-05-20,East,Accessories,Headphones,306.09444444444443,9,2754.85,259.16,0.09407408751837669
1178,2022,2022Q4,2022-12,2022-12-25,South,Accessories,Monitor,617.005,2,1234.01,257.89,0.2089853404753608
1179,2022,2022Q3,2022-07,2022-07-30,East,Accessories,Monitor,847.68,1,847.68,146.25,0.1725297281993205
1180,2024,2024Q2,2024-04,2024-04-04,North,Accessories,Monitor,844.0666666666667,9,7596.6,1454.15,0.1914211620988337
1181,2024,2024Q4,2024-11,2024-11-02,East,Accessories,Keyboard,1208.77,3,3626.31,678.635,0.18714202591615167
1182,2024,2024Q4,2024-12,2024-12-05,West,Electronics,Smartwatch,122.11666666666667,6,732.7,136.59,0.18642009007779445
1183,2023,2023Q2,2023-06,2023-06-27,West,Electronics,Smartphone,173.0,1,173.0,20.96,0.12115606936416186
1184,2023,2023Q1,2023-03,2023-03-18,North,Electronics,Camera,935.0566666666667,3,2805.17,749.5,0.2671852329805324
1185,2023,2023Q3,2023-09,2023-09-18,West,Electronics,Smartphone,881.05625,8,7048.45,391.96,0.055609389298356376
1186,2024,2024Q3,2024-08,2024-08-16,East,Accessories,Mouse,783.055,6,4698.33,1020.11,0.21712182839434438
1187,2024,2024Q1,2024-01,2024-01-17,South,Electronics,Smartwatch,565.34,1,565.34,148.79,0.2631867548731736
1188,2023,2023Q2,2023-06,2023-06-17,North,Accessories,Monitor,672.73,1,672.73,198.75,0.29543799146760213
1189,2022,2022Q3,2022-07,2022-07-24,South,Electronics,Camera,434.02500000000003,6,2604.15,566.34,0.2174759518460918
1190,2024,2024Q2,2024-05,2024-05-31,West,Electronics,Tablet,854.1666666666666,6,5125.0,501.5,0.09785365853658537
1191,2022,2022Q3,2022-08,2022-08-14,West,Electronics,Smartwatch,491.058,5,2455.29,714.35,0.29094322870210854
1192,2022,2022Q1,2022-03,2022-03-01,North,Office,Printer,898.44,2,1796.88,225.15,0.12530052090289837
1193,2022,2022Q1,2022-01,2022-01-25,South,Electronics,Laptop,288.69,2,577.38,123.7,0.2142436523606637
1194,2023,2023Q3,2023-07,2023-07-23,North,Electronics,Laptop,432.13599999999997,10,4321.36,1106.82,0.2561277005387193
1195,2022,2022Q1,2022-03,2022-03-10,West,Electronics,Tablet,105.16,1,105.16,27.36,0.2601749714720426
1196,2023,2023Q2,2023-05,2023-05-05,South,Accessories,Monitor,842.06,9,7578.54,1596.64,0.21067910177949845
1197,2023,2023Q1,2023-03,2023-03-10,South,Accessories,Headphones,365.33,1,365.33,50.1,0.13713628773985165
1198,2024,2024Q2,2024-04,2024-04-23,West,Electronics,Camera,469.08375,8,3752.67,537.98,0.1433592615391175
1199,2024,2024Q3,2024-08,2024-08-21,North,Accessories,Keyboard,692.375,2,1384.75,316.21,0.22835168803033037
1200,2023,2023Q1,2023-02,2023-02-21,West,Electronics,Smartphone,95.106,5,475.53,76.22,0.16028431434399512
1201,2023,2023Q3,2023-08,2023-08-24,West,Electronics,Smartphone,137.49,1,137.49,39.35,0.2862026329187577
1202,2023,2023Q4,2023-10,2023-10-09,West,Electronics,Camera,607.0733333333334,3,1821.22,543.01,0.2981572791864794
1203,2022,2022Q2,2022-04,2022-04-22,West,Accessories,Keyboard,609.0649999999999,3,1827.195,335.08,0.1833849151294744
1204,2024,2024Q3,2024-07,2024-07-14,East,Accessories,Keyboard,432.0133333333333,3,1296.04,202.445,0.15620274065615258
1205,2022,2022Q2,2022-04,2022-04-25,East,Electronics,Camera,166.03166666666667,6,996.19,225.75,0.2266133970427328
1206,2024,2024Q3,2024-07,2024-07-10,North,Accessories,Mouse,693.81,1,693.81,62.75,0.09044262838529281
1207,2023,2023Q4,2023-10,2023-10-24,East,Accessories,Keyboard,171.29666666666665,3,513.89,48.23,0.09385277004806476
1208,2024,2024Q2,2024-05,2024-05-17,East,Electronics,Smartwatch,717.0475,8,5736.38,937.62,0.16345151471834152
1209,2023,2023Q2,2023-04,2023-04-06,East,Accessories,Mouse,729.195,2,1458.39,208.93,0.14326071901206125
1210,2022,2022Q4,2022-12,2022-12-03,East,Electronics,Smartphone,687.06375,8,5496.51,1104.93,0.20102392245261083
1211,2022,2022Q1,2022-01,2022-01-07,North,Electronics,Tablet,1061.2866666666666,3,3183.86,358.87,0.11271538321408604
1212,2023,2023Q3,2023-07,2023-07-27,East,Accessories,Headphones,665.1266666666667,6,3990.76,975.5,0.24443965560444625
1213,2024,2024Q1,2024-02,2024-02-05,West,Electronics,Smartphone,291.445,2,582.89,76.45,0.13115682204189472
1214,2023,2023Q3,2023-08,2023-08-30,West,Accessories,Monitor,890.63,1,890.63,59.1,0.06635752220338412
1215,2023,2023Q4,2023-10,2023-10-19,East,Accessories,Keyboard,875.0766666666667,3,2625.23,349.61,0.13317309340514927
1216,2022,2022Q3,2022-09,2022-09-14,North,Electronics,Smartwatch,360.1375,4,1440.55,200.09,0.1388983374405609
1217,2024,2024Q4,2024-12,2024-12-26,North,Accessories,Headphones,101.056,5,505.28,93.85,0.18573860037998732
1218,2022,2022Q1,2022-01,2022-01-28,North,Electronics,Laptop,1024.0375,8,8192.3,1822.87,0.22251016198137277
1219,2023,2023Q3,2023-08,2023-08-09,East,Accessories,Keyboard,960.37,1,960.37,72.15,0.07512729468850547
1220,2022,2022Q4,2022-10,2022-10-18,West,Electronics,Smartwatch,1096.04875,8,8768.39,1065.8,0.1215502503880416
1221,2022,2022Q4,2022-10,2022-10-12,North,Accessories,Mouse,1140.72,1,1140.72,117.05,0.10261063188161862
1222,2023,2023Q1,2023-01,2023-01-23,North,Electronics,Laptop,238.1225,4,952.49,264.61,0.2778086909048914
1223,2024,2024Q2,2024-05,2024-05-02,North,Electronics,Smartphone,225.36,2,450.72,102.14,0.2266151934682286
1224,2023,2023Q2,2023-06,2023-06-25,East,Electronics,Camera,343.1566666666667,3,1029.47,206.83,0.2009092057077914
1225,2024,2024Q1,2024-02,2024-02-29,South,Office,Printer,1134.17,3,3402.51,442.67,0.13010101366344257
1226,2024,2024Q1,2024-03,2024-03-07,North,Accessories,Monitor,105.0,1,105.0,26.86,0.2558095238095238
1227,2023,2023Q3,2023-08,2023-08-12,East,Electronics,Smartwatch,123.05875,8,984.47,183.07,0.18595792660009952
1228,2024,2024Q3,2024-09,2024-09-18,North,Electronics,Smartphone,516.1075,8,4128.86,718.6,0.1740431983646818
1229,2022,2022Q1,2022-03,2022-03-08,North,Electronics,Laptop,297.065,2,594.13,172.47,0.2902900038712066
1230,2024,2024Q3,2024-08,2024-08-22,North,Electronics,Smartphone,358.1175,8,2864.94,195.16,0.06812010024642749
1231,2024,2024Q3,2024-07,2024-07-17,North,Electronics,Tablet,181.2125,4,724.85,186.95,0.2579154307787818
1232,2024,2024Q1,2024-02,2024-02-11,East,Accessories,Mouse,683.1016666666666,3,2049.305,587.23,0.28655080624894785
1233,2023,2023Q2,2023-06,2023-06-12,North,Accessories,Monitor,338.8,1,338.8,32.61,0.09625147579693034
1234,2022,2022Q2,2022-04,2022-04-16,East,Electronics,Smartwatch,890.9,1,890.9,57.04,0.06402514311370525
1235,2023,2023Q2,2023-04,2023-04-26,South,Electronics,Tablet,895.435,2,1790.87,442.75,0.24722620849084526
1236,2024,2024Q1,2024-03,2024-03-20,North,Accessories,Mouse,433.10857142857145,7,3031.76,417.5,0.1377087896139536
1237,2022,2022Q4,2022-10,2022-10-02,South,Electronics,Camera,522.0611111111111,9,4698.55,1262.47,0.268693533111279
1238,2023,2023Q2,2023-06,2023-06-13,West,Accessories,Keyboard,606.43125,4,2425.725,704.205,0.2903070216120954
1239,2023,2023Q1,2023-01,2023-01-22,East,Electronics,Camera,757.14,6,4542.84,1169.16,0.2573632353329635
1240,2022,2022Q1,2022-01,2022-01-04,South,Accessories,Mouse,1172.3575,4,4689.43,870.485,0.1856270378276251
1241,2024,2024Q4,2024-11,2024-11-08,West,Office,Printer,215.09375,8,1720.75,401.26,0.23318901641725992
1242,2022,2022Q3,2022-07,2022-07-11,West,Accessories,Keyboard,594.0975,4,2376.39,562.11,0.23653945690732583
1243,2023,2023Q4,2023-10,2023-10-23,South,Accessories,Keyboard,146.065,2,292.13,63.64,0.21784821825899428
1244,2024,2024Q3,2024-07,2024-07-28,North,Electronics,Camera,506.09888888888895,9,4554.89,1031.09,0.22636990135875945
1245,2022,2022Q3,2022-07,2022-07-23,South,Electronics,Tablet,1196.055,2,2392.11,483.39,0.20207682757063847
1246,2023,2023Q4,2023-11,2023-11-20,South,Electronics,Camera,566.1071428571429,7,3962.75,916.13,0.23118541416945304
1247,2023,2023Q2,2023-05,2023-05-21,North,Electronics,Laptop,436.22,6,2617.32,282.08,0.10777436461724205
1248,2023,2023Q2,2023-05,2023-05-10,South,Electronics,Camera,833.0057142857142,7,5831.04,1416.31,0.24289149105476895
1249,2022,2022Q4,2022-12,2022-12-11,West,Electronics,Camera,796.0828571428572,7,5572.58,690.68,0.12394259032620437
1250,2023,2023Q3,2023-08,2023-08-11,North,Accessories,Monitor,869.09,6,5214.54,1093.04,0.2096138873227552
1251,2024,2024Q4,2024-11,2024-11-06,West,Electronics,Smartphone,1102.145,4,4408.58,1047.64,0.2376366086132043
1252,2022,2022Q3,2022-08,2022-08-25,North,Electronics,Smartphone,884.3233333333333,3,2652.97,161.67,0.06093924921880006
1253,2024,2024Q2,2024-06,2024-06-04,West,Office,Printer,366.01,5,1830.05,437.35,0.23898254146061584
1254,2024,2024Q1,2024-01,2024-01-27,East,Electronics,Laptop,307.0488888888889,18,5526.88,1352.5,0.2447131111947428
1255,2022,2022Q1,2022-03,2022-03-10,North,Electronics,Camera,777.0957142857143,7,5439.67,1416.62,0.2604238860077909
1256,2022,2022Q3,2022-08,2022-08-01,South,Electronics,Camera,138.12166666666667,6,828.73,47.91,0.05781134989683009
1257,2024,2024Q4,2024-10,2024-10-01,East,Electronics,Smartwatch,382.048,5,1910.24,463.07,0.24241456570902084
1258,2023,2023Q1,2023-02,2023-02-19,North,Electronics,Tablet,937.225,2,1874.45,333.86,0.1781109125343434
1259,2023,2023Q2,2023-06,2023-06-26,East,Accessories,Keyboard,1632.23,1,1632.23,278.43,0.17058257721031964
1260,2022,2022Q4,2022-11,2022-11-26,West,Electronics,Smartphone,877.12,1,877.12,110.99,0.1265391280554542
1261,2022,2022Q2,2022-05,2022-05-23,North,Electronics,Camera,308.3066666666667,3,924.92,183.18,0.19804956104311724
1262,2023,2023Q2,2023-04,2023-04-26,West,Electronics,Camera,139.00666666666666,3,417.02,114.42,0.27437532972039713
1263,2024,2024Q1,2024-02,2024-02-21,West,Electronics,Laptop,534.046,5,2670.23,155.89,0.05838073873786153
1264,2024,2024Q2,2024-06,2024-06-18,South,Accessories,Keyboard,452.77833333333336,3,1358.335,256.045,0.18849915521576047
1265,2022,2022Q1,2022-01,2022-01-19,North,Accessories,Monitor,1100.1200000000001,5,5500.6,1230.98,0.22379013198560155
1266,2024,2024Q2,2024-06,2024-06-16,West,Electronics,Laptop,156.10999999999999,7,1092.77,274.77,0.2514435791612141
1267,2023,2023Q2,2023-06,2023-06-24,West,Accessories,Monitor,651.02,5,3255.1,332.54,0.10215968787441247
1268,2022,2022Q2,2022-06,2022-06-28,West,Electronics,Tablet,1129.088,5,5645.44,1320.86,0.23396936288402675
1269,2024,2024Q1,2024-03,2024-03-20,North,Electronics,Smartphone,842.0611111111111,9,7578.55,466.87,0.06160413271668063
1270,2024,2024Q4,2024-12,2024-12-29,South,Electronics,Laptop,394.0083333333334,12,4728.1,1278.58,0.27042152238742834
1271,2022,2022Q4,2022-10,2022-10-30,East,Electronics,Smartphone,548.0116666666667,12,6576.14,498.04,0.07573439738205087
1272,2022,2022Q4,2022-10,2022-10-08,West,Electronics,Smartwatch,759.125,2,1518.25,87.6,0.05769800757451012
1273,2023,2023Q2,2023-06,2023-06-17,North,Electronics,Tablet,351.07142857142856,7,2457.5,690.55,0.2809969481180061
1274,2024,2024Q1,2024-01,2024-01-09,West,Accessories,Headphones,309.89,1,309.89,62.08,0.20032914905288973
1275,2022,2022Q1,2022-01,2022-01-24,North,Accessories,Monitor,1032.0416666666667,6,6192.25,717.46,0.11586418507004724
1276,2022,2022Q2,2022-06,2022-06-04,East,Electronics,Camera,847.174,5,4235.87,747.96,0.1765776570102482
1277,2022,2022Q3,2022-08,2022-08-13,North,Electronics,Smartwatch,792.0777777777778,9,7128.7,457.11,0.06412249077671946
1278,2024,2024Q3,2024-07,2024-07-23,North,Electronics,Tablet,1132.176,5,5660.88,641.69,0.11335516739446871
1279,2024,2024Q2,2024-05,2024-05-23,South,Electronics,Smartphone,787.15,2,1574.3,240.76,0.15293146160198184
1280,2023,2023Q3,2023-08,2023-08-19,South,Electronics,Camera,74.13,4,296.52,44.79,0.1510522055847835
1281,2022,2022Q1,2022-01,2022-01-01,East,Accessories,Keyboard,1062.1000000000001,6,6372.6,570.75,0.08956312964880896
1282,2024,2024Q2,2024-06,2024-06-16,West,Accessories,Mouse,369.055,6,2214.33,322.73,0.14574611733571782
1283,2023,2023Q4,2023-11,2023-11-08,South,Electronics,Camera,320.03428571428566,7,2240.24,580.47,0.25911063100382103
1284,2023,2023Q2,2023-05,2023-05-06,East,Electronics,Smartwatch,894.1157142857144,7,6258.81,1347.74,0.21533486397573978
1285,2024,2024Q1,2024-01,2024-01-02,West,Office,Printer,477.045,8,3816.36,574.57,0.15055445503044787
1286,2022,2022Q2,2022-05,2022-05-15,South,Electronics,Smartwatch,195.225,2,390.45,115.48,0.2957613010628762
1287,2024,2024Q3,2024-07,2024-07-01,South,Electronics,Tablet,90.06428571428572,7,630.45,83.28,0.1320961218177492
1288,2022,2022Q3,2022-09,2022-09-01,South,Electronics,Smartphone,967.0675,4,3868.27,819.26,0.21178976648475933
1289,2023,2023Q2,2023-06,2023-06-27,North,Accessories,Monitor,777.15,1,777.15,211.31,0.27190375088464264
1290,2024,2024Q2,2024-05,2024-05-28,North,Accessories,Monitor,449.2633333333333,3,1347.79,196.59,0.14586100208489453
1291,2023,2023Q2,2023-05,2023-05-17,East,Electronics,Laptop,808.0188888888889,9,7272.17,500.32,0.0687992717441974
1292,2022,2022Q2,2022-05,2022-05-07,West,Accessories,Headphones,104.08999999999999,3,312.27,74.8,0.23953629871585488
1293,2023,2023Q2,2023-05,2023-05-18,East,Electronics,Laptop,649.0533333333334,6,3894.32,479.26,0.12306641467573286
1294,2023,2023Q4,2023-10,2023-10-09,North,Electronics,Tablet,188.11,6,1128.66,207.97,0.18426275406233938
1295,2023,2023Q1,2023-03,2023-03-05,East,Electronics,Laptop,462.08555555555563,18,8317.54,1344.64,0.16166318406644273
1296,2024,2024Q3,2024-07,2024-07-04,East,Accessories,Keyboard,445.1133333333333,3,1335.34,391.14,0.2929141641829047
1297,2024,2024Q2,2024-05,2024-05-31,East,Accessories,Headphones,85.6,1,85.6,17.71,0.206892523364486
1298,2023,2023Q4,2023-12,2023-12-10,East,Accessories,Mouse,517.07125,8,4136.57,1056.54,0.25541451008927685
1299,2022,2022Q2,2022-05,2022-05-07,North,Electronics,Tablet,722.1466666666666,6,4332.88,348.61,0.08045687856575764
1300,2024,2024Q3,2024-07,2024-07-01,North,Accessories,Monitor,200.01625,8,1600.13,305.3,0.1907969977439333
1301,2023,2023Q4,2023-10,2023-10-28,East,Electronics,Tablet,725.0685714285713,7,5075.48,471.21,0.09284048011222584
1302,2022,2022Q3,2022-07,2022-07-27,South,Electronics,Tablet,692.065,6,4152.39,1065.46,0.25658957853188163
1303,2022,2022Q3,2022-09,2022-09-16,East,Electronics,Smartwatch,1036.25,3,3108.75,220.97,0.0710800160836349
1304,2022,2022Q4,2022-10,2022-10-24,South,Electronics,Smartwatch,610.0485714285714,7,4270.34,1197.44,0.2804085857332203
1305,2023,2023Q1,2023-02,2023-02-15,West,Accessories,Monitor,270.196,5,1350.98,321.9,0.2382714770018801
1306,2024,2024Q1,2024-03,2024-03-07,East,Accessories,Keyboard,165.385,1,165.385,40.93,0.24748314538803398
1307,2022,2022Q3,2022-07,2022-07-13,South,Electronics,Camera,710.1416666666668,6,4260.85,504.82,0.11847870730018657
1308,2024,2024Q1,2024-03,2024-03-26,West,Electronics,Smartphone,328.48,1,328.48,46.23,0.1407391622016561
1309,2022,2022Q2,2022-05,2022-05-08,East,Electronics,Laptop,724.2325,4,2896.93,522.82,0.18047381193194179
1310,2023,2023Q2,2023-05,2023-05-07,North,Electronics,Tablet,951.405,2,1902.81,388.83,0.20434515269522444
1311,2022,2022Q1,2022-01,2022-01-29,North,Electronics,Smartwatch,465.0857142857143,7,3255.6,814.85,0.25029180489003566
1312,2022,2022Q1,2022-03,2022-03-02,North,Accessories,Keyboard,211.10666666666668,3,633.32,162.4,0.2564264510831807
1313,2023,2023Q2,2023-04,2023-04-11,East,Electronics,Tablet,887.1271428571429,7,6209.89,402.78,0.06486105228917098
1314,2023,2023Q2,2023-05,2023-05-09,East,Electronics,Smartwatch,522.0522222222222,9,4698.47,1167.9,0.24857027926112119
1315,2024,2024Q3,2024-07,2024-07-11,West,Electronics,Smartphone,928.1075,8,7424.86,1878.07,0.25294348984357956
1316,2022,2022Q1,2022-01,2022-01-26,East,Office,Printer,498.39,1,498.39,58.3,0.11697666486085194
1317,2023,2023Q3,2023-08,2023-08-18,North,Electronics,Laptop,940.05,8,7520.4,1201.4,0.15975214084357217
1318,2023,2023Q2,2023-05,2023-05-31,South,Electronics,Camera,182.01,1,182.01,30.97,0.17015548596230975
1319,2022,2022Q1,2022-02,2022-02-18,West,Accessories,Mouse,1472.6475,2,2945.295,154.5,0.05245654509989661
1320,2024,2024Q3,2024-07,2024-07-17,South,Electronics,Laptop,811.1375,4,3244.55,357.55,0.11020018184339893
1321,2024,2024Q2,2024-04,2024-04-26,South,Electronics,Smartphone,747.1214285714286,7,5229.85,1058.26,0.20234997179651423
1322,2022,2022Q4,2022-10,2022-10-19,North,Electronics,Smartwatch,578.0133333333333,9,5202.12,1271.47,0.24441381590582303
1323,2022,2022Q1,2022-03,2022-03-15,West,Accessories,Keyboard,219.375,1,219.375,33.715,0.15368660968660972
1324,2022,2022Q3,2022-09,2022-09-11,East,Electronics,Tablet,123.18666666666667,3,369.56,36.07,0.09760255438900314
1325,2023,2023Q1,2023-03,2023-03-03,South,Accessories,Mouse,1067.33,2,2134.66,269.53,0.12626366728190905
1326,2022,2022Q2,2022-06,2022-06-16,North,Electronics,Laptop,885.1416666666668,6,5310.85,637.81,0.12009565323818219
1327,2023,2023Q3,2023-08,2023-08-20,East,Accessories,Headphones,458.035,6,2748.21,682.8,0.24845262916589342
1328,2024,2024Q3,2024-09,2024-09-18,South,Office,Printer,373.00333333333333,9,3357.03,405.61,0.1208240617450544
1329,2024,2024Q4,2024-10,2024-10-20,South,Electronics,Smartphone,495.125,6,2970.75,425.9,0.14336447025161994
1330,2022,2022Q2,2022-05,2022-05-18,West,Accessories,Mouse,302.11,2,604.22,175.735,0.2908460494521863
1331,2024,2024Q2,2024-06,2024-06-19,South,Electronics,Smartwatch,315.24666666666667,3,945.74,135.59,0.14336921352591622
1332,2022,2022Q3,2022-07,2022-07-06,East,Accessories,Monitor,880.015,8,7040.12,996.02,0.14147770208462357
1333,2023,2023Q4,2023-11,2023-11-22,West,Electronics,Smartphone,921.055,8,7368.44,2018.2,0.27389786711977027
1334,2024,2024Q1,2024-02,2024-02-23,East,Accessories,Headphones,631.3,2,1262.6,190.02,0.1504989703785839
1335,2022,2022Q2,2022-06,2022-06-24,South,Accessories,Mouse,1752.495,1,1752.495,403.825,0.2304286174853566
1336,2024,2024Q2,2024-04,2024-04-02,East,Electronics,Laptop,331.06,4,1324.24,227.2,0.17157010813749773
1337,2023,2023Q3,2023-07,2023-07-17,East,Electronics,Camera,690.0316666666666,6,4140.19,451.27,0.10899741316219788
1338,2024,2024Q2,2024-04,2024-04-03,West,Accessories,Mouse,298.11,4,1192.44,60.14,0.050434403408137936
1339,2022,2022Q2,2022-05,2022-05-02,West,Electronics,Laptop,578.03625,8,4624.29,1313.36,0.2840133296138434
1340,2023,2023Q4,2023-12,2023-12-13,West,Electronics,Smartwatch,802.1466666666666,6,4812.88,662.54,0.13765977959142967
1341,2022,2022Q1,2022-01,2022-01-18,North,Electronics,Tablet,940.0949999999999,6,5640.57,856.44,0.15183571873055385
1342,2022,2022Q3,2022-09,2022-09-23,West,Electronics,Smartwatch,368.004,5,1840.02,307.09,0.16689492505516243
1343,2024,2024Q4,2024-11,2024-11-01,North,Accessories,Keyboard,1345.2733333333333,3,4035.82,217.755,0.05395557780079389
1344,2022,2022Q4,2022-10,2022-10-25,North,Accessories,Keyboard,1200.435,1,1200.435,148.535,0.12373431297821207
1345,2023,2023Q3,2023-07,2023-07-01,East,Electronics,Smartwatch,595.0866666666667,6,3570.52,265.62,0.07439252545847663
1346,2022,2022Q1,2022-03,2022-03-27,East,Electronics,Laptop,586.29,6,3517.74,491.84,0.13981704162331496
1347,2023,2023Q3,2023-08,2023-08-06,North,Accessories,Monitor,768.1975,4,3072.79,394.2,0.1282873219452029
1348,2023,2023Q3,2023-08,2023-08-16,South,Accessories,Mouse,437.174,5,2185.87,136.1,0.062263538087809434
1349,2023,2023Q1,2023-02,2023-02-03,North,Electronics,Smartphone,958.03,8,7664.24,1251.65,0.1633103869398662
1350,2024,2024Q1,2024-03,2024-03-13,West,Accessories,Headphones,342.114,5,1710.57,338.1,0.19765341377435594
1351,2024,2024Q3,2024-08,2024-08-17,South,Office,Printer,939.1,2,1878.2,386.28,0.205664998402726
1352,2023,2023Q3,2023-07,2023-07-22,South,Electronics,Tablet,569.45,1,569.45,141.33,0.24818684695759066
1353,2023,2023Q2,2023-04,2023-04-05,West,Electronics,Smartwatch,496.0566666666667,3,1488.17,296.36,0.1991439150097099
1354,2022,2022Q4,2022-12,2022-12-19,South,Electronics,Smartwatch,144.13,3,432.39,36.84,0.08520086033442033
1355,2022,2022Q2,2022-05,2022-05-17,South,Electronics,Smartwatch,729.1366666666667,3,2187.41,491.13,0.22452580906185857
1356,2023,2023Q4,2023-10,2023-10-24,South,Accessories,Monitor,1021.074,5,5105.37,1003.4,0.19653815492314955
1357,2022,2022Q4,2022-12,2022-12-09,South,Accessories,Headphones,464.03,3,1392.09,345.78,0.24838911277288106
1358,2022,2022Q4,2022-11,2022-11-07,North,Electronics,Smartphone,372.055,2,744.11,110.81,0.14891615486957574
1359,2023,2023Q2,2023-06,2023-06-05,South,Electronics,Smartwatch,431.2025,4,1724.81,233.21,0.13520909549457621
1360,2023,2023Q4,2023-10,2023-10-26,West,Accessories,Mouse,388.12800000000004,5,1940.64,423.17,0.2180569296726853
1361,2023,2023Q3,2023-07,2023-07-28,South,Accessories,Mouse,89.225,2,178.45,29.575,0.16573269823479966
1362,2023,2023Q2,2023-05,2023-05-26,West,Accessories,Monitor,219.17199999999997,5,1095.86,269.87,0.24626320880404434
1363,2022,2022Q4,2022-12,2022-12-07,North,Electronics,Tablet,508.04625,8,4064.37,543.9,0.13382147786741858
1364,2024,2024Q1,2024-03,2024-03-31,South,Accessories,Monitor,888.0525,8,7104.42,529.35,0.07450995295886223
1365,2024,2024Q2,2024-04,2024-04-17,East,Accessories,Keyboard,305.0188888888889,9,2745.17,660.56,0.24062626358294747
1366,2024,2024Q2,2024-05,2024-05-06,North,Electronics,Camera,206.06799999999998,5,1030.34,64.81,0.06290156647320302
1367,2022,2022Q4,2022-12,2022-12-14,North,Accessories,Keyboard,397.485,2,794.97,128.5,0.16164131979823138
1368,2023,2023Q4,2023-10,2023-10-13,East,Accessories,Headphones,207.315,2,414.63,51.1,0.12324240889467719
1369,2023,2023Q2,2023-06,2023-06-14,North,Electronics,Tablet,472.1366666666667,3,1416.41,220.7,0.15581646557140938
1370,2022,2022Q2,2022-04,2022-04-02,South,Electronics,Tablet,701.2666666666668,3,2103.8,541.35,0.2573200874607852
1371,2024,2024Q2,2024-06,2024-06-20,West,Electronics,Camera,287.23,3,861.69,173.49,0.20133690770462695
1372,2024,2024Q2,2024-05,2024-05-19,West,Accessories,Headphones,789.2166666666667,3,2367.65,222.26,0.09387367220661837
1373,2023,2023Q1,2023-01,2023-01-16,South,Electronics,Tablet,487.166,5,2435.83,688.82,0.2827865655649204
1374,2023,2023Q3,2023-07,2023-07-01,East,Electronics,Laptop,804.04,8,6432.32,1924.98,0.29926682752101885
1375,2024,2024Q3,2024-07,2024-07-25,East,Electronics,Smartwatch,1081.105,4,4324.42,833.11,0.19265242506509545
1376,2023,2023Q3,2023-09,2023-09-27,South,Accessories,Mouse,657.1025,4,2628.41,727.87,0.2769240719674632
1377,2024,2024Q3,2024-07,2024-07-24,West,Electronics,Laptop,60.166666666666664,12,722.0,44.32,0.061385041551246536
1378,2022,2022Q3,2022-07,2022-07-26,South,Electronics,Tablet,689.2266666666666,3,2067.68,479.39,0.23184922231679952
1379,2024,2024Q4,2024-12,2024-12-03,South,Accessories,Mouse,397.0055555555556,9,3573.05,550.44,0.1540532598200417
1380,2022,2022Q3,2022-08,2022-08-03,North,Accessories,Headphones,705.04375,8,5640.35,747.26,0.1324846862340103
1381,2022,2022Q3,2022-09,2022-09-02,South,Electronics,Tablet,552.65,1,552.65,115.74,0.20942730480412558
1382,2022,2022Q2,2022-04,2022-04-25,South,Accessories,Mouse,204.04999999999998,7,1428.35,289.65,0.20278643189694404
1383,2023,2023Q2,2023-06,2023-06-09,East,Accessories,Monitor,73.04444444444444,9,657.4,185.95,0.2828567082445999
1384,2023,2023Q1,2023-01,2023-01-13,West,Accessories,Mouse,761.0142857142857,7,5327.1,950.7,0.17846483077096356
1385,2023,2023Q4,2023-11,2023-11-04,East,Electronics,Laptop,723.225,4,2892.9,863.47,0.29847903487849564
1386,2024,2024Q3,2024-08,2024-08-07,West,Electronics,Laptop,308.05111111111114,9,2772.46,432.77,0.156096030240292
1387,2024,2024Q3,2024-07,2024-07-13,North,Electronics,Smartwatch,782.16,6,4692.96,1044.97,0.2226675701476254
1388,2022,2022Q4,2022-12,2022-12-07,East,Accessories,Mouse,457.0116666666667,6,2742.07,334.48,0.12198083929294293
1389,2022,2022Q4,2022-11,2022-11-21,North,Accessories,Mouse,1172.415,1,1172.415,192.595,0.16427203677878568
1390,2022,2022Q1,2022-01,2022-01-26,South,Accessories,Headphones,598.0828571428572,7,4186.58,655.53,0.15657887822518618
1391,2024,2024Q4,2024-11,2024-11-14,East,Electronics,Tablet,582.0822222222222,9,5238.74,1152.42,0.2199803769608723
1392,2022,2022Q4,2022-10,2022-10-20,North,Accessories,Mouse,1491.1,1,1491.1,226.11,0.1516397290590839
1393,2024,2024Q2,2024-05,2024-05-14,West,Electronics,Smartwatch,645.0275,4,2580.11,602.5,0.23351717562429508
1394,2024,2024Q1,2024-01,2024-01-17,West,Accessories,Keyboard,668.84,2,1337.68,335.8,0.2510316368638239
1395,2024,2024Q3,2024-09,2024-09-30,West,Electronics,Laptop,320.094,5,1600.47,242.25,0.15136178747492923
1396,2023,2023Q3,2023-09,2023-09-09,North,Electronics,Smartwatch,76.06,4,304.24,34.73,0.11415330002629502
1397,2024,2024Q2,2024-05,2024-05-24,East,Accessories,Keyboard,230.06666666666666,9,2070.6,457.39,0.22089732444702018
1398,2023,2023Q2,2023-05,2023-05-29,South,Electronics,Camera,1039.0933333333335,6,6234.56,758.78,0.12170546117127751
1399,2024,2024Q1,2024-01,2024-01-27,South,Accessories,Headphones,198.425,2,396.85,46.33,0.11674436184956531
1400,2023,2023Q3,2023-08,2023-08-17,East,Accessories,Mouse,293.655,4,1174.62,122.09,0.10393999761625038
1401,2024,2024Q4,2024-12,2024-12-04,East,Accessories,Headphones,663.2366666666667,3,1989.71,299.79,0.15067019816958252
1402,2024,2024Q4,2024-11,2024-11-19,South,Accessories,Mouse,1138.81,1,1138.81,243.36,0.21369675362878796
1403,2022,2022Q2,2022-04,2022-04-15,West,Electronics,Tablet,369.10777777777776,9,3321.97,689.64,0.20759970740253525
1404,2023,2023Q4,2023-10,2023-10-03,South,Electronics,Camera,1120.0775,4,4480.31,592.82,0.13231673701150143
1405,2023,2023Q1,2023-02,2023-02-14,East,Electronics,Smartwatch,511.32,3,1533.96,440.88,0.28741297035124774
1406,2024,2024Q1,2024-02,2024-02-10,East,Accessories,Mouse,109.48,1,109.48,10.35,0.09453781512605042
1407,2024,2024Q2,2024-04,2024-04-07,South,Electronics,Smartphone,595.0475,8,4760.38,1189.72,0.24992122477617332
1408,2023,2023Q4,2023-12,2023-12-08,East,Electronics,Laptop,852.0033333333334,6,5112.02,1289.47,0.2522427533538601
1409,2024,2024Q4,2024-10,2024-10-21,West,Electronics,Laptop,1193.43,2,2386.86,381.83,0.1599716782718718
1410,2024,2024Q4,2024-12,2024-12-03,South,Electronics,Smartwatch,93.144,5,465.72,71.23,0.15294597612299235
1411,2023,2023Q2,2023-04,2023-04-19,West,Electronics,Smartphone,302.2,2,604.4,102.52,0.16962276637988088
1412,2022,2022Q4,2022-10,2022-10-02,East,Electronics,Smartwatch,1108.315,2,2216.63,650.27,0.2933597397851694
1413,2023,2023Q2,2023-06,2023-06-06,East,Accessories,Mouse,292.13,4,1168.52,220.22,0.18846061684866328
1414,2022,2022Q1,2022-01,2022-01-26,South,Accessories,Monitor,584.0285714285714,7,4088.2,230.43,0.056364659263245444
1415,2022,2022Q1,2022-02,2022-02-24,West,Accessories,Keyboard,432.925,3,1298.775,76.045,0.058551327212180704
1416,2023,2023Q3,2023-08,2023-08-22,West,Electronics,Smartwatch,717.1466666666666,3,2151.44,322.03,0.14968114379206485
1417,2024,2024Q3,2024-09,2024-09-08,East,Electronics,Laptop,77.02166666666666,6,462.13,71.22,0.1541124791725272
1418,2022,2022Q4,2022-10,2022-10-23,North,Accessories,Mouse,992.8883333333333,3,2978.665,538.93,0.18093004752128888
1419,2023,2023Q4,2023-12,2023-12-13,West,Electronics,Smartphone,1163.0516666666667,6,6978.31,2028.63,0.29070505609524366
1420,2024,2024Q4,2024-10,2024-10-20,South,Accessories,Headphones,282.77,1,282.77,72.5,0.25639212080489443
1421,2023,2023Q4,2023-12,2023-12-05,East,Electronics,Camera,157.82,1,157.82,27.65,0.17519959447471803
1422,2023,2023Q3,2023-07,2023-07-14,North,Accessories,Monitor,413.02375,8,3304.19,404.33,0.12236887103949833
1423,2022,2022Q1,2022-02,2022-02-13,North,Accessories,Headphones,1017.1033333333334,3,3051.31,201.26,0.06595855550566805
1424,2024,2024Q2,2024-06,2024-06-16,East,Accessories,Mouse,1010.36375,4,4041.455,891.775,0.22065691687770864
1425,2024,2024Q4,2024-10,2024-10-14,West,Electronics,Laptop,170.16666666666666,3,510.5,110.38,0.21621939275220373
1426,2024,2024Q2,2024-04,2024-04-20,East,Electronics,Tablet,497.03375,8,3976.27,1170.36,0.2943361492051596
1427,2023,2023Q4,2023-12,2023-12-26,East,Electronics,Smartphone,92.05444444444444,9,828.49,59.99,0.07240884017912105
1428,2023,2023Q3,2023-08,2023-08-02,North,Electronics,Camera,981.245,4,3924.98,298.07,0.0759417882384114
1429,2022,2022Q4,2022-11,2022-11-30,West,Accessories,Headphones,1009.43,2,2018.86,227.75,0.11281119047383177
1430,2024,2024Q3,2024-09,2024-09-08,West,Accessories,Monitor,681.3033333333334,3,2043.91,479.9,0.23479507414710038
1431,2024,2024Q2,2024-06,2024-06-07,West,Office,Printer,207.15,5,1035.75,187.12,0.1806613565049481
1432,2023,2023Q3,2023-08,2023-08-12,North,Electronics,Smartwatch,454.00500000000005,6,2724.03,675.53,0.2479891924831958
1433,2023,2023Q2,2023-05,2023-05-02,East,Electronics,Camera,1120.38,1,1120.38,127.32,0.11364001499491243
1434,2024,2024Q4,2024-10,2024-10-26,North,Accessories,Monitor,573.1616666666666,6,3438.97,631.95,0.1837614169358849
1435,2022,2022Q3,2022-09,2022-09-27,West,Electronics,Smartwatch,634.086,5,3170.43,379.27,0.11962730607520115
1436,2023,2023Q2,2023-06,2023-06-25,East,Electronics,Smartwatch,165.005,4,660.02,83.96,0.1272082664161692
1437,2022,2022Q4,2022-11,2022-11-05,East,Electronics,Tablet,667.0699999999999,7,4669.49,1088.15,0.23303401442127517
1438,2022,2022Q3,2022-08,2022-08-12,West,Electronics,Smartwatch,209.15,5,1045.75,89.0,0.0851063829787234
1439,2022,2022Q1,2022-02,2022-02-27,North,Accessories,Keyboard,681.1275,4,2724.51,229.47,0.08422431923538544
1440,2024,2024Q4,2024-11,2024-11-23,West,Electronics,Tablet,1063.0175,4,4252.07,445.18,0.10469724157880751
1441,2023,2023Q2,2023-06,2023-06-20,South,Accessories,Keyboard,337.21166666666664,3,1011.635,137.125,0.13554790018138954
1442,2023,2023Q4,2023-11,2023-11-27,East,Accessories,Monitor,945.0375,8,7560.3,494.34,0.06538629419467482
1443,2023,2023Q1,2023-01,2023-01-08,West,Accessories,Monitor,414.305,2,828.61,50.07,0.060426497387190595
1444,2023,2023Q4,2023-12,2023-12-07,West,Accessories,Mouse,527.7,1,527.7,27.45,0.05201819215463331
1445,2022,2022Q3,2022-09,2022-09-11,North,Accessories,Keyboard,580.255,1,580.255,103.245,0.17793039267218724
1446,2022,2022Q1,2022-03,2022-03-29,West,Accessories,Mouse,1357.5575,2,2715.115,155.43,0.057246193991783045
1447,2024,2024Q1,2024-01,2024-01-15,South,Electronics,Tablet,982.0885714285714,7,6874.62,454.53,0.06611710901838938
1448,2022,2022Q2,2022-06,2022-06-06,East,Accessories,Mouse,52.03625,8,416.29,67.81,0.1628912536933388
1449,2023,2023Q4,2023-11,2023-11-18,South,Electronics,Smartphone,560.18,6,3361.08,280.54,0.08346721887012509
1450,2022,2022Q3,2022-08,2022-08-27,South,Accessories,Mouse,620.1371428571429,7,4340.96,383.9,0.08843665917216467
1451,2024,2024Q2,2024-04,2024-04-03,West,Electronics,Smartwatch,791.02625,8,6328.21,412.76,0.06522539549098402
1452,2022,2022Q3,2022-08,2022-08-19,West,Accessories,Keyboard,656.205,2,1312.41,344.0,0.26211321157260303
1453,2022,2022Q1,2022-03,2022-03-19,South,Electronics,Camera,420.025,2,840.05,153.61,0.18285816320457118
1454,2023,2023Q4,2023-12,2023-12-30,North,Accessories,Monitor,815.005,8,6520.04,1113.12,0.17072287900074232
1455,2022,2022Q4,2022-10,2022-10-20,North,Electronics,Laptop,650.24,3,1950.72,116.12,0.05952673884514436
1456,2023,2023Q4,2023-10,2023-10-16,South,Electronics,Camera,988.09,6,5928.54,1177.2,0.19856490805493426
1457,2023,2023Q3,2023-07,2023-07-29,South,Electronics,Camera,687.0957142857143,7,4809.67,1418.72,0.29497242014524905
1458,2023,2023Q2,2023-06,2023-06-04,West,Electronics,Smartphone,89.25,4,357.0,23.4,0.06554621848739495
1459,2023,2023Q2,2023-04,2023-04-28,South,Electronics,Laptop,285.225,4,1140.9,188.78,0.1654658602857393
1460,2022,2022Q2,2022-05,2022-05-13,East,Accessories,Monitor,1113.06,7,7791.42,907.96,0.11653331485146481
1461,2024,2024Q2,2024-05,2024-05-10,East,Electronics,Smartwatch,1042.165,4,4168.66,494.48,0.11861845293211729
1462,2024,2024Q1,2024-01,2024-01-05,East,Electronics,Smartphone,551.0028571428571,14,7714.04,895.98,0.11614925512442248
1463,2024,2024Q3,2024-09,2024-09-07,North,Electronics,Camera,650.042,5,3250.21,699.99,0.2153676223997834
1464,2023,2023Q2,2023-05,2023-05-07,West,Electronics,Laptop,581.0183333333333,12,6972.22,641.82,0.09205389388171917
1465,2022,2022Q3,2022-08,2022-08-05,West,Accessories,Monitor,222.04857142857142,7,1554.34,370.97,0.2386672156670999
1466,2024,2024Q3,2024-07,2024-07-19,North,Electronics,Smartwatch,867.15,3,2601.45,463.36,0.17811605066405276
1467,2023,2023Q1,2023-02,2023-02-01,West,Accessories,Mouse,670.198,5,3350.99,986.33,0.2943398816469163
1468,2023,2023Q4,2023-12,2023-12-20,South,Electronics,Smartwatch,509.11,5,2545.55,588.47,0.23117597375812693
1469,2024,2024Q3,2024-08,2024-08-26,East,Accessories,Monitor,545.21,1,545.21,68.28,0.1252361475394802
1470,2023,2023Q4,2023-12,2023-12-19,North,Accessories,Mouse,245.05499999999998,3,735.165,89.425,0.12163935987159345
1471,2023,2023Q4,2023-11,2023-11-30,South,Electronics,Camera,1042.26,3,3126.78,870.95,0.27854534057400904
1472,2024,2024Q4,2024-12,2024-12-27,West,Electronics,Laptop,456.1766666666667,6,2737.06,604.58,0.2208866447940491
1473,2024,2024Q4,2024-12,2024-12-21,East,Accessories,Headphones,787.0722222222222,9,7083.65,1353.39,0.19105828210032966
1474,2022,2022Q3,2022-09,2022-09-03,North,Electronics,Camera,1179.0075,4,4716.03,1084.16,0.22988827467170483
1475,2024,2024Q1,2024-02,2024-02-29,South,Accessories,Monitor,975.6,1,975.6,125.85,0.12899753997539976
1476,2024,2024Q2,2024-05,2024-05-24,South,Electronics,Smartwatch,313.385,2,626.77,159.49,0.2544633597651451
1477,2023,2023Q3,2023-09,2023-09-12,East,Electronics,Tablet,755.1,7,5285.7,629.07,0.11901356490152677
1478,2023,2023Q4,2023-11,2023-11-08,East,Electronics,Camera,258.165,2,516.33,122.77,0.2377742916351945
1479,2022,2022Q2,2022-05,2022-05-31,East,Accessories,Monitor,713.3000000000001,3,2139.9,503.08,0.2350950979017711
1480,2023,2023Q1,2023-01,2023-01-05,East,Electronics,Laptop,904.0166666666667,9,8136.15,1923.89,0.23646196296774274
1481,2024,2024Q4,2024-10,2024-10-25,West,Electronics,Laptop,426.072,10,4260.72,637.98,0.1497352560130682
1482,2024,2024Q4,2024-12,2024-12-16,East,Electronics,Tablet,672.035,8,5376.28,429.84,0.07995119301822078
1483,2023,2023Q3,2023-08,2023-08-05,West,Office,Printer,501.05333333333334,6,3006.32,730.14,0.2428683573272306
1484,2023,2023Q1,2023-03,2023-03-10,North,Accessories,Monitor,670.0640000000001,5,3350.32,389.95,0.11639186704553595
1485,2022,2022Q2,2022-06,2022-06-09,North,Accessories,Headphones,302.10125,8,2416.81,403.38,0.16690596281875697
1486,2022,2022Q2,2022-05,2022-05-13,West,Accessories,Monitor,770.07,8,6160.56,684.71,0.11114411676860544
1487,2022,2022Q2,2022-04,2022-04-07,East,Office,Printer,699.1675,4,2796.67,682.65,0.2440938687796558
1488,2024,2024Q2,2024-06,2024-06-17,West,Electronics,Smartwatch,419.01800000000003,5,2095.09,193.93,0.09256404259482885
1489,2024,2024Q3,2024-09,2024-09-25,North,Electronics,Camera,1198.118,5,5990.59,1548.62,0.25850876124054556
1490,2024,2024Q4,2024-12,2024-12-27,North,Electronics,Smartwatch,603.205,2,1206.41,307.02,0.254490596066014
1491,2024,2024Q1,2024-03,2024-03-15,South,Electronics,Smartwatch,266.168,5,1330.84,285.78,0.21473655736226743
1492,2022,2022Q3,2022-07,2022-07-25,West,Electronics,Camera,451.0516666666667,6,2706.31,766.68,0.2832934881813244
1493,2023,2023Q1,2023-01,2023-01-14,East,Electronics,Laptop,142.04666666666665,3,426.14,50.8,0.11920964941099169
1494,2024,2024Q4,2024-11,2024-11-13,West,Electronics,Tablet,414.95,1,414.95,50.26,0.1211230268707073
1495,2024,2024Q2,2024-06,2024-06-29,East,Electronics,Laptop,1093.124,10,10931.24,1092.66,0.09995755284853321
1496,2024,2024Q2,2024-05,2024-05-22,South,Electronics,Tablet,242.19333333333336,3,726.58,71.06,0.09780065512400561
1497,2022,2022Q2,2022-04,2022-04-30,East,Electronics,Smartwatch,1001.94,1,1001.94,225.75,0.22531289298760404
1498,2022,2022Q1,2022-02,2022-02-16,West,Accessories,Mouse,920.30375,4,3681.215,933.325,0.25353721529440687
1499,2022,2022Q2,2022-05,2022-05-14,East,Accessories,Keyboard,571.0025,4,2284.01,576.59,0.25244635531368076
1500,2022,2022Q4,2022-12,2022-12-17,East,Electronics,Tablet,735.0625,4,2940.25,566.36,0.19262307626902475
1501,2024,2024Q3,2024-08,2024-08-07,North,Electronics,Smartphone,1159.1333333333334,3,3477.4,862.21,0.2479467418186001
1502,2024,2024Q3,2024-08,2024-08-04,West,Electronics,Smartwatch,446.10555555555555,9,4014.95,204.48,0.05092965043151222
1503,2024,2024Q3,2024-08,2024-08-07,North,Accessories,Monitor,900.07125,8,7200.57,804.53,0.11173143237271493
1504,2024,2024Q2,2024-04,2024-04-03,West,Electronics,Smartwatch,245.24666666666667,3,735.74,134.53,0.18284991980862805
1505,2023,2023Q1,2023-01,2023-01-31,East,Accessories,Monitor,988.12,3,2964.36,446.54,0.15063622501990312
1506,2022,2022Q1,2022-03,2022-03-25,West,Electronics,Camera,411.0233333333333,9,3699.21,276.07,0.07462944790914816
1507,2022,2022Q2,2022-05,2022-05-14,West,Office,Printer,521.11,3,1563.33,221.62,0.1417614962931691
1508,2023,2023Q3,2023-07,2023-07-13,South,Accessories,Mouse,62.22,2,124.44,32.27,0.2593217614914819
1509,2023,2023Q3,2023-07,2023-07-03,North,Accessories,Mouse,208.13,2,416.26,71.68,0.1722000672656513
1510,2023,2023Q1,2023-03,2023-03-07,South,Electronics,Camera,328.10125,8,2624.81,294.24,0.11209954244307208
1511,2022,2022Q1,2022-03,2022-03-10,East,Accessories,Mouse,1403.7525,2,2807.505,357.79,0.12744055665083412
1512,2022,2022Q3,2022-09,2022-09-30,East,Office,Printer,617.114,5,3085.57,413.52,0.13401737766441854
1513,2024,2024Q4,2024-12,2024-12-07,South,Accessories,Keyboard,533.1583333333333,6,3198.95,913.76,0.285643726847872
1514,2022,2022Q1,2022-02,2022-02-13,West,Electronics,Camera,462.1775,4,1848.71,374.66,0.20266023335190486
1515,2023,2023Q2,2023-04,2023-04-11,North,Electronics,Smartwatch,163.015,4,652.06,116.06,0.17798975554396837
1516,2022,2022Q4,2022-11,2022-11-22,South,Accessories,Mouse,490.05,6,2940.3,609.99,0.20745842260993774
1517,2022,2022Q2,2022-05,2022-05-29,East,Accessories,Headphones,978.0525,4,3912.21,454.89,0.11627443312092142
1518,2022,2022Q4,2022-10,2022-10-21,West,Accessories,Monitor,312.94,1,312.94,43.01,0.13743848661085192
1519,2023,2023Q4,2023-11,2023-11-24,East,Electronics,Laptop,859.0033333333333,9,7731.03,1459.74,0.1888157205443518
1520,2023,2023Q2,2023-06,2023-06-23,West,Electronics,Tablet,1081.2,1,1081.2,229.32,0.2120976692563818
1521,2023,2023Q3,2023-08,2023-08-16,West,Electronics,Smartphone,321.01,6,1926.06,393.01,0.20404867968806786
1522,2022,2022Q3,2022-07,2022-07-26,East,Accessories,Monitor,312.1933333333333,3,936.58,88.51,0.09450340600909693
1523,2024,2024Q4,2024-12,2024-12-29,South,Electronics,Laptop,950.0288888888889,9,8550.26,1970.98,0.23051696673551447
1524,2023,2023Q3,2023-08,2023-08-24,North,Accessories,Monitor,617.02,4,2468.08,457.51,0.185370814560306
1525,2023,2023Q3,2023-09,2023-09-04,West,Electronics,Tablet,267.12666666666667,3,801.38,90.34,0.11273053981881255
1526,2023,2023Q1,2023-01,2023-01-03,East,Electronics,Laptop,295.0222222222222,18,5310.4,1402.22,0.2640516721904188
1527,2023,2023Q4,2023-11,2023-11-30,West,Electronics,Smartwatch,491.0425,8,3928.34,700.38,0.17828904830029987
1528,2024,2024Q3,2024-07,2024-07-11,East,Accessories,Monitor,811.03625,8,6488.29,1438.34,0.22168244637647205
1529,2022,2022Q2,2022-04,2022-04-14,North,Electronics,Smartwatch,217.00285714285715,7,1519.02,403.63,0.26571737040986954
1530,2024,2024Q1,2024-01,2024-01-19,West,Electronics,Tablet,1183.27,3,3549.81,996.05,0.28059248241455176
1531,2024,2024Q3,2024-09,2024-09-12,East,Electronics,Laptop,552.3000000000001,6,3313.8,757.68,0.22864385297845372
1532,2024,2024Q3,2024-08,2024-08-24,North,Accessories,Keyboard,135.35666666666665,3,406.07,87.775,0.216157312778585
1533,2022,2022Q4,2022-12,2022-12-25,North,Accessories,Mouse,932.5475,2,1865.095,432.205,0.23173350419147548
1534,2023,2023Q4,2023-12,2023-12-24,South,Accessories,Monitor,1162.0,1,1162.0,210.87,0.18147160068846815
1535,2022,2022Q2,2022-05,2022-05-18,North,Accessories,Headphones,752.0300000000001,3,2256.09,282.52,0.12522550075573224
1536,2024,2024Q3,2024-09,2024-09-28,East,Accessories,Monitor,359.8,1,359.8,78.17,0.21725958866036688
1537,2022,2022Q3,2022-09,2022-09-26,South,Accessories,Mouse,531.105,8,4248.84,831.54,0.19570988787527888
1538,2024,2024Q4,2024-10,2024-10-04,South,Electronics,Camera,365.116,5,1825.58,221.47,0.12131486979480495
1539,2024,2024Q3,2024-09,2024-09-25,East,Accessories,Keyboard,438.08,1,438.08,112.005,0.25567247991234476
1540,2024,2024Q1,2024-03,2024-03-26,West,Accessories,Monitor,353.182,5,1765.91,160.89,0.09110883340600595
1541,2022,2022Q4,2022-10,2022-10-06,South,Accessories,Monitor,752.305,2,1504.61,164.51,0.10933730335435761
1542,2022,2022Q2,2022-06,2022-06-30,South,Accessories,Keyboard,209.05777777777777,9,1881.52,430.78,0.22895318678515242
1543,2022,2022Q1,2022-01,2022-01-16,East,Accessories,Keyboard,928.12625,4,3712.505,766.86,0.206561337964528
1544,2022,2022Q4,2022-10,2022-10-16,East,Electronics,Tablet,80.01666666666667,9,720.15,192.83,0.26776366034853855
1545,2024,2024Q2,2024-05,2024-05-07,West,Electronics,Smartphone,597.1659999999999,5,2985.83,698.22,0.2338445256427861
1546,2022,2022Q1,2022-01,2022-01-04,North,Electronics,Laptop,79.06222222222222,9,711.56,200.11,0.2812271628534488
1547,2024,2024Q2,2024-05,2024-05-17,East,Electronics,Laptop,65.02285714285715,14,910.32,160.0,0.17576236927673783
1548,2024,2024Q4,2024-10,2024-10-15,South,Accessories,Keyboard,630.04875,4,2520.195,232.68,0.09232618904489533
1549,2023,2023Q3,2023-09,2023-09-11,East,Accessories,Mouse,856.74,1,856.74,87.69,0.1023531059598011
1550,2023,2023Q3,2023-07,2023-07-20,West,Accessories,Monitor,1046.1,5,5230.5,385.77,0.07375394321766561
1551,2022,2022Q1,2022-03,2022-03-19,South,Electronics,Laptop,927.14,5,4635.7,769.03,0.165892961149341
1552,2024,2024Q4,2024-12,2024-12-07,East,Electronics,Laptop,918.0566666666667,12,11016.68,720.56,0.06540627484868398
1553,2023,2023Q2,2023-06,2023-06-06,North,Electronics,Smartphone,258.15,2,516.3,54.02,0.10462909161340307
1554,2023,2023Q3,2023-07,2023-07-13,East,Electronics,Smartphone,677.27,1,677.27,88.41,0.13053878069307662
1555,2023,2023Q3,2023-07,2023-07-10,West,Accessories,Monitor,909.0440000000001,5,4545.22,755.05,0.1661195717699033
1556,2024,2024Q3,2024-09,2024-09-09,South,Electronics,Smartphone,874.142,10,8741.42,2510.72,0.2872210693457127
1557,2023,2023Q1,2023-01,2023-01-06,East,Accessories,Keyboard,186.495,1,186.495,28.755,0.15418643931472692
1558,2024,2024Q3,2024-09,2024-09-05,West,Electronics,Camera,353.0622222222222,9,3177.56,629.96,0.19825274739107995
1559,2023,2023Q2,2023-04,2023-04-20,South,Electronics,Tablet,1120.1766666666667,3,3360.53,759.31,0.22594947820730654
1560,2023,2023Q1,2023-03,2023-03-02,West,Electronics,Smartphone,566.43,2,1132.86,290.56,0.2564835902053211
1561,2024,2024Q4,2024-10,2024-10-05,East,Electronics,Smartwatch,363.158,5,1815.79,468.62,0.2580805049042015
1562,2023,2023Q4,2023-11,2023-11-15,West,Electronics,Smartphone,1128.23,2,2256.46,147.48,0.06535901367628941
1563,2024,2024Q4,2024-10,2024-10-30,East,Accessories,Monitor,195.15,6,1170.9,104.63,0.08935861303270987
1564,2022,2022Q3,2022-08,2022-08-01,North,Electronics,Smartwatch,884.0200000000001,5,4420.1,380.69,0.08612701070111535
1565,2024,2024Q1,2024-02,2024-02-29,West,Electronics,Smartphone,76.02833333333334,12,912.34,138.3,0.15158822368853717
1566,2024,2024Q1,2024-02,2024-02-25,North,Electronics,Tablet,729.045,2,1458.09,154.79,0.10615942774451509
1567,2024,2024Q2,2024-06,2024-06-24,West,Accessories,Monitor,427.0157142857143,7,2989.11,197.58,0.06609994279233618
1568,2024,2024Q4,2024-12,2024-12-20,North,Electronics,Camera,856.05,4,3424.2,845.68,0.24697155539980142
1569,2024,2024Q4,2024-10,2024-10-14,West,Accessories,Mouse,613.38,2,1226.76,124.25,0.10128305455019727
1570,2024,2024Q4,2024-11,2024-11-16,North,Electronics,Laptop,845.05125,16,13520.82,2195.26,0.16236145440883026
1571,2023,2023Q3,2023-09,2023-09-25,West,Electronics,Smartphone,111.98,2,223.96,27.22,0.12153956063582781
1572,2023,2023Q2,2023-06,2023-06-09,North,Office,Printer,655.12,5,3275.6,222.29,0.06786237635852974
1573,2024,2024Q3,2024-09,2024-09-08,North,Accessories,Headphones,836.2833333333333,3,2508.85,498.69,0.19877234589552983
1574,2024,2024Q3,2024-09,2024-09-01,South,Accessories,Keyboard,113.0575,8,904.46,202.35,0.2237246533843398
1575,2022,2022Q1,2022-01,2022-01-29,East,Electronics,Smartphone,424.0785714285715,7,2968.55,728.94,0.2455542268110694
1576,2022,2022Q1,2022-03,2022-03-17,South,Accessories,Mouse,840.11,5,4200.55,746.86,0.17780052612157932
1577,2024,2024Q1,2024-01,2024-01-16,North,Electronics,Smartwatch,329.174,5,1645.87,313.66,0.19057398214925847
1578,2023,2023Q1,2023-03,2023-03-30,North,Electronics,Laptop,654.0066666666667,6,3924.04,762.96,0.19443226878421221
1579,2023,2023Q3,2023-09,2023-09-12,South,Accessories,Headphones,70.09833333333333,6,420.59,65.62,0.15601892579471696
1580,2023,2023Q4,2023-11,2023-11-22,West,Accessories,Headphones,774.195,2,1548.39,157.48,0.10170564263525338
1581,2023,2023Q2,2023-05,2023-05-10,North,Accessories,Keyboard,796.1225,2,1592.245,239.135,0.15018731413821365
1582,2023,2023Q4,2023-10,2023-10-11,North,Accessories,Monitor,59.81,1,59.81,10.32,0.17254639692359136
1583,2024,2024Q2,2024-05,2024-05-18,South,Accessories,Monitor,747.11625,8,5976.93,1016.99,0.17015256996484818
1584,2023,2023Q1,2023-01,2023-01-30,West,Accessories,Mouse,597.1366666666667,3,1791.41,122.5,0.0683818891264423
1585,2023,2023Q1,2023-01,2023-01-13,West,Electronics,Smartwatch,822.07,2,1644.14,189.32,0.115148345031445
1586,2024,2024Q2,2024-05,2024-05-17,West,Electronics,Tablet,823.1175,8,6584.94,544.62,0.08270690393534338
1587,2022,2022Q3,2022-08,2022-08-03,East,Accessories,Headphones,324.15999999999997,5,1620.8,325.87,0.2010550345508391
1588,2024,2024Q1,2024-02,2024-02-06,West,Accessories,Mouse,342.09625,4,1368.385,203.61,0.14879584327510167
1589,2024,2024Q2,2024-04,2024-04-11,South,Accessories,Monitor,266.055,4,1064.22,274.47,0.25790719963917236
1590,2024,2024Q2,2024-06,2024-06-18,South,Electronics,Camera,381.03000000000003,7,2667.21,363.5,0.1362847319858579
1591,2024,2024Q4,2024-12,2024-12-18,East,Electronics,Laptop,58.69,2,117.38,22.5,0.19168512523428183
1592,2023,2023Q3,2023-09,2023-09-17,East,Accessories,Mouse,984.025,4,3936.1,374.34,0.09510429104951601
1593,2022,2022Q4,2022-11,2022-11-23,East,Electronics,Smartphone,678.0377777777778,18,12204.68,1895.82,0.15533549425302423
1594,2024,2024Q4,2024-10,2024-10-13,North,Accessories,Keyboard,1237.51875,4,4950.075,288.4,0.05826174350893673
1595,2024,2024Q4,2024-10,2024-10-16,North,Accessories,Keyboard,215.23,1,215.23,57.455,0.2669469869441992
1596,2023,2023Q3,2023-09,2023-09-18,South,Accessories,Mouse,271.02333333333337,3,813.07,238.1,0.29284071482160207
1597,2023,2023Q4,2023-12,2023-12-09,South,Electronics,Camera,1044.1325,4,4176.53,980.11,0.23467088707611344
1598,2023,2023Q4,2023-10,2023-10-02,South,Electronics,Camera,771.2275,4,3084.91,348.38,0.11293036101539429
1599,2022,2022Q1,2022-03,2022-03-31,West,Accessories,Mouse,1334.8266666666666,3,4004.48,796.825,0.19898338860476267
1600,2024,2024Q2,2024-06,2024-06-12,South,Electronics,Smartwatch,1152.1625,4,4608.65,963.5,0.20906339166567217
1601,2024,2024Q2,2024-06,2024-06-16,West,Accessories,Headphones,1089.0525,4,4356.21,614.62,0.14109053512112593
1602,2022,2022Q4,2022-12,2022-12-02,East,Electronics,Laptop,135.03,7,945.21,75.21,0.0795696194496461
1603,2022,2022Q4,2022-11,2022-11-12,North,Electronics,Smartwatch,550.015,4,2200.06,484.33,0.22014399607283439
1604,2024,2024Q4,2024-12,2024-12-06,East,Accessories,Monitor,701.036,5,3505.18,678.18,0.19347936482577213
1605,2024,2024Q2,2024-05,2024-05-26,East,Accessories,Monitor,959.0600000000001,5,4795.3,819.12,0.1708172585656789
1606,2024,2024Q4,2024-10,2024-10-20,North,Accessories,Monitor,918.1659999999999,5,4590.83,650.05,0.14159748890723464
1607,2023,2023Q2,2023-05,2023-05-04,North,Accessories,Monitor,523.225,4,2092.9,467.02,0.22314491853409144
1608,2024,2024Q2,2024-05,2024-05-09,South,Accessories,Mouse,446.04625,8,3568.37,334.13,0.093636590375998
1609,2022,2022Q4,2022-11,2022-11-21,West,Electronics,Laptop,83.075,16,1329.2,253.2,0.1904905206139031
1610,2024,2024Q4,2024-11,2024-11-20,West,Electronics,Tablet,641.0366666666666,3,1923.11,274.0,0.14247754938615056
1611,2024,2024Q1,2024-01,2024-01-03,North,Electronics,Smartphone,129.035,4,516.14,128.24,0.24845972023094512
1612,2024,2024Q4,2024-10,2024-10-29,East,Electronics,Smartwatch,126.08777777777777,9,1134.79,267.26,0.235514941090422
1613,2024,2024Q2,2024-04,2024-04-09,West,Electronics,Smartwatch,359.00444444444446,9,3231.04,670.85,0.20762664652867188
1614,2024,2024Q3,2024-09,2024-09-05,South,Electronics,Tablet,513.0128571428571,7,3591.09,266.59,0.07423651314781862
1615,2024,2024Q1,2024-02,2024-02-03,East,Electronics,Camera,127.385,2,254.77,20.48,0.08038623071790242
1616,2023,2023Q1,2023-03,2023-03-17,South,Electronics,Smartphone,1186.158,5,5930.79,1193.32,0.2012075962898703
1617,2023,2023Q1,2023-03,2023-03-20,East,Electronics,Laptop,920.05,2,1840.1,196.62,0.10685288842997664
1618,2023,2023Q1,2023-01,2023-01-21,North,Accessories,Mouse,743.15,2,1486.3,413.73,0.2783623763708538
1619,2024,2024Q2,2024-05,2024-05-23,West,Electronics,Smartwatch,1120.2366666666667,3,3360.71,465.02,0.13836957071571185
1620,2022,2022Q4,2022-10,2022-10-24,West,Electronics,Tablet,251.1475,4,1004.59,240.13,0.23903283926776098
1621,2024,2024Q4,2024-12,2024-12-25,West,Accessories,Headphones,972.325,2,1944.65,332.55,0.17100763633558738
1622,2023,2023Q3,2023-09,2023-09-18,East,Accessories,Monitor,1011.122,5,5055.61,1200.09,0.23737788318323605
1623,2022,2022Q3,2022-07,2022-07-18,West,Electronics,Smartwatch,64.46,2,128.92,8.33,0.06461371393112009
1624,2024,2024Q1,2024-03,2024-03-09,East,Electronics,Smartphone,211.23000000000002,3,633.69,163.03,0.2572709053322602
1625,2022,2022Q4,2022-12,2022-12-14,South,Office,Printer,841.1866666666666,3,2523.56,506.7,0.20078777599898556
1626,2024,2024Q1,2024-03,2024-03-28,North,Accessories,Monitor,63.06,1,63.06,17.29,0.2741833174754202
1627,2023,2023Q3,2023-07,2023-07-02,South,Accessories,Mouse,344.035,4,1376.14,197.33,0.14339384074294767
1628,2024,2024Q4,2024-11,2024-11-11,West,Accessories,Mouse,663.2033333333333,3,1989.61,419.61,0.2109006287664417
1629,2024,2024Q1,2024-03,2024-03-09,East,Electronics,Laptop,1004.09875,8,8032.79,466.19,0.058035875455476865
1630,2022,2022Q1,2022-01,2022-01-21,South,Electronics,Tablet,617.155,6,3702.93,407.34,0.11000477999854169
1631,2022,2022Q4,2022-10,2022-10-17,East,Electronics,Smartwatch,57.10625,8,456.85,90.24,0.19752654043996934
1632,2024,2024Q1,2024-03,2024-03-04,West,Electronics,Camera,972.33,1,972.33,261.91,0.2693632820133083
1633,2022,2022Q1,2022-01,2022-01-08,South,Accessories,Headphones,658.038,5,3290.19,797.82,0.24248447658037986
1634,2022,2022Q4,2022-11,2022-11-24,East,Electronics,Laptop,735.14,2,1470.28,278.62,0.1895013194765623
1635,2024,2024Q4,2024-10,2024-10-24,North,Electronics,Tablet,1112.1166666666666,3,3336.35,798.26,0.23926146837112414
1636,2022,2022Q4,2022-10,2022-10-03,West,Accessories,Keyboard,1041.405,1,1041.405,173.265,0.1663761936998574
1637,2024,2024Q3,2024-07,2024-07-18,East,Accessories,Keyboard,670.255,1,670.255,64.945,0.09689595750870936
1638,2022,2022Q1,2022-03,2022-03-13,East,Electronics,Laptop,232.05599999999998,5,1160.28,227.13,0.19575447305822732
1639,2024,2024Q3,2024-09,2024-09-21,East,Accessories,Monitor,318.1175,4,1272.47,299.84,0.23563620360401422
1640,2022,2022Q1,2022-01,2022-01-14,West,Office,Printer,939.3333333333334,3,2818.0,588.47,0.20882540809084457
1641,2024,2024Q1,2024-03,2024-03-05,East,Accessories,Monitor,488.27666666666664,3,1464.83,264.67,0.18068308267853608
1642,2022,2022Q4,2022-10,2022-10-01,West,Electronics,Tablet,951.0983333333334,6,5706.59,1306.92,0.22901943191993818
1643,2023,2023Q3,2023-07,2023-07-15,West,Accessories,Keyboard,1147.5,1,1147.5,133.48,0.11632244008714596
1644,2023,2023Q1,2023-02,2023-02-11,North,Electronics,Laptop,165.055,4,660.22,133.14,0.2016600527097028
1645,2023,2023Q3,2023-07,2023-07-12,North,Accessories,Monitor,544.0175,4,2176.07,250.89,0.11529500429673677
1646,2022,2022Q1,2022-03,2022-03-19,South,Accessories,Headphones,1088.047142857143,7,7616.33,1317.79,0.173021652160555
1647,2024,2024Q2,2024-04,2024-04-03,East,Electronics,Tablet,513.175,2,1026.35,279.76,0.2725775807473084
1648,2024,2024Q4,2024-11,2024-11-17,West,Electronics,Tablet,105.26,2,210.52,42.04,0.19969599087972636
1649,2022,2022Q3,2022-09,2022-09-17,North,Office,Printer,90.455,2,180.91,10.78,0.05958764026311425
1650,2024,2024Q3,2024-09,2024-09-12,North,Electronics,Tablet,95.0125,4,380.05,72.88,0.19176424154716482
1651,2023,2023Q3,2023-08,2023-08-13,West,Accessories,Monitor,958.055,8,7664.44,1580.55,0.2062185887031538
1652,2022,2022Q4,2022-10,2022-10-22,East,Electronics,Smartphone,757.09,8,6056.72,1029.9,0.170042531271051
1653,2024,2024Q1,2024-03,2024-03-30,North,Accessories,Monitor,250.0666666666667,3,750.2,193.86,0.25841109037589977
1654,2023,2023Q1,2023-03,2023-03-26,West,Electronics,Laptop,1081.215,2,2162.43,355.45,0.16437526301429412
1655,2023,2023Q1,2023-03,2023-03-13,East,Accessories,Headphones,247.09333333333336,9,2223.84,347.01,0.1560409022231815
1656,2023,2023Q3,2023-09,2023-09-19,West,Electronics,Smartphone,636.1214285714286,14,8905.7,1840.1,0.2066204790190552
1657,2022,2022Q2,2022-04,2022-04-05,North,Accessories,Headphones,96.09666666666668,3,288.29,77.38,0.26841028131395467
1658,2024,2024Q1,2024-01,2024-01-24,West,Electronics,Camera,417.49,2,834.98,150.12,0.17978873745478935
1659,2023,2023Q3,2023-08,2023-08-20,East,Accessories,Keyboard,1006.3225,2,2012.645,461.585,0.2293424821565651
1660,2023,2023Q3,2023-09,2023-09-08,West,Accessories,Headphones,676.1342857142856,7,4732.94,1084.28,0.22909227668214685
1661,2024,2024Q1,2024-03,2024-03-16,North,Electronics,Tablet,271.09857142857146,7,1897.69,524.69,0.27648878373180025
1662,2022,2022Q2,2022-04,2022-04-16,East,Accessories,Mouse,210.125,4,840.5,190.13,0.22621058893515764
1663,2022,2022Q1,2022-01,2022-01-02,North,Accessories,Mouse,825.09875,4,3300.395,180.225,0.05460710005923533
1664,2022,2022Q4,2022-10,2022-10-20,West,Electronics,Laptop,1181.3,2,2362.6,342.27,0.14487005841022602
1665,2024,2024Q1,2024-03,2024-03-22,East,Electronics,Tablet,477.21,1,477.21,56.49,0.11837555793047087
1666,2022,2022Q2,2022-06,2022-06-04,North,Accessories,Keyboard,314.19666666666666,3,942.59,84.8,0.08996488398985773
1667,2023,2023Q1,2023-01,2023-01-21,East,Electronics,Camera,1042.2,2,2084.4,586.72,0.2814814814814815
1668,2023,2023Q3,2023-08,2023-08-16,West,Electronics,Tablet,764.145,6,4584.87,473.37,0.10324611166728828
1669,2022,2022Q2,2022-05,2022-05-28,East,Office,Printer,1118.69,1,1118.69,319.28,0.28540525078439954
1670,2024,2024Q2,2024-04,2024-04-30,North,Accessories,Mouse,445.01666666666665,9,4005.15,652.15,0.16282785913136835
1671,2024,2024Q1,2024-03,2024-03-04,East,Electronics,Smartwatch,922.0459999999999,5,4610.23,1293.37,0.2805434869843804
1672,2024,2024Q4,2024-10,2024-10-14,South,Accessories,Keyboard,551.4,1,551.4,86.84,0.15749002538991658
1673,2023,2023Q4,2023-12,2023-12-19,South,Accessories,Mouse,1096.1116666666667,3,3288.335,949.835,0.2888498282565493
1674,2022,2022Q3,2022-08,2022-08-08,South,Accessories,Headphones,1109.0428571428572,7,7763.3,1444.27,0.1860381538778612
1675,2024,2024Q1,2024-03,2024-03-02,East,Accessories,Monitor,320.07,7,2240.49,622.29,0.2777472784971145
1676,2022,2022Q4,2022-12,2022-12-04,East,Accessories,Headphones,883.1233333333333,6,5298.74,1209.88,0.22833352834824885
1677,2023,2023Q3,2023-07,2023-07-15,North,Electronics,Smartwatch,58.075,2,116.15,32.27,0.27783039173482565
1678,2022,2022Q1,2022-02,2022-02-02,East,Electronics,Tablet,841.00375,8,6728.03,1140.19,0.1694686260316913
1679,2022,2022Q4,2022-12,2022-12-02,North,Accessories,Monitor,98.006,5,490.03,55.59,0.11344203416117382
1680,2024,2024Q1,2024-01,2024-01-26,North,Accessories,Monitor,395.04714285714283,7,2765.33,699.86,0.2530837187605096
1681,2022,2022Q2,2022-04,2022-04-21,West,Electronics,Smartphone,335.0175,8,2680.14,598.97,0.22348459408836854
1682,2023,2023Q3,2023-08,2023-08-19,East,Electronics,Camera,1087.35,2,2174.7,335.37,0.15421437439646848
1683,2024,2024Q2,2024-04,2024-04-11,North,Accessories,Monitor,618.0688888888889,9,5562.62,1258.12,0.22617399714523012
1684,2022,2022Q3,2022-09,2022-09-27,East,Electronics,Smartphone,1151.015,8,9208.12,2595.33,0.2818523216465467
1685,2024,2024Q3,2024-08,2024-08-31,West,Electronics,Smartphone,1128.06,8,9024.48,1093.42,0.12116155169051293
1686,2022,2022Q2,2022-04,2022-04-30,East,Accessories,Monitor,824.015,6,4944.09,1335.04,0.2700274469113628
1687,2024,2024Q3,2024-07,2024-07-05,West,Electronics,Smartwatch,511.0711111111111,9,4599.64,618.89,0.13455183449139496
1688,2024,2024Q1,2024-03,2024-03-21,East,Electronics,Laptop,730.0866666666667,6,4380.52,419.3,0.09571922968049455
1689,2024,2024Q4,2024-10,2024-10-20,South,Accessories,Headphones,1188.33,2,2376.66,580.26,0.24414935245260155
1690,2022,2022Q1,2022-01,2022-01-05,East,Accessories,Mouse,936.38,2,1872.76,360.04,0.19225100920566437
1691,2022,2022Q2,2022-06,2022-06-18,North,Electronics,Camera,1061.132,5,5305.66,1389.25,0.261843012933358
1692,2023,2023Q2,2023-05,2023-05-19,North,Electronics,Tablet,201.0325,8,1608.26,332.12,0.2065088978150299
1693,2024,2024Q3,2024-07,2024-07-18,East,Accessories,Monitor,553.0366666666666,9,4977.33,745.81,0.14984138082064077
1694,2022,2022Q1,2022-02,2022-02-09,East,Electronics,Smartphone,647.0585714285714,7,4529.41,273.97,0.060486906683210405
1695,2024,2024Q2,2024-04,2024-04-15,West,Electronics,Camera,670.0728571428572,7,4690.51,319.42,0.06809920456410923
1696,2024,2024Q4,2024-11,2024-11-12,East,Accessories,Keyboard,606.11,4,2424.44,544.07,0.22441058553727872
1697,2024,2024Q4,2024-11,2024-11-27,North,Accessories,Keyboard,599.0983333333334,6,3594.59,610.77,0.16991367582951045
1698,2022,2022Q2,2022-05,2022-05-03,North,Accessories,Keyboard,566.02,7,3962.14,491.9,0.12415008051204651
1699,2024,2024Q1,2024-03,2024-03-14,East,Electronics,Camera,472.485,2,944.97,149.38,0.15807909245796162
1700,2024,2024Q3,2024-09,2024-09-20,South,Electronics,Camera,136.08,6,816.48,98.75,0.12094601214971586
1701,2022,2022Q3,2022-07,2022-07-10,North,Accessories,Monitor,986.0416666666666,6,5916.25,544.59,0.09204986266638496
1702,2022,2022Q2,2022-06,2022-06-17,South,Accessories,Mouse,1146.184,5,5730.92,310.58,0.054193742016988546
1703,2024,2024Q2,2024-05,2024-05-13,East,Accessories,Headphones,1184.1285714285714,7,8288.9,785.54,0.09477011424917661
1704,2022,2022Q2,2022-06,2022-06-24,South,Accessories,Headphones,1023.375,2,2046.75,394.93,0.19295468425552706
1705,2022,2022Q2,2022-06,2022-06-05,East,Electronics,Tablet,559.0588888888889,9,5031.53,1149.48,0.22845536049670778
1706,2022,2022Q3,2022-07,2022-07-23,South,Electronics,Laptop,235.10375,16,3761.66,973.76,0.2588644375089721
1707,2023,2023Q4,2023-12,2023-12-25,West,Electronics,Smartwatch,100.295,2,200.59,10.45,0.05209631586818884
1708,2022,2022Q4,2022-10,2022-10-06,East,Accessories,Mouse,896.0266666666666,3,2688.08,476.77,0.1773645129609238
1709,2023,2023Q1,2023-01,2023-01-02,West,Electronics,Laptop,804.1025,8,6432.82,427.62,0.06647473425340675
1710,2023,2023Q4,2023-12,2023-12-21,East,Electronics,Camera,1055.10125,8,8440.81,1504.18,0.17820327669974803
1711,2024,2024Q2,2024-04,2024-04-26,East,Electronics,Tablet,226.10714285714286,7,1582.75,208.42,0.13168219870478595
1712,2024,2024Q3,2024-07,2024-07-12,North,Electronics,Laptop,58.8,2,117.6,21.58,0.18350340136054422
1713,2022,2022Q1,2022-03,2022-03-26,West,Electronics,Smartwatch,76.075,8,608.6,163.18,0.26812356227407164
1714,2024,2024Q4,2024-11,2024-11-19,North,Electronics,Smartphone,61.21333333333333,3,183.64,41.82,0.22772816379873667
1715,2024,2024Q3,2024-07,2024-07-02,West,Accessories,Monitor,621.062,5,3105.31,744.26,0.23967333374123678
1716,2023,2023Q2,2023-04,2023-04-13,North,Accessories,Monitor,490.122,5,2450.61,485.18,0.19798335924524912
1717,2022,2022Q4,2022-12,2022-12-05,North,Electronics,Laptop,1008.1766666666667,3,3024.53,622.29,0.2057476698858996
1718,2023,2023Q2,2023-04,2023-04-20,East,Office,Printer,964.225,4,3856.9,747.79,0.1938836889730094
1719,2024,2024Q1,2024-03,2024-03-11,West,Accessories,Keyboard,76.06428571428572,7,532.45,121.03,0.22730772842520422
1720,2023,2023Q1,2023-02,2023-02-19,South,Electronics,Smartphone,788.175,4,3152.7,307.62,0.09757350842135314
1721,2023,2023Q4,2023-12,2023-12-04,East,Accessories,Monitor,954.0122222222222,9,8586.11,1555.82,0.18120196456835516
1722,2022,2022Q4,2022-10,2022-10-21,South,Accessories,Monitor,523.31,2,1046.62,273.38,0.26120272878408596
1723,2022,2022Q1,2022-02,2022-02-15,West,Electronics,Tablet,863.0625,4,3452.25,560.31,0.16230284597001954
1724,2022,2022Q1,2022-03,2022-03-12,West,Accessories,Monitor,592.125,4,2368.5,361.02,0.1524255858138062
1725,2022,2022Q4,2022-10,2022-10-20,South,Electronics,Camera,962.24,2,1924.48,422.25,0.2194099185234453
1726,2022,2022Q3,2022-09,2022-09-19,West,Electronics,Laptop,916.158,10,9161.58,2296.12,0.25062489221291523
1727,2024,2024Q4,2024-11,2024-11-02,East,Accessories,Headphones,747.0600000000001,5,3735.3,423.94,0.11349556929831606
1728,2023,2023Q2,2023-05,2023-05-13,North,Accessories,Monitor,619.17,4,2476.68,417.16,0.16843516320235155
1729,2023,2023Q3,2023-07,2023-07-13,South,Electronics,Laptop,81.44,4,325.76,33.02,0.1013629666011788
1730,2022,2022Q1,2022-03,2022-03-19,East,Accessories,Keyboard,881.005,2,1762.01,499.145,0.28328159318051543
1731,2023,2023Q1,2023-03,2023-03-07,West,Accessories,Monitor,625.0166666666667,6,3750.1,645.69,0.17217940854910538
1732,2022,2022Q2,2022-04,2022-04-15,South,Accessories,Mouse,293.004,5,1465.02,424.64,0.2898526982566791
1733,2024,2024Q1,2024-03,2024-03-28,North,Electronics,Camera,1120.0225,4,4480.09,412.05,0.09197359874466808
1734,2024,2024Q1,2024-02,2024-02-29,North,Electronics,Laptop,193.05125,8,1544.41,281.22,0.18208895306298198
1735,2024,2024Q1,2024-01,2024-01-21,North,Accessories,Headphones,886.0488888888889,9,7974.44,1181.04,0.14810318969106295
1736,2023,2023Q4,2023-12,2023-12-18,East,Electronics,Smartwatch,294.47,1,294.47,52.37,0.17784494175977178
1737,2022,2022Q1,2022-01,2022-01-23,East,Electronics,Camera,167.03714285714287,7,1169.26,264.37,0.22610026854591794
1738,2024,2024Q1,2024-02,2024-02-14,West,Electronics,Camera,1154.07625,8,9232.61,880.52,0.09537064816991078
1739,2023,2023Q4,2023-10,2023-10-09,South,Accessories,Headphones,349.09,4,1396.36,135.48,0.09702369016585981
1740,2022,2022Q3,2022-09,2022-09-13,West,Accessories,Monitor,111.145,2,222.29,23.65,0.10639255027216699
1741,2024,2024Q2,2024-04,2024-04-03,West,Accessories,Monitor,664.12,2,1328.24,358.07,0.2695823044028188
1742,2024,2024Q3,2024-08,2024-08-02,West,Accessories,Mouse,415.2,3,1245.6,229.73,0.18443320488118176
1743,2022,2022Q3,2022-08,2022-08-18,South,Electronics,Tablet,480.475,2,960.95,124.02,0.12905978458816794
1744,2024,2024Q1,2024-03,2024-03-03,West,Electronics,Smartphone,617.0933333333334,9,5553.84,329.79,0.05938053670973597
1745,2023,2023Q3,2023-09,2023-09-10,North,Accessories,Keyboard,895.14,2,1790.28,236.76,0.1322474696695489
1746,2024,2024Q3,2024-07,2024-07-11,West,Accessories,Keyboard,339.115,4,1356.46,123.92,0.09135543989502086
1747,2024,2024Q2,2024-05,2024-05-06,North,Electronics,Laptop,632.66,1,632.66,89.14,0.1408971643536813
1748,2022,2022Q1,2022-02,2022-02-11,West,Office,Printer,810.0522222222222,9,7290.47,841.07,0.11536567601265763
1749,2024,2024Q1,2024-03,2024-03-08,South,Electronics,Smartwatch,513.0775,4,2052.31,181.64,0.08850514785777977
1750,2024,2024Q2,2024-05,2024-05-21,North,Accessories,Mouse,921.005,1,921.005,56.425,0.06126459682629301
1751,2022,2022Q3,2022-08,2022-08-28,South,Electronics,Camera,203.01333333333332,6,1218.08,129.36,0.10619992118744255
1752,2023,2023Q4,2023-11,2023-11-19,South,Accessories,Mouse,848.086,5,4240.43,426.41,0.10055819810726742
1753,2024,2024Q4,2024-10,2024-10-29,East,Accessories,Keyboard,113.34,1,113.34,19.26,0.16993118051879302
1754,2022,2022Q1,2022-03,2022-03-25,East,Electronics,Camera,859.0799999999999,6,5154.48,1072.8,0.2081296270428831
1755,2023,2023Q3,2023-07,2023-07-30,North,Accessories,Mouse,206.115,3,618.345,152.44,0.24652904123102798
1756,2023,2023Q2,2023-05,2023-05-21,North,Electronics,Smartwatch,884.0942857142857,7,6188.66,1231.3,0.1989606796947966
1757,2023,2023Q3,2023-09,2023-09-10,South,Accessories,Headphones,1017.132,5,5085.66,1172.12,0.23047549383954097
1758,2022,2022Q2,2022-05,2022-05-02,North,Accessories,Keyboard,356.4,2,712.8,205.53,0.28834175084175084
1759,2023,2023Q1,2023-02,2023-02-03,East,Electronics,Smartwatch,108.11833333333334,6,648.71,62.25,0.09595967381418508
1760,2023,2023Q1,2023-02,2023-02-02,North,Accessories,Mouse,547.132,5,2735.66,483.2,0.17663013678600412
1761,2022,2022Q2,2022-05,2022-05-15,South,Electronics,Smartwatch,263.66,1,263.66,69.39,0.26317985284077977
1762,2023,2023Q4,2023-12,2023-12-05,North,Electronics,Smartphone,438.22,4,1752.88,133.36,0.07608050750764457
1763,2024,2024Q4,2024-10,2024-10-13,South,Electronics,Laptop,66.00666666666666,18,1188.12,187.84,0.1580985085681581
1764,2024,2024Q2,2024-06,2024-06-17,East,Electronics,Laptop,1043.0785714285714,7,7301.55,2026.43,0.2775342221857003
1765,2024,2024Q1,2024-01,2024-01-18,North,Electronics,Smartphone,295.30333333333334,3,885.91,150.79,0.1702091634590421
1766,2024,2024Q4,2024-12,2024-12-30,North,Electronics,Camera,379.06,1,379.06,39.41,0.1039677095974252
1767,2024,2024Q2,2024-05,2024-05-04,West,Accessories,Keyboard,1078.21,2,2156.42,194.24,0.09007521725823356
1768,2023,2023Q2,2023-06,2023-06-06,East,Accessories,Mouse,1257.5725,2,2515.145,270.365,0.10749479652266569
1769,2022,2022Q1,2022-01,2022-01-31,West,Electronics,Smartphone,719.21,2,1438.42,315.83,0.21956730301302815
1770,2022,2022Q2,2022-04,2022-04-07,South,Accessories,Keyboard,419.77,1,419.77,108.36,0.2581413631274269
1771,2022,2022Q1,2022-02,2022-02-24,East,Accessories,Headphones,1173.1833333333334,3,3519.55,935.72,0.26586353369038657
1772,2022,2022Q2,2022-04,2022-04-03,East,Electronics,Tablet,364.12375,8,2912.99,451.97,0.1551567289966667
1773,2023,2023Q1,2023-02,2023-02-20,North,Electronics,Smartphone,801.0899999999999,5,4005.45,226.09,0.05644559287970141
1774,2023,2023Q3,2023-08,2023-08-22,South,Electronics,Smartwatch,415.076,5,2075.38,271.71,0.1309206024920737
1775,2023,2023Q1,2023-02,2023-02-23,South,Electronics,Laptop,60.215,2,120.43,7.74,0.06426970024080378
1776,2024,2024Q3,2024-08,2024-08-12,North,Electronics,Camera,141.045,4,564.18,32.8,0.058137473855861606
1777,2023,2023Q4,2023-10,2023-10-01,East,Electronics,Smartwatch,243.065,2,486.13,62.58,0.1287309978812252
1778,2023,2023Q2,2023-04,2023-04-15,East,Electronics,Smartwatch,744.22,2,1488.44,342.87,0.23035527129074734
1779,2023,2023Q1,2023-02,2023-02-24,West,Electronics,Laptop,516.0466666666667,6,3096.28,277.68,0.08968181172245404
1780,2024,2024Q2,2024-04,2024-04-11,West,Electronics,Smartwatch,1071.19,4,4284.76,848.44,0.19801342432248248
1781,2022,2022Q3,2022-07,2022-07-05,North,Electronics,Smartwatch,233.0775,8,1864.62,110.81,0.05942765818236424
1782,2024,2024Q2,2024-05,2024-05-08,West,Electronics,Camera,887.0200000000001,5,4435.1,954.12,0.21512930937295663
1783,2024,2024Q4,2024-10,2024-10-03,East,Electronics,Camera,824.1875,4,3296.75,460.98,0.13982861909456284
1784,2023,2023Q2,2023-05,2023-05-05,East,Accessories,Mouse,390.255,1,390.255,108.96,0.2792020601914133
1785,2022,2022Q2,2022-06,2022-06-02,East,Electronics,Smartwatch,628.0214285714285,7,4396.15,962.61,0.2189665957712999
1786,2023,2023Q2,2023-05,2023-05-02,South,Accessories,Keyboard,227.00166666666667,6,1362.01,202.68,0.14880948010660716
1787,2022,2022Q1,2022-01,2022-01-13,East,Accessories,Mouse,640.5466666666667,3,1921.64,189.015,0.09836129556004246
1788,2022,2022Q2,2022-04,2022-04-07,South,Accessories,Mouse,242.12399999999997,5,1210.62,201.45,0.16640233929721962
1789,2023,2023Q3,2023-07,2023-07-18,West,Accessories,Monitor,561.0383333333333,6,3366.23,614.22,0.18246525044337433
1790,2024,2024Q2,2024-06,2024-06-07,West,Electronics,Tablet,723.06,9,6507.54,1075.51,0.16527136214299104
1791,2024,2024Q2,2024-05,2024-05-14,South,Accessories,Mouse,384.21,1,384.21,35.36,0.09203300278493533
1792,2022,2022Q1,2022-01,2022-01-05,South,Electronics,Laptop,725.196,10,7251.96,1127.9,0.15553036696286246
1793,2022,2022Q4,2022-12,2022-12-14,South,Electronics,Tablet,400.52,1,400.52,45.16,0.11275342055328073
1794,2022,2022Q1,2022-02,2022-02-22,North,Accessories,Monitor,576.024,5,2880.12,209.58,0.07276780134161077
1795,2023,2023Q1,2023-02,2023-02-08,South,Accessories,Headphones,787.115,2,1574.23,196.84,0.12503890791053404
1796,2024,2024Q3,2024-09,2024-09-13,East,Accessories,Keyboard,1239.12,1,1239.12,292.185,0.2358004067402673
1797,2023,2023Q3,2023-07,2023-07-29,West,Accessories,Headphones,57.03,3,171.09,9.02,0.05272079022736571
1798,2024,2024Q4,2024-11,2024-11-20,South,Accessories,Keyboard,567.065,4,2268.26,313.565,0.13824032518318005
1799,2024,2024Q2,2024-06,2024-06-09,South,Accessories,Headphones,436.3233333333333,3,1308.97,73.28,0.055982948425097594
1800,2022,2022Q4,2022-10,2022-10-27,North,Electronics,Laptop,1012.065,8,8096.52,1282.46,0.15839644686853116
1801,2022,2022Q2,2022-05,2022-05-29,East,Electronics,Tablet,449.04,9,4041.36,963.58,0.2384296375477562
1802,2024,2024Q2,2024-05,2024-05-24,South,Accessories,Headphones,1133.09,5,5665.45,332.46,0.058682011137685446
1803,2023,2023Q4,2023-11,2023-11-29,South,Accessories,Mouse,1146.0016666666668,3,3438.005,514.96,0.14978454074383254
1804,2023,2023Q1,2023-03,2023-03-02,South,Accessories,Monitor,617.22,1,617.22,145.37,0.23552380026570752
1805,2022,2022Q3,2022-09,2022-09-15,South,Accessories,Monitor,240.07000000000002,6,1440.42,130.4,0.09052915121978312
1806,2024,2024Q2,2024-04,2024-04-17,East,Electronics,Smartwatch,59.125,8,473.0,116.36,0.24600422832980973
1807,2023,2023Q2,2023-06,2023-06-30,North,Electronics,Laptop,1128.16,5,5640.8,1227.77,0.21765884271734504
1808,2022,2022Q4,2022-10,2022-10-26,West,Accessories,Headphones,440.1466666666667,6,2640.88,668.12,0.25299142710005756
1809,2024,2024Q3,2024-07,2024-07-13,South,Electronics,Smartphone,256.24333333333334,3,768.73,72.67,0.09453254068398527
1810,2024,2024Q1,2024-02,2024-02-22,South,Accessories,Keyboard,725.41,1,725.41,81.96,0.11298438124646751
1811,2024,2024Q2,2024-04,2024-04-28,North,Accessories,Headphones,135.04125,8,1080.33,210.69,0.1950237427452723
1812,2024,2024Q4,2024-10,2024-10-30,South,Accessories,Headphones,393.75,1,393.75,40.34,0.10245079365079365
1813,2024,2024Q2,2024-06,2024-06-11,North,Electronics,Smartwatch,316.015,4,1264.06,371.92,0.29422653987943614
1814,2022,2022Q3,2022-09,2022-09-03,South,Accessories,Headphones,533.021111111111,9,4797.19,1193.95,0.24888528492721784
1815,2022,2022Q1,2022-03,2022-03-27,East,Electronics,Tablet,260.05625,8,2080.45,151.14,0.07264774447835805
1816,2022,2022Q1,2022-02,2022-02-16,West,Electronics,Camera,953.0225,4,3812.09,312.8,0.08205472588527553
1817,2024,2024Q1,2024-02,2024-02-25,West,Accessories,Mouse,923.8025,2,1847.605,231.785,0.12545159815003748
1818,2024,2024Q3,2024-08,2024-08-06,West,Electronics,Tablet,461.1111111111111,9,4150.0,605.52,0.14590843373493975
1819,2023,2023Q4,2023-12,2023-12-05,East,Accessories,Keyboard,723.42,2,1446.84,171.73,0.11869315197257471
1820,2024,2024Q3,2024-07,2024-07-24,South,Electronics,Laptop,225.58,1,225.58,48.82,0.21641989538079615
1821,2023,2023Q3,2023-09,2023-09-15,West,Electronics,Tablet,452.0885714285714,7,3164.62,166.4,0.05258135257945662
1822,2022,2022Q4,2022-10,2022-10-28,East,Electronics,Smartwatch,498.3,1,498.3,38.67,0.07760385310054184
1823,2024,2024Q3,2024-09,2024-09-13,North,Accessories,Headphones,561.046,5,2805.23,438.89,0.15645419448672657
1824,2022,2022Q4,2022-11,2022-11-01,East,Accessories,Monitor,1036.19,5,5180.95,726.62,0.14024841004062963
1825,2022,2022Q2,2022-06,2022-06-07,North,Electronics,Camera,809.1600000000001,5,4045.8,203.35,0.05026200009886796
1826,2024,2024Q3,2024-07,2024-07-11,North,Electronics,Smartwatch,417.04714285714283,7,2919.33,325.35,0.11144680457502236
1827,2023,2023Q4,2023-12,2023-12-02,West,Electronics,Smartphone,868.18,2,1736.36,388.09,0.22350779792208988
1828,2023,2023Q3,2023-07,2023-07-18,South,Electronics,Smartwatch,899.0585714285714,7,6293.41,389.22,0.06184564488885994
1829,2024,2024Q1,2024-03,2024-03-21,South,Accessories,Headphones,614.1583333333333,6,3684.95,477.02,0.12945087450304618
1830,2022,2022Q4,2022-10,2022-10-10,West,Electronics,Tablet,65.15,5,325.75,21.01,0.06449731389102073
1831,2024,2024Q3,2024-08,2024-08-16,North,Electronics,Camera,1108.125,2,2216.25,444.36,0.20050084602368867
1832,2024,2024Q3,2024-08,2024-08-08,East,Accessories,Mouse,282.0577777777778,9,2538.52,575.41,0.2266714463545688
1833,2022,2022Q1,2022-01,2022-01-12,East,Electronics,Smartwatch,381.04375,8,3048.35,444.3,0.14575098003838144
1834,2024,2024Q1,2024-02,2024-02-19,South,Accessories,Keyboard,1035.385,1,1035.385,81.615,0.07882575080767057
1835,2023,2023Q3,2023-08,2023-08-14,East,Electronics,Camera,726.116,5,3630.58,537.93,0.14816640867299438
1836,2022,2022Q2,2022-04,2022-04-13,East,Electronics,Tablet,128.0857142857143,7,896.6,219.98,0.24534909658710682
1837,2024,2024Q1,2024-02,2024-02-29,East,Electronics,Tablet,283.0242857142857,7,1981.17,311.44,0.1572000383611704
1838,2023,2023Q3,2023-07,2023-07-16,West,Accessories,Headphones,1190.0933333333335,6,7140.56,605.22,0.08475805819151438
1839,2023,2023Q2,2023-04,2023-04-13,North,Accessories,Monitor,203.174,5,1015.87,85.06,0.08373118607695867
1840,2023,2023Q3,2023-07,2023-07-19,North,Electronics,Smartwatch,839.21,2,1678.42,372.78,0.22210173853981718
1841,2023,2023Q2,2023-05,2023-05-26,South,Electronics,Tablet,815.1675,4,3260.67,969.76,0.2974112682362827
1842,2024,2024Q4,2024-10,2024-10-18,South,Accessories,Headphones,144.074,5,720.37,214.31,0.29749989588683595
1843,2022,2022Q2,2022-06,2022-06-18,South,Electronics,Tablet,344.10555555555555,9,3096.95,505.08,0.16308949127367248
1844,2024,2024Q3,2024-09,2024-09-06,South,Accessories,Keyboard,350.07,2,700.14,136.695,0.19523952352386664
1845,2023,2023Q1,2023-02,2023-02-05,North,Electronics,Smartwatch,127.1375,4,508.55,37.94,0.07460426703372333
1846,2022,2022Q3,2022-09,2022-09-16,East,Electronics,Tablet,378.08714285714285,7,2646.61,380.83,0.14389350905497975
1847,2024,2024Q1,2024-03,2024-03-07,East,Accessories,Mouse,357.14,1,357.14,79.86,0.22360978887831104
1848,2023,2023Q4,2023-12,2023-12-28,North,Electronics,Tablet,373.9,1,373.9,53.15,0.14215030756886868
1849,2023,2023Q1,2023-03,2023-03-24,East,Electronics,Smartphone,266.5,2,533.0,111.04,0.2083302063789869
1850,2024,2024Q4,2024-10,2024-10-07,North,Electronics,Smartphone,86.12,4,344.48,25.7,0.07460520204366
1851,2024,2024Q2,2024-06,2024-06-17,North,Electronics,Smartphone,258.1014285714286,7,1806.71,308.92,0.17098482877716956
1852,2024,2024Q2,2024-06,2024-06-28,West,Electronics,Smartwatch,442.1385714285714,7,3094.97,463.72,0.1498302083703558
1853,2024,2024Q2,2024-06,2024-06-02,East,Accessories,Keyboard,126.19,2,252.38,67.37,0.26693874316506855
1854,2022,2022Q2,2022-04,2022-04-27,East,Electronics,Camera,299.01,9,2691.09,761.16,0.28284449795436045
1855,2022,2022Q2,2022-06,2022-06-05,South,Electronics,Smartwatch,809.075,4,3236.3,655.18,0.2024472391311065
1856,2022,2022Q2,2022-04,2022-04-27,East,Electronics,Laptop,269.2425,8,2153.94,249.12,0.1156578177665116
1857,2022,2022Q3,2022-08,2022-08-10,North,Electronics,Tablet,357.045,4,1428.18,160.54,0.11240880001120306
1858,2022,2022Q2,2022-04,2022-04-22,East,Accessories,Keyboard,200.134,5,1000.67,292.04,0.29184446420898
1859,2022,2022Q2,2022-06,2022-06-10,South,Electronics,Smartwatch,381.07666666666665,9,3429.69,998.82,0.2912274870323557
1860,2023,2023Q4,2023-10,2023-10-17,West,Accessories,Monitor,946.1540000000001,5,4730.77,1416.1,0.2993381627092418
1861,2023,2023Q4,2023-11,2023-11-04,South,Accessories,Monitor,1105.01,6,6630.06,512.6,0.07731453410678032
1862,2024,2024Q4,2024-10,2024-10-22,South,Electronics,Camera,328.0571428571429,7,2296.4,138.93,0.06049904197874935
1863,2023,2023Q1,2023-01,2023-01-15,East,Accessories,Monitor,1060.07,7,7420.49,1107.31,0.1492232992699943
1864,2022,2022Q2,2022-06,2022-06-11,South,Accessories,Keyboard,577.0057142857142,7,4039.04,420.29,0.10405690461099668
1865,2023,2023Q2,2023-05,2023-05-19,East,Electronics,Laptop,495.21,2,990.42,76.87,0.07761353769108056
1866,2023,2023Q3,2023-08,2023-08-05,West,Electronics,Laptop,733.76,1,733.76,54.11,0.07374345835150457
1867,2024,2024Q1,2024-01,2024-01-24,East,Electronics,Smartphone,807.2866666666667,3,2421.86,334.61,0.13816240410263186
1868,2024,2024Q1,2024-03,2024-03-14,East,Accessories,Keyboard,104.08375,8,832.67,214.81,0.2579773499705766
1869,2022,2022Q2,2022-05,2022-05-13,East,Electronics,Smartwatch,483.88,1,483.88,98.15,0.20283954699512277
1870,2023,2023Q1,2023-02,2023-02-27,North,Accessories,Keyboard,418.075,6,2508.45,480.48,0.19154457932189203
1871,2023,2023Q4,2023-10,2023-10-01,North,Accessories,Keyboard,576.0571428571428,7,4032.4,426.13,0.10567652018648943
1872,2022,2022Q2,2022-04,2022-04-15,East,Accessories,Keyboard,401.1125,8,3208.9,840.97,0.26207423104490635
1873,2024,2024Q2,2024-05,2024-05-10,South,Electronics,Smartwatch,567.0983333333334,6,3402.59,857.61,0.25204623536776394
1874,2024,2024Q4,2024-12,2024-12-06,North,Accessories,Headphones,541.43,1,541.43,52.5,0.09696544336294628
1875,2022,2022Q1,2022-02,2022-02-08,West,Electronics,Smartwatch,258.13142857142856,7,1806.92,129.6,0.07172426006685409
1876,2024,2024Q3,2024-08,2024-08-03,South,Accessories,Headphones,811.2133333333333,3,2433.64,515.28,0.21173222004898012
1877,2023,2023Q4,2023-11,2023-11-10,East,Accessories,Keyboard,980.0966666666667,6,5880.58,454.19,0.07723557880345136
1878,2023,2023Q2,2023-05,2023-05-24,West,Accessories,Mouse,1125.17,3,3375.51,451.5,0.13375756552343201
1879,2024,2024Q3,2024-08,2024-08-06,West,Accessories,Keyboard,79.245,2,158.49,16.395,0.10344501230361536
1880,2022,2022Q4,2022-10,2022-10-10,North,Electronics,Tablet,156.01444444444445,9,1404.13,89.43,0.06369068391103389
1881,2024,2024Q1,2024-03,2024-03-08,North,Accessories,Keyboard,727.9525,4,2911.81,239.11,0.08211730847823176
1882,2024,2024Q2,2024-05,2024-05-31,West,Electronics,Tablet,167.08571428571426,7,1169.6,69.41,0.05934507523939809
1883,2022,2022Q4,2022-10,2022-10-15,North,Electronics,Smartwatch,1022.0857142857143,7,7154.6,1177.51,0.16458082911693175
1884,2024,2024Q1,2024-01,2024-01-29,West,Accessories,Keyboard,185.375,2,370.75,102.74,0.27711395819285234
1885,2024,2024Q1,2024-03,2024-03-16,West,Accessories,Monitor,430.5,1,430.5,113.57,0.26380952380952377
1886,2022,2022Q2,2022-04,2022-04-28,West,Electronics,Smartwatch,946.83,1,946.83,280.53,0.29628338772535723
1887,2024,2024Q2,2024-05,2024-05-20,South,Electronics,Tablet,123.055,8,984.44,73.84,0.07500711064158302
1888,2022,2022Q4,2022-11,2022-11-26,East,Accessories,Keyboard,183.38625,4,733.545,186.085,0.25367905172825117
1889,2023,2023Q3,2023-07,2023-07-17,West,Electronics,Smartwatch,429.0177777777778,9,3861.16,536.04,0.13882874576552123
1890,2024,2024Q4,2024-11,2024-11-03,South,Electronics,Laptop,194.0811111111111,18,3493.46,521.0,0.1491358137777447
1891,2024,2024Q3,2024-08,2024-08-19,South,Office,Printer,915.8,1,915.8,129.08,0.14094780519764144
1892,2024,2024Q3,2024-09,2024-09-15,East,Electronics,Smartwatch,399.03111111111116,9,3591.28,423.0,0.11778530217638279
1893,2023,2023Q1,2023-01,2023-01-28,East,Electronics,Camera,427.10833333333335,6,2562.65,612.36,0.23895576844282285
1894,2022,2022Q4,2022-11,2022-11-28,West,Electronics,Smartwatch,598.0944444444444,9,5382.85,1037.04,0.19265630660337923
1895,2024,2024Q4,2024-11,2024-11-18,East,Electronics,Smartwatch,698.1875,4,2792.75,170.96,0.06121564765911736
1896,2023,2023Q2,2023-05,2023-05-23,West,Accessories,Monitor,911.1071428571429,7,6377.75,1332.86,0.20898592763905766
1897,2024,2024Q2,2024-05,2024-05-17,East,Electronics,Smartphone,658.06875,16,10529.1,2103.0,0.1997321708408126
1898,2023,2023Q4,2023-12,2023-12-18,North,Electronics,Laptop,673.45,4,2693.8,393.0,0.14589056351622243
1899,2023,2023Q3,2023-08,2023-08-19,South,Electronics,Camera,1043.0828571428572,7,7301.58,1311.65,0.17963920137833184
1900,2023,2023Q2,2023-04,2023-04-20,South,Accessories,Keyboard,1008.22,2,2016.44,198.26,0.09832179484636289
1901,2022,2022Q2,2022-06,2022-06-30,North,Electronics,Laptop,211.03666666666666,12,2532.44,441.0,0.17414035475667736
1902,2023,2023Q2,2023-04,2023-04-11,West,Accessories,Mouse,70.37,1,70.37,17.59,0.24996447349722892
1903,2022,2022Q4,2022-10,2022-10-06,South,Accessories,Monitor,1139.065,6,6834.39,1211.75,0.1773018513722512
1904,2022,2022Q4,2022-10,2022-10-01,West,Accessories,Headphones,714.09,8,5712.72,1191.02,0.20848562506126678
1905,2023,2023Q2,2023-05,2023-05-09,South,Electronics,Laptop,897.186,10,8971.86,695.98,0.07757365808204765
1906,2024,2024Q2,2024-06,2024-06-02,West,Accessories,Headphones,288.0875,8,2304.7,291.46,0.12646331409727948
1907,2024,2024Q2,2024-06,2024-06-23,North,Accessories,Mouse,1096.03,3,3288.09,407.78,0.12401728663144863
1908,2022,2022Q1,2022-03,2022-03-12,East,Electronics,Camera,706.49,1,706.49,153.59,0.21739868929496525
1909,2022,2022Q2,2022-04,2022-04-16,South,Accessories,Headphones,977.71,1,977.71,103.82,0.10618690613781182
1910,2022,2022Q4,2022-10,2022-10-12,West,Electronics,Tablet,983.18,4,3932.72,309.43,0.07868091295591856
1911,2022,2022Q4,2022-10,2022-10-29,East,Accessories,Keyboard,631.89,1,631.89,184.23,0.291553909699473
1912,2022,2022Q3,2022-08,2022-08-01,East,Accessories,Keyboard,883.03375,4,3532.135,372.62,0.10549426904690788
1913,2023,2023Q2,2023-04,2023-04-20,West,Accessories,Keyboard,1185.205,4,4740.82,746.77,0.15751916335148772
1914,2023,2023Q4,2023-12,2023-12-28,South,Electronics,Tablet,287.08714285714285,7,2009.61,183.19,0.09115699065987928
1915,2024,2024Q2,2024-04,2024-04-18,East,Electronics,Smartphone,1055.22,2,2110.44,548.12,0.2597183525710278
1916,2024,2024Q3,2024-09,2024-09-26,West,Accessories,Mouse,95.28,1,95.28,6.97,0.07315281276238454
1917,2023,2023Q4,2023-11,2023-11-19,East,Electronics,Smartwatch,384.55,1,384.55,83.58,0.217344948641269
1918,2023,2023Q2,2023-04,2023-04-23,North,Electronics,Tablet,1157.0,3,3471.0,200.08,0.05764333045231922
1919,2023,2023Q2,2023-06,2023-06-20,West,Electronics,Tablet,512.2025,4,2048.81,507.01,0.24746560198359047
1920,2022,2022Q2,2022-05,2022-05-28,West,Electronics,Laptop,659.09,8,5272.72,1188.16,0.22534100047034547
1921,2024,2024Q1,2024-01,2024-01-18,East,Accessories,Headphones,619.9,1,619.9,127.58,0.20580738828843362
1922,2023,2023Q2,2023-04,2023-04-27,North,Electronics,Laptop,448.72,2,897.44,106.4,0.11855945801390622
1923,2023,2023Q4,2023-12,2023-12-05,North,Accessories,Keyboard,1179.2475,2,2358.495,352.495,0.14945759901971384
1924,2024,2024Q1,2024-01,2024-01-11,North,Accessories,Keyboard,682.535,3,2047.605,441.78,0.2157545034320584
1925,2024,2024Q3,2024-07,2024-07-31,North,Electronics,Smartwatch,637.0071428571429,7,4459.05,1037.27,0.23262129825859768
1926,2022,2022Q4,2022-10,2022-10-31,South,Electronics,Tablet,124.066,5,620.33,62.49,0.10073670465719858
1927,2022,2022Q3,2022-08,2022-08-17,West,Electronics,Smartwatch,1181.215,2,2362.43,185.89,0.07868592931854065
1928,2022,2022Q1,2022-03,2022-03-28,North,Office,Printer,303.32,2,606.64,154.99,0.2554892522748253
1929,2024,2024Q3,2024-07,2024-07-26,East,Electronics,Camera,271.2125,4,1084.85,134.42,0.12390653085680048
1930,2022,2022Q1,2022-02,2022-02-04,North,Electronics,Laptop,360.09125,16,5761.46,631.74,0.10964929028405994
1931,2023,2023Q2,2023-04,2023-04-20,West,Electronics,Laptop,568.05125,16,9088.82,1454.1,0.1599877651884403
1932,2024,2024Q3,2024-09,2024-09-08,West,Accessories,Mouse,139.1775,2,278.355,42.815,0.15381437373138615
1933,2023,2023Q4,2023-11,2023-11-30,North,Electronics,Laptop,101.124,5,505.62,71.97,0.14234009730627745
1934,2023,2023Q1,2023-03,2023-03-03,West,Electronics,Tablet,519.0699999999999,5,2595.35,774.2,0.2983027337353344
1935,2023,2023Q1,2023-01,2023-01-24,South,Accessories,Headphones,564.08,5,2820.4,737.68,0.26155155297120974
1936,2023,2023Q4,2023-10,2023-10-29,East,Accessories,Keyboard,509.22,1,509.22,148.605,0.29182867915635674
1937,2023,2023Q1,2023-03,2023-03-04,East,Electronics,Laptop,236.1825,4,944.73,176.56,0.18688937580049325
1938,2023,2023Q3,2023-08,2023-08-30,East,Electronics,Tablet,610.19,1,610.19,44.99,0.07373113292580999
1939,2024,2024Q2,2024-05,2024-05-25,South,Electronics,Camera,228.12,4,912.48,81.65,0.08948141329125023
1940,2024,2024Q1,2024-02,2024-02-14,West,Accessories,Mouse,574.47,1,574.47,86.945,0.15134819920970632
1941,2024,2024Q2,2024-05,2024-05-01,East,Accessories,Monitor,1103.105,8,8824.84,597.1,0.06766128337737567
1942,2022,2022Q2,2022-06,2022-06-17,North,Accessories,Headphones,448.024,5,2240.12,159.58,0.07123725514704571
1943,2022,2022Q1,2022-02,2022-02-17,North,Electronics,Camera,656.145,2,1312.29,386.79,0.29474430194545415
1944,2024,2024Q3,2024-09,2024-09-30,East,Electronics,Tablet,1089.025,2,2178.05,574.4,0.2637221367737196
1945,2024,2024Q2,2024-05,2024-05-12,East,Accessories,Monitor,557.28,3,1671.84,94.52,0.056536510670877595
1946,2024,2024Q3,2024-07,2024-07-28,East,Accessories,Monitor,675.1133333333333,3,2025.34,355.59,0.17557052149268765
1947,2024,2024Q4,2024-11,2024-11-01,East,Accessories,Mouse,481.09,3,1443.27,177.66,0.12309547070194767
1948,2023,2023Q1,2023-01,2023-01-08,East,Accessories,Headphones,820.1925,4,3280.77,826.94,0.2520566818155494
1949,2022,2022Q2,2022-05,2022-05-18,West,Electronics,Tablet,884.405,2,1768.81,375.86,0.2124931451088585
1950,2024,2024Q3,2024-09,2024-09-21,North,Electronics,Smartwatch,502.12166666666667,6,3012.73,307.47,0.10205693839142572
1951,2024,2024Q1,2024-02,2024-02-16,East,Electronics,Smartphone,676.0,12,8112.0,904.28,0.11147435897435896
1952,2024,2024Q3,2024-08,2024-08-03,West,Electronics,Smartwatch,952.09,1,952.09,179.4,0.18842756462099172
1953,2022,2022Q2,2022-05,2022-05-29,North,Electronics,Smartphone,558.0933333333334,3,1674.28,106.24,0.06345414148171154
1954,2024,2024Q1,2024-02,2024-02-13,East,Electronics,Smartwatch,863.094,5,4315.47,1019.91,0.23633810454017753
1955,2023,2023Q4,2023-12,2023-12-15,North,Accessories,Mouse,287.04,3,861.12,81.195,0.09428999442586398
1956,2022,2022Q3,2022-09,2022-09-14,South,Accessories,Keyboard,723.855,2,1447.71,167.175,0.11547547506061297
1957,2023,2023Q3,2023-07,2023-07-28,North,Electronics,Tablet,640.065,2,1280.13,335.22,0.26186402943451054
1958,2022,2022Q2,2022-04,2022-04-10,East,Accessories,Headphones,859.1659999999999,5,4295.83,414.42,0.0964702979400954
1959,2022,2022Q3,2022-07,2022-07-09,North,Accessories,Keyboard,636.135,6,3816.81,623.78,0.1634296703267912
1960,2024,2024Q2,2024-04,2024-04-09,East,Accessories,Headphones,905.092857142857,7,6335.65,1137.08,0.17947329792523262
1961,2024,2024Q4,2024-11,2024-11-11,West,Accessories,Mouse,157.82,1,157.82,39.205,0.2484159168673172
1962,2024,2024Q4,2024-11,2024-11-27,East,Electronics,Camera,313.17,2,626.34,168.82,0.2695341188491873
1963,2024,2024Q2,2024-05,2024-05-23,South,Electronics,Smartwatch,1140.93,1,1140.93,85.75,0.07515798515246333
1964,2022,2022Q4,2022-11,2022-11-16,North,Electronics,Smartphone,118.08399999999999,10,1180.84,105.1,0.08900443751905424
1965,2022,2022Q2,2022-04,2022-04-21,East,Electronics,Tablet,631.9,1,631.9,99.31,0.1571609431872132
1966,2024,2024Q3,2024-09,2024-09-04,South,Accessories,Monitor,243.05125,8,1944.41,134.94,0.06939894363843016
1967,2024,2024Q1,2024-03,2024-03-24,North,Electronics,Smartphone,850.0416666666666,6,5100.25,1461.79,0.2866114406156561
1968,2024,2024Q3,2024-09,2024-09-24,South,Accessories,Keyboard,182.08333333333334,6,1092.5,176.52,0.16157437070938216
1969,2023,2023Q3,2023-08,2023-08-12,West,Accessories,Monitor,666.1328571428572,7,4662.93,1007.43,0.21605085214661165
1970,2023,2023Q1,2023-01,2023-01-18,West,Accessories,Headphones,616.14,7,4312.98,1088.34,0.2523406090452541
1971,2022,2022Q4,2022-10,2022-10-20,North,Accessories,Mouse,676.08,3,2028.24,407.55,0.2009377588451071
1972,2023,2023Q4,2023-11,2023-11-23,North,Accessories,Headphones,178.11333333333334,3,534.34,120.53,0.22556799041808584
1973,2023,2023Q3,2023-07,2023-07-11,South,Electronics,Tablet,976.1299999999999,5,4880.65,829.03,0.16986057185006095
1974,2024,2024Q4,2024-10,2024-10-25,West,Electronics,Tablet,1042.10875,8,8336.87,782.8,0.09389615047373893
1975,2022,2022Q1,2022-01,2022-01-07,South,Electronics,Smartphone,677.2233333333334,3,2031.67,466.25,0.22949100985888454
1976,2022,2022Q1,2022-01,2022-01-10,North,Electronics,Smartwatch,804.0933333333334,3,2412.28,640.35,0.265454259041239
1977,2023,2023Q4,2023-12,2023-12-03,East,Electronics,Smartphone,1039.63,2,2079.26,274.48,0.1320085030251147
1978,2023,2023Q1,2023-01,2023-01-03,West,Electronics,Camera,116.08833333333332,6,696.53,100.78,0.14468867098330296
1979,2022,2022Q4,2022-12,2022-12-15,East,Electronics,Camera,149.14666666666668,3,447.44,58.4,0.13052029322367245
1980,2023,2023Q2,2023-04,2023-04-29,West,Accessories,Keyboard,1017.1283333333334,6,6102.77,364.82,0.05977941164422057
1981,2024,2024Q2,2024-04,2024-04-03,South,Electronics,Camera,565.021111111111,9,5085.19,1372.83,0.2699663139430385
1982,2024,2024Q3,2024-08,2024-08-16,North,Electronics,Laptop,434.06142857142856,14,6076.86,317.64,0.05227041597140629
1983,2024,2024Q1,2024-03,2024-03-11,West,Accessories,Headphones,882.42,1,882.42,215.24,0.24392012873688268
1984,2023,2023Q1,2023-03,2023-03-15,West,Accessories,Monitor,415.14166666666665,6,2490.85,720.06,0.2890820402673786
1985,2024,2024Q3,2024-08,2024-08-05,North,Electronics,Camera,635.35,1,635.35,101.09,0.15910915243566537
1986,2024,2024Q3,2024-07,2024-07-05,East,Electronics,Laptop,1083.71,1,1083.71,152.5,0.14072030340220168
1987,2023,2023Q3,2023-08,2023-08-10,West,Accessories,Keyboard,120.04,3,360.12,72.13,0.20029434632900142
1988,2022,2022Q2,2022-04,2022-04-09,North,Electronics,Smartwatch,207.01666666666665,6,1242.1,87.37,0.07034055229047581
1989,2023,2023Q3,2023-08,2023-08-02,West,Electronics,Smartwatch,1169.17,5,5845.85,978.75,0.1674264649281114
1990,2023,2023Q1,2023-03,2023-03-29,West,Electronics,Smartwatch,835.77,1,835.77,131.7,0.15757923830718976
1991,2022,2022Q2,2022-05,2022-05-16,South,Accessories,Monitor,1157.36,2,2314.72,305.42,0.1319468445427525
1992,2023,2023Q1,2023-02,2023-02-04,East,Electronics,Smartwatch,863.0757142857143,7,6041.53,776.09,0.12845918169735152
1993,2022,2022Q1,2022-03,2022-03-23,North,Accessories,Mouse,184.675,1,184.675,9.61,0.0520373629348856
1994,2022,2022Q3,2022-08,2022-08-12,West,Electronics,Tablet,327.11,5,1635.55,321.84,0.19677784231604045
1995,2022,2022Q2,2022-04,2022-04-07,West,Accessories,Keyboard,1033.68,1,1033.68,232.695,0.22511318783375897
1996,2022,2022Q1,2022-03,2022-03-04,West,Electronics,Smartphone,1188.0249999999999,6,7128.15,544.54,0.07639289296661826
1997,2022,2022Q2,2022-06,2022-06-18,West,Electronics,Smartphone,1004.005,8,8032.04,1987.82,0.24748631729921663
1998,2024,2024Q4,2024-12,2024-12-16,South,Electronics,Camera,188.16,2,376.32,99.16,0.26349914965986393
1999,2024,2024Q2,2024-06,2024-06-22,South,Electronics,Smartphone,592.0342857142857,7,4144.24,426.39,0.10288738103970813
2000,2024,2024Q4,2024-11,2024-11-04,South,Electronics,Camera,557.0475,4,2228.19,293.25,0.13160906385900664
2001,2022,2022Q4,2022-11,2022-11-15,West,Electronics,Tablet,1178.48,1,1178.48,182.76,0.15508112144457267
2002,2024,2024Q2,2024-04,2024-04-27,North,Accessories,Mouse,501.054,5,2505.27,303.61,0.12118853456912829
2003,2024,2024Q1,2024-02,2024-02-28,West,Electronics,Smartwatch,468.025,4,1872.1,418.05,0.2233053789861653
2004,2023,2023Q4,2023-12,2023-12-29,West,Office,Printer,170.075,2,340.15,59.56,0.1750992209319418
2005,2023,2023Q1,2023-03,2023-03-08,West,Electronics,Laptop,589.49,2,1178.98,317.7,0.2694702200206958
2006,2023,2023Q4,2023-12,2023-12-12,West,Electronics,Laptop,866.2366666666667,3,2598.71,560.82,0.21580707350954897
2007,2022,2022Q1,2022-02,2022-02-17,North,Electronics,Tablet,502.08,1,502.08,92.31,0.18385516252390058
2008,2024,2024Q1,2024-01,2024-01-24,South,Electronics,Laptop,1192.1233333333332,6,7152.74,1092.88,0.15279179726929823
2009,2023,2023Q1,2023-02,2023-02-07,East,Accessories,Keyboard,1206.5,1,1206.5,234.135,0.19406133443845835
2010,2022,2022Q1,2022-02,2022-02-03,West,Accessories,Keyboard,1058.28,2,2116.56,159.3,0.07526363533280418
2011,2024,2024Q4,2024-12,2024-12-16,North,Electronics,Laptop,707.36,1,707.36,100.16,0.14159692377290206
2012,2022,2022Q4,2022-11,2022-11-11,South,Accessories,Mouse,82.12875,4,328.515,54.695,0.16649163660715646
2013,2024,2024Q4,2024-10,2024-10-14,South,Electronics,Laptop,1069.1680000000001,10,10691.68,2120.92,0.19837106984122233
2014,2024,2024Q1,2024-01,2024-01-27,South,Electronics,Tablet,504.11625,8,4032.93,251.05,0.06225002665555812
2015,2022,2022Q3,2022-08,2022-08-30,South,Electronics,Camera,960.0525,4,3840.21,552.57,0.14389056848453602
2016,2023,2023Q1,2023-01,2023-01-23,East,Accessories,Monitor,115.102,5,575.51,47.35,0.08227485187051485
2017,2023,2023Q1,2023-01,2023-01-02,West,Electronics,Laptop,1035.04,9,9315.36,1808.68,0.19416104154858213
2018,2024,2024Q4,2024-11,2024-11-25,East,Accessories,Mouse,489.00857142857143,7,3423.06,435.06,0.12709680811905139
2019,2023,2023Q4,2023-11,2023-11-07,South,Accessories,Monitor,657.1416666666667,6,3942.85,748.74,0.18989817010538063
2020,2024,2024Q3,2024-07,2024-07-15,South,Electronics,Laptop,287.25,4,1149.0,140.32,0.12212358572671889
2021,2022,2022Q1,2022-03,2022-03-02,North,Accessories,Headphones,136.1357142857143,7,952.95,215.51,0.22615037515084735
2022,2023,2023Q4,2023-11,2023-11-25,West,Electronics,Smartphone,1010.0377777777778,9,9090.34,937.69,0.10315235733756933
2023,2022,2022Q2,2022-05,2022-05-10,West,Electronics,Tablet,583.29,2,1166.58,170.11,0.14581940372713403
2024,2024,2024Q1,2024-01,2024-01-09,South,Accessories,Keyboard,1462.82,1,1462.82,216.975,0.1483265200092971
2025,2023,2023Q4,2023-12,2023-12-25,South,Electronics,Camera,691.15,5,3455.75,867.55,0.25104535918396875
2026,2022,2022Q4,2022-12,2022-12-06,North,Electronics,Smartphone,807.405,4,3229.62,662.6,0.20516345576259748
2027,2024,2024Q3,2024-08,2024-08-07,West,Accessories,Mouse,253.0885714285714,7,1771.62,171.26,0.09666858581411364
2028,2024,2024Q3,2024-09,2024-09-25,East,Accessories,Mouse,1057.5625,4,4230.25,757.53,0.17907452278234146
2029,2024,2024Q1,2024-02,2024-02-02,North,Electronics,Laptop,366.1566666666667,12,4393.88,1144.34,0.26043952042386226
2030,2024,2024Q3,2024-07,2024-07-05,East,Accessories,Keyboard,848.37,2,1696.74,500.56,0.2950127892311138
2031,2024,2024Q4,2024-10,2024-10-19,North,Accessories,Keyboard,917.6025,2,1835.205,395.335,0.21541735119509808
2032,2024,2024Q4,2024-10,2024-10-10,South,Accessories,Keyboard,734.065,2,1468.13,102.275,0.06966344942205391
2033,2024,2024Q1,2024-01,2024-01-29,West,Accessories,Monitor,1033.098,5,5165.49,283.6,0.05490282625656037
2034,2024,2024Q3,2024-09,2024-09-06,East,Electronics,Camera,1188.022,5,5940.11,467.31,0.07867026031504468
2035,2023,2023Q2,2023-06,2023-06-07,East,Electronics,Smartwatch,444.06166666666667,6,2664.37,520.3,0.19528068549037858
2036,2024,2024Q3,2024-08,2024-08-22,North,Accessories,Headphones,335.1025,4,1340.41,309.8,0.23112331301616668
2037,2022,2022Q4,2022-10,2022-10-15,East,Accessories,Monitor,1073.091111111111,9,9657.82,1233.47,0.12771722811152
2038,2022,2022Q2,2022-06,2022-06-28,North,Electronics,Camera,324.09625,8,2592.77,191.66,0.07392094169556111
2039,2023,2023Q2,2023-06,2023-06-10,West,Electronics,Camera,292.0175,4,1168.07,135.36,0.11588346588817452
2040,2023,2023Q1,2023-03,2023-03-23,South,Accessories,Headphones,740.0225,8,5920.18,1241.27,0.20966761145775972
2041,2022,2022Q1,2022-02,2022-02-17,West,Electronics,Smartphone,1130.15,4,4520.6,536.94,0.1187762686369066
2042,2024,2024Q1,2024-03,2024-03-29,North,Accessories,Headphones,91.11500000000001,6,546.69,79.94,0.1462254659862079
2043,2024,2024Q4,2024-12,2024-12-02,East,Electronics,Laptop,839.73,2,1679.46,457.44,0.2723732628344825
2044,2024,2024Q3,2024-07,2024-07-24,South,Electronics,Tablet,647.02375,8,5176.19,619.45,0.11967296409134906
2045,2023,2023Q2,2023-04,2023-04-02,West,Electronics,Laptop,70.0225,4,280.09,24.9,0.08889999642971902
2046,2024,2024Q4,2024-12,2024-12-28,North,Accessories,Monitor,233.06666666666666,9,2097.6,210.59,0.10039569031273837
2047,2024,2024Q2,2024-05,2024-05-24,West,Accessories,Mouse,772.1,3,2316.3,399.58,0.17250787894486896
2048,2023,2023Q1,2023-02,2023-02-09,North,Accessories,Keyboard,272.225,4,1088.9,283.61,0.2604555055560657
2049,2023,2023Q3,2023-09,2023-09-17,North,Electronics,Camera,657.425,2,1314.85,391.55,0.2977906225044682
2050,2023,2023Q2,2023-05,2023-05-07,North,Accessories,Mouse,995.05125,4,3980.205,402.055,0.10101364125717142
2051,2023,2023Q4,2023-11,2023-11-22,North,Office,Printer,357.12375,8,2856.99,350.32,0.12261856009296498
2052,2022,2022Q2,2022-06,2022-06-16,West,Electronics,Smartwatch,420.125,4,1680.5,385.92,0.22964593870871766
2053,2024,2024Q4,2024-11,2024-11-20,North,Accessories,Monitor,1116.1925,4,4464.77,1069.63,0.239571131323674
2054,2023,2023Q2,2023-06,2023-06-08,East,Electronics,Smartphone,490.1166666666666,6,2940.7,184.97,0.06289998979834734
2055,2022,2022Q2,2022-06,2022-06-12,West,Accessories,Monitor,159.05875,8,1272.47,344.45,0.2706940045737817
2056,2022,2022Q3,2022-09,2022-09-06,North,Accessories,Monitor,1051.1866666666667,3,3153.56,563.56,0.17870597039536268
2057,2024,2024Q1,2024-03,2024-03-23,West,Electronics,Smartphone,634.0025,4,2536.01,285.72,0.11266517087866373
2058,2022,2022Q1,2022-03,2022-03-16,South,Electronics,Tablet,836.3133333333334,3,2508.94,431.53,0.17199693894632792
2059,2024,2024Q4,2024-10,2024-10-18,East,Electronics,Tablet,123.06,1,123.06,12.36,0.10043881033642126
2060,2023,2023Q3,2023-07,2023-07-30,South,Electronics,Smartphone,793.3166666666666,3,2379.95,148.68,0.06247190067018216
2061,2023,2023Q2,2023-05,2023-05-31,West,Electronics,Smartwatch,1006.0333333333333,9,9054.3,644.36,0.0711661862319561
2062,2022,2022Q4,2022-12,2022-12-21,East,Electronics,Smartphone,393.55,1,393.55,41.05,0.10430694956168211
2063,2024,2024Q3,2024-08,2024-08-19,East,Office,Printer,154.37,2,308.74,35.32,0.11440046641186759
2064,2024,2024Q4,2024-10,2024-10-26,South,Electronics,Tablet,980.0799999999999,5,4900.4,347.25,0.07086156232144315
2065,2024,2024Q3,2024-08,2024-08-24,South,Electronics,Laptop,927.82,1,927.82,103.95,0.11203681748615033
2066,2023,2023Q4,2023-11,2023-11-23,East,Accessories,Keyboard,266.22,1,266.22,22.42,0.08421606190368867
2067,2024,2024Q3,2024-07,2024-07-20,East,Electronics,Smartwatch,409.005,8,3272.04,460.82,0.14083568660529822
2068,2022,2022Q4,2022-12,2022-12-10,East,Accessories,Mouse,870.1479999999999,5,4350.74,688.77,0.15831099996782158
2069,2024,2024Q2,2024-05,2024-05-24,North,Electronics,Laptop,71.32666666666667,6,427.96,61.36,0.1433778857837181
2070,2023,2023Q4,2023-10,2023-10-25,East,Electronics,Smartphone,807.29,4,3229.16,752.62,0.23306990053140755
2071,2023,2023Q1,2023-02,2023-02-09,West,Accessories,Mouse,779.10125,8,6232.81,499.63,0.08016127557233414
2072,2023,2023Q1,2023-02,2023-02-03,North,Office,Printer,966.04,4,3864.16,717.45,0.18566777773177096
2073,2023,2023Q1,2023-02,2023-02-01,East,Accessories,Mouse,824.1016666666666,3,2472.305,379.23,0.15339126847213433
2074,2023,2023Q4,2023-11,2023-11-16,South,Office,Printer,1170.0025,4,4680.01,301.91,0.06451054591763693
2075,2022,2022Q1,2022-01,2022-01-29,South,Accessories,Mouse,264.0075,8,2112.06,418.58,0.1981856576044241
2076,2022,2022Q2,2022-04,2022-04-24,East,Accessories,Monitor,1190.1083333333333,6,7140.65,869.93,0.12182784480404445
2077,2022,2022Q3,2022-08,2022-08-12,East,Accessories,Mouse,98.0475,4,392.19,39.23,0.10002804762997526
2078,2024,2024Q4,2024-10,2024-10-02,South,Electronics,Laptop,602.195,8,4817.56,1443.6,0.29965376663705273
2079,2023,2023Q3,2023-09,2023-09-13,East,Accessories,Monitor,1008.315,2,2016.63,151.4,0.07507574517883796
2080,2022,2022Q3,2022-07,2022-07-25,South,Accessories,Monitor,116.215,4,464.86,47.93,0.1031063115776793
2081,2023,2023Q4,2023-12,2023-12-09,East,Accessories,Headphones,832.11,1,832.11,227.11,0.2729326651524438
2082,2022,2022Q2,2022-04,2022-04-23,East,Electronics,Smartphone,300.49,2,600.98,91.62,0.1524509967053812
2083,2024,2024Q3,2024-07,2024-07-06,North,Accessories,Monitor,476.03833333333336,6,2856.23,226.53,0.07931083981332035
2084,2022,2022Q4,2022-12,2022-12-10,West,Electronics,Tablet,676.108,5,3380.54,287.05,0.08491246960544765
2085,2022,2022Q4,2022-10,2022-10-14,North,Electronics,Camera,722.73,1,722.73,49.7,0.06876703609923485
2086,2024,2024Q4,2024-11,2024-11-23,South,Electronics,Laptop,1149.08,8,9192.64,1894.9,0.2061322971420615
2087,2023,2023Q2,2023-04,2023-04-08,West,Accessories,Keyboard,147.0475,4,588.19,156.79,0.2665635253914551
2088,2022,2022Q3,2022-07,2022-07-21,North,Electronics,Camera,322.14,2,644.28,45.72,0.07096293536971503
2089,2022,2022Q4,2022-11,2022-11-07,West,Electronics,Smartphone,68.01625,16,1088.26,81.56,0.07494532556558176
2090,2023,2023Q2,2023-05,2023-05-30,East,Accessories,Monitor,293.155,2,586.31,101.64,0.17335539219866625
2091,2022,2022Q2,2022-04,2022-04-30,North,Accessories,Keyboard,767.184,5,3835.92,229.11,0.05972752299318026
2092,2023,2023Q2,2023-05,2023-05-11,South,Accessories,Keyboard,125.04333333333335,9,1125.39,138.49,0.12305956157420983
2093,2023,2023Q3,2023-09,2023-09-11,South,Electronics,Camera,1133.17,3,3399.51,489.36,0.1439501575227018
2094,2022,2022Q1,2022-03,2022-03-03,East,Accessories,Monitor,895.1350000000001,6,5370.81,1501.06,0.27948484493028053
2095,2024,2024Q1,2024-03,2024-03-30,West,Accessories,Keyboard,1165.595,1,1165.595,209.63,0.17984806043265456
2096,2022,2022Q2,2022-06,2022-06-27,East,Electronics,Laptop,1192.081111111111,9,10728.73,1967.84,0.1834177950232693
2097,2024,2024Q4,2024-11,2024-11-04,West,Accessories,Monitor,509.09777777777776,9,4581.88,250.06,0.054575850960741
2098,2024,2024Q4,2024-10,2024-10-01,North,Electronics,Camera,358.28999999999996,3,1074.87,240.44,0.22369216742489792
2099,2023,2023Q2,2023-06,2023-06-17,West,Electronics,Tablet,1143.1325,4,4572.53,1199.49,0.26232523351405024
2100,2024,2024Q2,2024-05,2024-05-04,South,Accessories,Mouse,453.275,2,906.55,59.06,0.06514808890849925
2101,2023,2023Q2,2023-04,2023-04-22,South,Accessories,Headphones,226.1357142857143,7,1582.95,278.14,0.17570990871474146
2102,2024,2024Q1,2024-01,2024-01-31,West,Accessories,Mouse,551.03,3,1653.09,108.455,0.06560743819150802
2103,2023,2023Q3,2023-08,2023-08-12,South,Electronics,Laptop,306.125,4,1224.5,348.91,0.28494079216006535
2104,2023,2023Q1,2023-02,2023-02-08,South,Electronics,Camera,803.1385714285715,7,5621.97,1390.73,0.2473741410928909
2105,2024,2024Q1,2024-01,2024-01-16,West,Electronics,Tablet,161.15166666666667,6,966.91,246.21,0.2546359019970835
2106,2023,2023Q3,2023-08,2023-08-02,West,Electronics,Tablet,192.08888888888887,9,1728.8,179.64,0.10391022674687644
2107,2024,2024Q1,2024-01,2024-01-13,West,Accessories,Mouse,767.29625,4,3069.185,739.285,0.24087339147037404
2108,2024,2024Q4,2024-11,2024-11-20,South,Accessories,Monitor,241.0575,4,964.23,184.03,0.1908569532165562
2109,2023,2023Q4,2023-10,2023-10-13,South,Electronics,Smartphone,671.0871428571428,14,9395.22,1952.52,0.20782057258903996
2110,2022,2022Q2,2022-05,2022-05-09,West,Electronics,Smartphone,616.31,4,2465.24,311.04,0.12617027145430063
2111,2022,2022Q4,2022-12,2022-12-21,West,Accessories,Monitor,912.0600000000001,7,6384.42,734.79,0.11509111242681402
2112,2024,2024Q4,2024-11,2024-11-22,West,Accessories,Mouse,195.09,2,390.18,81.36,0.20851914500999538
2113,2024,2024Q1,2024-03,2024-03-26,South,Accessories,Headphones,341.1014285714286,7,2387.71,463.92,0.1942949520670433
2114,2023,2023Q4,2023-10,2023-10-20,East,Accessories,Keyboard,282.09625,8,2256.77,316.77,0.14036432600575158
2115,2024,2024Q2,2024-06,2024-06-06,North,Accessories,Monitor,974.04,8,7792.32,913.12,0.1171820459118722
2116,2023,2023Q2,2023-05,2023-05-24,East,Electronics,Laptop,493.085,8,3944.68,296.35,0.07512649948791791
2117,2023,2023Q4,2023-12,2023-12-17,South,Electronics,Smartphone,411.26,4,1645.04,366.9,0.2230340903564655
2118,2024,2024Q2,2024-06,2024-06-20,North,Accessories,Headphones,654.2333333333333,3,1962.7,469.94,0.2394354715443012
2119,2023,2023Q2,2023-06,2023-06-20,North,Electronics,Tablet,990.47,2,1980.94,125.99,0.06360111866083779
2120,2024,2024Q4,2024-12,2024-12-08,West,Accessories,Headphones,999.0075,4,3996.03,965.26,0.24155474308250938
2121,2022,2022Q3,2022-07,2022-07-18,North,Electronics,Smartwatch,663.76,1,663.76,183.82,0.2769374472700976
2122,2023,2023Q4,2023-10,2023-10-05,South,Electronics,Laptop,575.46,1,575.46,104.31,0.18126368470441037
2123,2023,2023Q3,2023-09,2023-09-04,South,Electronics,Tablet,187.33,1,187.33,33.76,0.1802167298350504
2124,2023,2023Q3,2023-08,2023-08-01,East,Electronics,Tablet,888.0985714285714,7,6216.69,378.24,0.06084266707846137
2125,2022,2022Q1,2022-03,2022-03-05,South,Electronics,Camera,189.15,1,189.15,19.02,0.10055511498810467
2126,2022,2022Q3,2022-08,2022-08-13,South,Electronics,Tablet,179.205,2,358.41,41.46,0.11567757596049216
2127,2022,2022Q2,2022-04,2022-04-17,North,Accessories,Keyboard,1032.1383333333333,6,6192.83,316.23,0.05106389162951349
2128,2023,2023Q2,2023-05,2023-05-25,East,Electronics,Tablet,626.0271428571428,7,4382.19,592.46,0.1351972415618675
2129,2024,2024Q4,2024-10,2024-10-20,East,Accessories,Keyboard,561.27,2,1122.54,100.78,0.08977853795855828
2130,2022,2022Q2,2022-06,2022-06-21,North,Electronics,Laptop,1024.0025,8,8192.02,2081.72,0.254115590538109
2131,2022,2022Q3,2022-08,2022-08-22,South,Electronics,Laptop,443.05,6,2658.3,200.79,0.07553323552646428
2132,2023,2023Q1,2023-03,2023-03-17,West,Electronics,Tablet,101.14166666666667,6,606.85,127.68,0.21039795666144848
2133,2024,2024Q4,2024-11,2024-11-02,South,Accessories,Monitor,56.08625,8,448.69,45.43,0.10125030644765874
2134,2022,2022Q1,2022-02,2022-02-13,South,Electronics,Tablet,324.14833333333337,6,1944.89,366.18,0.18827800029821737
2135,2022,2022Q1,2022-02,2022-02-07,South,Accessories,Monitor,286.1433333333333,6,1716.86,302.09,0.17595494099693626
2136,2022,2022Q2,2022-05,2022-05-05,South,Electronics,Camera,497.145,6,2982.87,445.01,0.14918853319118835
2137,2023,2023Q4,2023-11,2023-11-23,North,Electronics,Smartwatch,291.06666666666666,6,1746.4,289.2,0.16559780119102152
2138,2024,2024Q1,2024-02,2024-02-23,West,Accessories,Headphones,947.0716666666667,6,5682.43,1365.87,0.24036723725589226
2139,2023,2023Q3,2023-07,2023-07-08,West,Electronics,Tablet,629.1866666666666,3,1887.56,363.42,0.1925342770560936
2140,2024,2024Q4,2024-10,2024-10-29,East,Electronics,Smartphone,859.0142857142857,7,6013.1,1544.51,0.25685752773112036
2141,2024,2024Q1,2024-01,2024-01-05,North,Electronics,Smartwatch,789.065,2,1578.13,463.58,0.29375273266460933
2142,2022,2022Q3,2022-08,2022-08-19,South,Electronics,Camera,95.27333333333333,3,285.82,38.37,0.13424532922818558
2143,2023,2023Q1,2023-01,2023-01-27,West,Electronics,Laptop,908.025,12,10896.3,1927.64,0.17690775767921224
2144,2022,2022Q4,2022-11,2022-11-03,West,Accessories,Keyboard,352.18875,4,1408.755,216.335,0.15356467235253823
2145,2023,2023Q3,2023-08,2023-08-09,South,Electronics,Smartwatch,137.415,2,274.83,42.37,0.15416803114652694
2146,2023,2023Q3,2023-09,2023-09-25,South,Accessories,Keyboard,1068.03,6,6408.18,885.71,0.13821553077472856
2147,2024,2024Q4,2024-12,2024-12-10,West,Electronics,Tablet,754.1766666666667,3,2262.53,245.66,0.10857756582233162
2148,2024,2024Q1,2024-01,2024-01-04,South,Electronics,Camera,647.03625,8,5176.29,1400.82,0.27062239557675477
2149,2023,2023Q3,2023-09,2023-09-16,North,Accessories,Keyboard,302.06,5,1510.3,331.76,0.21966496722505463
2150,2023,2023Q4,2023-12,2023-12-31,North,Electronics,Smartphone,603.0933333333334,18,10855.68,1462.66,0.13473683822662422
2151,2022,2022Q2,2022-04,2022-04-09,South,Electronics,Smartwatch,1140.03,4,4560.12,507.87,0.11137206915607484
2152,2023,2023Q2,2023-05,2023-05-03,South,Electronics,Tablet,350.07,6,2100.42,268.4,0.12778396701612058
2153,2024,2024Q2,2024-05,2024-05-10,North,Electronics,Laptop,1054.83,1,1054.83,288.15,0.27317198031910356
2154,2022,2022Q3,2022-07,2022-07-14,North,Electronics,Camera,57.092222222222226,9,513.83,151.87,0.29556468092559796
2155,2024,2024Q2,2024-04,2024-04-29,South,Accessories,Headphones,1122.39,2,2244.78,353.83,0.15762346421475598
2156,2024,2024Q1,2024-02,2024-02-22,North,Electronics,Smartphone,357.094,5,1785.47,134.95,0.07558233966406604
2157,2023,2023Q2,2023-06,2023-06-24,South,Accessories,Keyboard,145.18599999999998,5,725.93,77.91,0.10732439766919676
2158,2024,2024Q4,2024-11,2024-11-13,North,Electronics,Smartphone,629.0075,8,5032.06,1378.58,0.2739593725035075
2159,2023,2023Q2,2023-05,2023-05-29,East,Accessories,Monitor,782.05,8,6256.4,1152.99,0.18428968736014323
2160,2023,2023Q2,2023-06,2023-06-11,North,Electronics,Camera,226.405,2,452.81,74.34,0.16417481946070095
2161,2022,2022Q1,2022-03,2022-03-05,South,Electronics,Laptop,755.092857142857,14,10571.3,2677.16,0.25324794490743807
2162,2023,2023Q1,2023-03,2023-03-19,North,Electronics,Smartphone,812.015,12,9744.18,1573.58,0.1614892171532135
2163,2023,2023Q3,2023-08,2023-08-22,East,Accessories,Keyboard,499.146,5,2495.73,164.56,0.06593661974652706
2164,2022,2022Q1,2022-02,2022-02-19,West,Accessories,Monitor,442.28,1,442.28,82.73,0.18705345030297552
2165,2022,2022Q2,2022-04,2022-04-08,East,Accessories,Keyboard,882.18,2,1764.36,205.75,0.11661452311319687
2166,2024,2024Q2,2024-06,2024-06-10,North,Electronics,Laptop,1111.0342857142857,7,7777.24,746.84,0.0960289254285582
2167,2022,2022Q4,2022-11,2022-11-05,South,Electronics,Smartwatch,502.0625,4,2008.25,451.68,0.22491223702228308
2168,2022,2022Q2,2022-05,2022-05-03,North,Accessories,Mouse,298.32,1,298.32,20.685,0.06933829444891391
2169,2024,2024Q2,2024-06,2024-06-16,South,Accessories,Keyboard,315.23,1,315.23,43.035,0.13651936681153443
2170,2024,2024Q3,2024-07,2024-07-05,North,Electronics,Camera,1024.1116666666667,6,6144.67,754.18,0.12273726660666887
2171,2023,2023Q4,2023-12,2023-12-03,North,Accessories,Monitor,140.36,1,140.36,24.21,0.17248503847249927
2172,2024,2024Q3,2024-08,2024-08-06,West,Accessories,Mouse,192.195,2,384.39,99.02,0.2576029553318244
2173,2022,2022Q1,2022-01,2022-01-18,East,Office,Printer,540.0728571428572,7,3780.51,351.51,0.09297951863637445
2174,2023,2023Q1,2023-02,2023-02-28,West,Accessories,Monitor,721.0714285714286,7,5047.5,915.75,0.1814264487369985
2175,2023,2023Q4,2023-10,2023-10-14,West,Accessories,Mouse,66.065,4,264.26,26.955,0.10200181639294634
2176,2022,2022Q2,2022-06,2022-06-23,East,Accessories,Keyboard,813.38875,4,3253.555,522.57,0.16061508104212163
2177,2023,2023Q2,2023-06,2023-06-02,South,Electronics,Camera,841.0771428571428,7,5887.54,1035.5,0.175879909096159
2178,2022,2022Q1,2022-03,2022-03-12,South,Electronics,Laptop,241.23666666666668,6,1447.42,230.5,0.15924887040389105
2179,2023,2023Q2,2023-06,2023-06-03,North,Accessories,Mouse,1136.08,2,2272.16,504.72,0.2221322442081544
2180,2023,2023Q3,2023-09,2023-09-14,North,Electronics,Camera,373.03,8,2984.24,631.81,0.21171554566656836
2181,2022,2022Q2,2022-04,2022-04-28,East,Electronics,Smartphone,303.05,4,1212.2,301.9,0.24905131166474176
2182,2022,2022Q2,2022-04,2022-04-08,West,Accessories,Monitor,85.11,2,170.22,48.69,0.2860415932322876
2183,2023,2023Q1,2023-02,2023-02-27,West,Electronics,Smartwatch,225.015,6,1350.09,356.88,0.2643379330266871
2184,2022,2022Q4,2022-11,2022-11-28,South,Accessories,Headphones,625.01,4,2500.04,467.34,0.18693300907185484
2185,2022,2022Q1,2022-02,2022-02-11,North,Electronics,Camera,1162.145,4,4648.58,689.85,0.14840015660696385
2186,2022,2022Q3,2022-09,2022-09-14,North,Accessories,Monitor,769.075,2,1538.15,97.15,0.06316028995871664
2187,2024,2024Q2,2024-06,2024-06-15,East,Electronics,Smartwatch,982.02,4,3928.08,325.32,0.08281908718763366
2188,2022,2022Q2,2022-06,2022-06-09,West,Accessories,Monitor,332.10777777777776,9,2988.97,447.93,0.14986098890253166
2189,2023,2023Q2,2023-04,2023-04-07,South,Accessories,Headphones,517.10625,8,4136.85,810.82,0.19599937150247168
2190,2023,2023Q4,2023-10,2023-10-22,South,Accessories,Mouse,600.9416666666667,3,1802.825,193.91,0.10755896994993967
2191,2023,2023Q3,2023-08,2023-08-10,West,Electronics,Smartwatch,552.1066666666667,3,1656.32,469.28,0.2833268933539413
2192,2024,2024Q3,2024-09,2024-09-04,South,Accessories,Keyboard,671.02375,8,5368.19,542.52,0.10106199668789667
2193,2024,2024Q1,2024-01,2024-01-22,East,Electronics,Laptop,339.2075,4,1356.83,374.79,0.2762247297008469
2194,2024,2024Q2,2024-06,2024-06-26,South,Office,Printer,221.11166666666668,6,1326.67,338.66,0.25527071540021257
2195,2024,2024Q2,2024-05,2024-05-10,South,Accessories,Headphones,1166.245,4,4664.98,294.05,0.0630334963922675
2196,2023,2023Q4,2023-12,2023-12-04,North,Electronics,Laptop,441.02875,8,3528.23,593.11,0.1681041201962457
2197,2023,2023Q1,2023-03,2023-03-19,West,Accessories,Mouse,748.79,1,748.79,95.295,0.12726532138516808
2198,2023,2023Q2,2023-04,2023-04-21,North,Electronics,Tablet,876.0133333333333,3,2628.04,781.94,0.297537328198962
2199,2022,2022Q4,2022-11,2022-11-12,West,Electronics,Laptop,0.3166666666666667,168,53.2,6.0,0.11278195488721804
2200,2022,2022Q3,2022-08,2022-08-02,South,Accessories,Monitor,172.04714285714286,7,1204.33,317.12,0.263316532843988
2201,2024,2024Q2,2024-05,2024-05-12,West,Electronics,Tablet,231.05375,8,1848.43,351.02,0.18990170036192874
2202,2024,2024Q2,2024-05,2024-05-24,South,Electronics,Tablet,558.0975,4,2232.39,531.12,0.2379154180049185
2203,2024,2024Q4,2024-12,2024-12-19,West,Accessories,Mouse,865.0633333333334,6,5190.38,898.86,0.17317807174041208
2204,2022,2022Q1,2022-01,2022-01-28,West,Electronics,Smartphone,610.32,3,1830.96,403.42,0.22033250316773714
2205,2022,2022Q4,2022-11,2022-11-01,South,Electronics,Smartwatch,332.0028571428571,7,2324.02,611.7,0.26320771766163803
2206,2023,2023Q2,2023-06,2023-06-04,North,Accessories,Keyboard,971.34,2,1942.68,235.42,0.12118310787160004
2207,2022,2022Q4,2022-10,2022-10-22,South,Electronics,Smartwatch,715.0633333333333,9,6435.57,1096.88,0.1704402251859587
2208,2022,2022Q1,2022-03,2022-03-29,North,Accessories,Mouse,584.11,2,1168.22,172.18,0.14738662238277037
2209,2022,2022Q3,2022-08,2022-08-26,South,Electronics,Tablet,818.0944444444444,9,7362.85,441.36,0.05994417922407763
2210,2023,2023Q4,2023-10,2023-10-17,West,Electronics,Smartwatch,431.355,2,862.71,105.97,0.12283386074115288
2211,2023,2023Q4,2023-10,2023-10-25,West,Accessories,Mouse,956.12,1,956.12,167.16,0.17483161109484166
2212,2022,2022Q2,2022-06,2022-06-07,West,Electronics,Smartphone,634.0228571428571,14,8876.32,1540.6,0.17356291796600393
2213,2023,2023Q4,2023-10,2023-10-10,East,Accessories,Keyboard,121.615,4,486.46,50.0,0.10278337376146035
2214,2022,2022Q3,2022-09,2022-09-02,West,Accessories,Keyboard,908.09,1,908.09,64.62,0.07116034754264446
2215,2023,2023Q2,2023-04,2023-04-25,East,Accessories,Monitor,149.1575,4,596.63,105.89,0.17748018034627827
2216,2024,2024Q1,2024-03,2024-03-24,East,Accessories,Mouse,137.03777777777776,9,1233.34,346.9,0.2812687498986492
2217,2023,2023Q1,2023-01,2023-01-09,West,Accessories,Headphones,1055.34,1,1055.34,88.61,0.0839634620122425
2218,2022,2022Q4,2022-11,2022-11-13,East,Electronics,Tablet,476.49,2,952.98,112.39,0.11793531868454742
2219,2022,2022Q1,2022-02,2022-02-12,South,Electronics,Tablet,147.26,2,294.52,35.05,0.11900719815292679
2220,2022,2022Q1,2022-03,2022-03-28,North,Electronics,Smartwatch,237.345,2,474.69,120.91,0.2547136025616718
2221,2023,2023Q2,2023-06,2023-06-02,East,Electronics,Camera,394.335,2,788.67,195.15,0.2474418958499753
2222,2022,2022Q2,2022-05,2022-05-15,North,Accessories,Mouse,345.08,8,2760.64,156.53,0.05670062014605309
2223,2023,2023Q4,2023-10,2023-10-14,North,Electronics,Laptop,227.07,8,1816.56,439.58,0.24198485048663407
2224,2022,2022Q4,2022-10,2022-10-17,East,Electronics,Smartphone,593.86,2,1187.72,266.02,0.223975347725053
2225,2023,2023Q3,2023-07,2023-07-16,South,Accessories,Headphones,283.0183333333333,6,1698.11,193.42,0.11390310403919651
2226,2022,2022Q3,2022-08,2022-08-11,West,Electronics,Laptop,876.074,5,4380.37,275.84,0.06297184940998135
2227,2023,2023Q2,2023-06,2023-06-11,West,Electronics,Camera,618.08,4,2472.32,594.62,0.2405109370955216
2228,2024,2024Q2,2024-04,2024-04-01,East,Electronics,Smartphone,499.1,4,1996.4,396.63,0.19867261069925865
2229,2024,2024Q4,2024-12,2024-12-25,West,Electronics,Camera,505.046,5,2525.23,699.74,0.27709951172764463
2230,2024,2024Q3,2024-07,2024-07-16,South,Accessories,Keyboard,286.23333333333335,3,858.7,246.86,0.2874810760451846
2231,2022,2022Q4,2022-12,2022-12-14,North,Accessories,Keyboard,527.72,4,2110.88,619.3,0.293384749488365
2232,2023,2023Q1,2023-02,2023-02-16,East,Electronics,Tablet,429.29,2,858.58,73.49,0.08559481935288499
2233,2024,2024Q4,2024-12,2024-12-05,North,Accessories,Keyboard,776.6,1,776.6,172.19,0.2217228946690703
2234,2023,2023Q3,2023-08,2023-08-23,North,Electronics,Laptop,522.09,7,3654.63,871.81,0.23854945644292305
2235,2024,2024Q1,2024-02,2024-02-14,East,Accessories,Headphones,128.26333333333335,3,384.79,45.99,0.11951973803893032
2236,2024,2024Q3,2024-07,2024-07-04,North,Accessories,Mouse,648.82,3,1946.46,175.285,0.09005322482866332
2237,2024,2024Q1,2024-02,2024-02-26,East,Electronics,Tablet,879.2166666666667,3,2637.65,468.6,0.17765814266487215
2238,2023,2023Q4,2023-10,2023-10-03,South,Electronics,Smartwatch,153.07166666666666,6,918.43,116.87,0.12724976318282288
2239,2024,2024Q1,2024-01,2024-01-17,West,Accessories,Monitor,1125.044,5,5625.22,1006.95,0.1790063321967852
2240,2023,2023Q2,2023-06,2023-06-02,West,Electronics,Tablet,1005.0066666666667,6,6030.04,511.7,0.08485847523399513
2241,2022,2022Q2,2022-04,2022-04-22,West,Office,Printer,54.0075,8,432.06,98.44,0.22783872610285608
2242,2024,2024Q1,2024-02,2024-02-21,South,Electronics,Laptop,314.06666666666666,12,3768.8,381.16,0.10113563999150924
2243,2024,2024Q3,2024-08,2024-08-07,North,Electronics,Smartphone,114.15666666666668,3,342.47,89.67,0.26183315326889944
2244,2023,2023Q1,2023-02,2023-02-05,South,Office,Printer,610.065,4,2440.26,410.86,0.16836730512322456
2245,2024,2024Q1,2024-01,2024-01-22,South,Accessories,Mouse,127.5175,2,255.035,41.235,0.16168369047385653
2246,2023,2023Q4,2023-10,2023-10-12,South,Electronics,Smartphone,192.06,2,384.12,32.94,0.08575445173383317
2247,2023,2023Q3,2023-09,2023-09-26,East,Accessories,Mouse,900.2175,2,1800.435,356.15,0.1978133062287725
2248,2024,2024Q2,2024-06,2024-06-01,West,Electronics,Camera,371.01714285714286,7,2597.12,766.32,0.29506530310497786
2249,2023,2023Q3,2023-08,2023-08-12,East,Electronics,Camera,193.0775,4,772.31,215.62,0.27918840879957535
2250,2023,2023Q3,2023-08,2023-08-06,West,Accessories,Mouse,323.2,1,323.2,90.25,0.2792388613861386
2251,2024,2024Q1,2024-03,2024-03-29,East,Electronics,Smartphone,421.03000000000003,7,2947.21,809.46,0.27465297688322177
2252,2023,2023Q1,2023-02,2023-02-21,South,Electronics,Laptop,176.108,10,1761.08,511.8,0.29061712131192224
2253,2022,2022Q1,2022-02,2022-02-11,West,Electronics,Camera,346.13000000000005,3,1038.39,219.69,0.21156790801144076
2254,2023,2023Q3,2023-08,2023-08-04,South,Electronics,Laptop,448.0325,8,3584.26,1013.12,0.2826580661001155
2255,2023,2023Q3,2023-08,2023-08-13,East,Electronics,Smartwatch,416.16499999999996,6,2496.99,332.08,0.13299212251550868
2256,2023,2023Q4,2023-12,2023-12-13,West,Electronics,Smartwatch,265.27333333333337,3,795.82,60.34,0.07582116559020884
2257,2023,2023Q3,2023-08,2023-08-27,South,Electronics,Tablet,430.66,1,430.66,83.33,0.19349370733293084
2258,2022,2022Q1,2022-01,2022-01-10,West,Accessories,Headphones,432.0675,4,1728.27,239.64,0.1386588901039768
2259,2022,2022Q2,2022-04,2022-04-07,South,Accessories,Monitor,611.1466666666666,3,1833.44,314.79,0.1716936469150886
2260,2024,2024Q1,2024-03,2024-03-01,South,Electronics,Smartwatch,814.21,1,814.21,197.91,0.24306996966384592
2261,2023,2023Q1,2023-03,2023-03-06,South,Office,Printer,587.09375,8,4696.75,410.03,0.08730079310161282
2262,2023,2023Q3,2023-07,2023-07-27,South,Accessories,Mouse,238.11399999999998,5,1190.57,235.64,0.1979220037461048
2263,2023,2023Q4,2023-11,2023-11-29,North,Accessories,Mouse,1012.62125,4,4050.485,1101.78,0.27201187018344714
2264,2024,2024Q2,2024-04,2024-04-06,South,Electronics,Laptop,250.04833333333332,12,3000.58,366.62,0.12218304461137514
2265,2024,2024Q3,2024-07,2024-07-26,North,Electronics,Smartwatch,150.46,2,300.92,48.69,0.16180380167486375
2266,2023,2023Q2,2023-05,2023-05-31,North,Electronics,Smartwatch,122.10111111111112,9,1098.91,106.97,0.09734191153051659
2267,2024,2024Q2,2024-05,2024-05-28,West,Accessories,Monitor,584.1,4,2336.4,509.49,0.2180662557781202
2268,2022,2022Q4,2022-10,2022-10-05,North,Electronics,Camera,82.142,5,410.71,40.96,0.09972973631029194
2269,2023,2023Q4,2023-10,2023-10-09,South,Accessories,Mouse,66.02888888888889,9,594.26,51.49,0.08664557601050046
2270,2023,2023Q3,2023-09,2023-09-20,East,Electronics,Smartwatch,109.21,2,218.42,38.93,0.17823459390165736
2271,2023,2023Q1,2023-03,2023-03-25,South,Electronics,Tablet,649.305,2,1298.61,123.9,0.09540970730242337
2272,2024,2024Q1,2024-03,2024-03-28,North,Electronics,Tablet,179.192,5,895.96,180.64,0.20161614357783827
2273,2023,2023Q3,2023-07,2023-07-31,West,Accessories,Keyboard,707.1025,4,2828.41,539.43,0.1907184601949505
2274,2023,2023Q4,2023-11,2023-11-15,West,Electronics,Tablet,271.04,3,813.12,188.94,0.2323642266824085
2275,2024,2024Q2,2024-06,2024-06-19,West,Accessories,Monitor,450.0775,4,1800.31,170.19,0.09453371919280569
2276,2024,2024Q3,2024-07,2024-07-24,West,Electronics,Tablet,99.7,1,99.7,12.79,0.12828485456369107
2277,2024,2024Q1,2024-01,2024-01-24,East,Electronics,Smartwatch,439.1166666666666,3,1317.35,71.02,0.05391126124416442
2278,2024,2024Q1,2024-03,2024-03-21,West,Electronics,Smartwatch,319.06333333333333,3,957.19,120.27,0.12564903519677387
2279,2022,2022Q1,2022-01,2022-01-17,South,Accessories,Mouse,329.085,4,1316.34,244.13,0.18546120303265115
2280,2024,2024Q4,2024-12,2024-12-20,South,Accessories,Headphones,891.0016666666667,6,5346.01,351.93,0.06583040435764242
2281,2023,2023Q1,2023-03,2023-03-07,East,Electronics,Smartphone,464.09,2,928.18,132.52,0.14277403089917906
2282,2022,2022Q3,2022-09,2022-09-28,North,Accessories,Keyboard,625.4250000000001,3,1876.275,417.67,0.22260596127966317
2283,2024,2024Q3,2024-07,2024-07-01,West,Accessories,Keyboard,327.09499999999997,3,981.285,150.785,0.1536607611448254
2284,2024,2024Q4,2024-11,2024-11-27,South,Electronics,Smartphone,385.0233333333333,12,4620.28,405.96,0.08786480473044923
2285,2023,2023Q1,2023-03,2023-03-01,East,Electronics,Tablet,757.2025,4,3028.81,685.23,0.2262373671507952
2286,2023,2023Q3,2023-07,2023-07-22,North,Accessories,Monitor,998.1066666666667,3,2994.32,877.92,0.293195116086457
2287,2024,2024Q2,2024-06,2024-06-18,South,Electronics,Tablet,1131.31,3,3393.93,313.45,0.09235605919980672
2288,2024,2024Q4,2024-11,2024-11-08,North,Electronics,Camera,403.31,3,1209.93,320.61,0.2649822717016687
2289,2022,2022Q4,2022-11,2022-11-18,East,Accessories,Keyboard,723.06625,4,2892.265,638.285,0.22068690109654543
2290,2022,2022Q1,2022-03,2022-03-10,West,Electronics,Laptop,342.10555555555555,9,3078.95,285.05,0.09258026275191218
2291,2024,2024Q4,2024-12,2024-12-14,West,Electronics,Camera,489.08000000000004,5,2445.4,146.6,0.05994929254927619
2292,2023,2023Q1,2023-02,2023-02-24,North,Accessories,Keyboard,664.11625,8,5312.93,841.13,0.15831753853335165
2293,2022,2022Q1,2022-03,2022-03-31,South,Accessories,Keyboard,657.53,1,657.53,101.85,0.15489787538211183
2294,2024,2024Q2,2024-05,2024-05-17,South,Accessories,Keyboard,1290.175,1,1290.175,86.945,0.06739008274071347
2295,2022,2022Q4,2022-10,2022-10-05,East,Electronics,Laptop,578.06375,16,9249.02,1787.48,0.19326155635948455
2296,2023,2023Q4,2023-11,2023-11-22,North,Electronics,Smartwatch,629.085,2,1258.17,146.7,0.11659791602088747
2297,2024,2024Q3,2024-07,2024-07-28,East,Electronics,Camera,924.0414285714286,7,6468.29,398.23,0.06156650366634768
2298,2023,2023Q2,2023-05,2023-05-24,West,Accessories,Monitor,453.2833333333333,3,1359.85,152.85,0.1124021031731441
2299,2024,2024Q4,2024-11,2024-11-28,North,Electronics,Laptop,104.09,1,104.09,18.67,0.1793640119127678
2300,2023,2023Q1,2023-03,2023-03-01,South,Accessories,Headphones,595.2366666666667,3,1785.71,93.17,0.05217532522078053
2301,2023,2023Q2,2023-05,2023-05-27,West,Electronics,Smartphone,698.0083333333333,6,4188.05,1231.16,0.2939697472570767
2302,2022,2022Q2,2022-06,2022-06-25,South,Electronics,Smartwatch,440.01875,8,3520.15,359.84,0.10222291663707511
2303,2023,2023Q3,2023-08,2023-08-12,East,Electronics,Camera,760.12,3,2280.36,365.17,0.16013699591292602
2304,2024,2024Q3,2024-07,2024-07-09,North,Office,Printer,276.06666666666666,9,2484.6,655.54,0.263841262174998
2305,2024,2024Q2,2024-04,2024-04-17,West,Electronics,Tablet,416.03999999999996,3,1248.12,348.19,0.27897157324616223
2306,2023,2023Q4,2023-12,2023-12-12,West,Electronics,Smartwatch,425.32,2,850.64,59.92,0.07044107965766952
2307,2022,2022Q4,2022-12,2022-12-01,North,Electronics,Tablet,649.115,2,1298.23,239.45,0.18444343452238815
2308,2022,2022Q2,2022-04,2022-04-25,South,Electronics,Laptop,1140.106,5,5700.53,999.26,0.17529247280516022
2309,2024,2024Q3,2024-07,2024-07-29,West,Electronics,Camera,691.035,6,4146.21,700.46,0.16893982697451407
2310,2023,2023Q4,2023-10,2023-10-11,North,Electronics,Tablet,871.0225,8,6968.18,704.55,0.10110961542325254
2311,2024,2024Q3,2024-09,2024-09-09,East,Electronics,Camera,527.325,2,1054.65,243.5,0.23088228322192195
2312,2022,2022Q1,2022-03,2022-03-15,West,Accessories,Keyboard,661.22,3,1983.66,453.09,0.22841111884093038
2313,2023,2023Q4,2023-10,2023-10-26,South,Accessories,Keyboard,175.06400000000002,5,875.32,70.72,0.08079330987524562
2314,2024,2024Q3,2024-07,2024-07-17,West,Accessories,Headphones,895.1283333333334,6,5370.77,1045.1,0.19459034738035696
2315,2024,2024Q1,2024-01,2024-01-10,West,Accessories,Monitor,453.02375,8,3624.19,1071.43,0.29563295522585736
2316,2024,2024Q3,2024-09,2024-09-22,West,Electronics,Smartwatch,483.17,4,1932.68,301.16,0.155825071920856
2317,2022,2022Q3,2022-09,2022-09-05,North,Electronics,Smartphone,860.1357142857142,7,6020.95,384.74,0.06390021508233751
2318,2024,2024Q2,2024-05,2024-05-02,East,Accessories,Headphones,355.062,5,1775.31,234.67,0.13218536480952622
2319,2023,2023Q1,2023-03,2023-03-09,West,Electronics,Smartwatch,496.26666666666665,3,1488.8,382.09,0.2566429339065019
2320,2024,2024Q3,2024-09,2024-09-21,East,Accessories,Keyboard,1120.1299999999999,3,3360.39,556.78,0.16568910156261624
2321,2022,2022Q2,2022-04,2022-04-06,East,Accessories,Mouse,841.225,3,2523.675,678.115,0.26870139776318264
2322,2022,2022Q1,2022-03,2022-03-07,East,Electronics,Tablet,747.036,5,3735.18,957.13,0.25624735621844197
2323,2024,2024Q1,2024-02,2024-02-26,East,Accessories,Keyboard,250.07800000000003,5,1250.39,120.74,0.09656187269571892
2324,2022,2022Q1,2022-01,2022-01-11,North,Electronics,Tablet,393.0128571428572,7,2751.09,548.05,0.19921194871850792
2325,2023,2023Q3,2023-07,2023-07-14,East,Electronics,Laptop,52.06333333333333,9,468.57,58.98,0.12587233497663103
2326,2022,2022Q3,2022-09,2022-09-15,South,Accessories,Keyboard,133.14000000000001,3,399.42,109.6,0.2743978769215362
2327,2022,2022Q1,2022-01,2022-01-28,South,Electronics,Smartwatch,259.15999999999997,5,1295.8,104.26,0.08045994752276586
2328,2024,2024Q4,2024-12,2024-12-10,West,Electronics,Camera,840.17,4,3360.68,540.38,0.16079483913969791
2329,2023,2023Q2,2023-06,2023-06-11,North,Electronics,Camera,199.082,5,995.41,206.95,0.20790428064817512
2330,2024,2024Q4,2024-12,2024-12-20,East,Electronics,Smartwatch,110.06400000000001,5,550.32,28.72,0.052187817996801854
2331,2023,2023Q1,2023-02,2023-02-27,West,Accessories,Monitor,673.015,8,5384.12,724.8,0.13461809915083617
2332,2023,2023Q4,2023-11,2023-11-19,East,Office,Printer,1178.2233333333334,3,3534.67,489.06,0.13836086537074183
2333,2024,2024Q1,2024-02,2024-02-20,West,Electronics,Smartphone,757.0066666666667,18,13626.12,1780.1,0.13063880253513105
2334,2022,2022Q1,2022-01,2022-01-27,East,Accessories,Headphones,966.81,1,966.81,202.53,0.20948273187079158
2335,2024,2024Q3,2024-07,2024-07-04,South,Accessories,Mouse,115.135,2,230.27,46.12,0.20028662005471837
2336,2023,2023Q2,2023-06,2023-06-26,North,Electronics,Smartphone,1171.1433333333332,6,7026.86,459.4,0.06537770782397828
2337,2024,2024Q2,2024-05,2024-05-24,South,Electronics,Smartphone,182.184,10,1821.84,232.94,0.1278597461906644
2338,2022,2022Q3,2022-09,2022-09-28,North,Accessories,Monitor,350.2633333333333,3,1050.79,292.64,0.2784952274003369
2339,2024,2024Q2,2024-05,2024-05-28,West,Accessories,Mouse,1043.14,1,1043.14,151.13,0.14487988189504764
2340,2022,2022Q4,2022-10,2022-10-08,South,Office,Printer,1110.0933333333335,3,3330.28,503.85,0.1512935849237902
2341,2022,2022Q1,2022-01,2022-01-19,East,Accessories,Mouse,237.0075,4,948.03,224.265,0.23655896965285908
2342,2023,2023Q2,2023-04,2023-04-29,West,Electronics,Camera,1034.154,5,5170.77,1248.66,0.2414843437244356
2343,2023,2023Q2,2023-04,2023-04-24,North,Office,Printer,233.495,2,466.99,25.04,0.05361999186278078
2344,2023,2023Q1,2023-03,2023-03-22,South,Electronics,Camera,1084.07,1,1084.07,103.06,0.09506766168236369
2345,2023,2023Q3,2023-09,2023-09-20,North,Accessories,Keyboard,245.1,1,245.1,22.67,0.09249286005711956
2346,2022,2022Q2,2022-06,2022-06-30,North,Accessories,Monitor,93.05333333333334,6,558.32,57.01,0.10210990113196731
2347,2024,2024Q1,2024-02,2024-02-18,East,Accessories,Monitor,1006.1525,4,4024.61,787.06,0.19556180598865477
2348,2023,2023Q1,2023-02,2023-02-02,East,Accessories,Mouse,390.245,2,780.49,230.575,0.29542338787172157
2349,2024,2024Q1,2024-03,2024-03-08,North,Electronics,Laptop,126.38,2,252.76,53.24,0.210634594081342
2350,2023,2023Q4,2023-10,2023-10-08,South,Accessories,Mouse,820.2399999999999,3,2460.72,413.935,0.16821702591111545
2351,2023,2023Q4,2023-10,2023-10-10,West,Accessories,Headphones,533.014,5,2665.07,532.76,0.19990469293489474
2352,2023,2023Q2,2023-04,2023-04-05,South,Accessories,Headphones,50.135,4,200.54,58.42,0.2913134536750773
2353,2024,2024Q3,2024-08,2024-08-01,East,Electronics,Smartwatch,93.135,2,186.27,32.48,0.17437053739195787
2354,2024,2024Q4,2024-10,2024-10-12,South,Accessories,Monitor,682.04125,8,5456.33,898.06,0.164590484813052
2355,2022,2022Q3,2022-07,2022-07-29,West,Electronics,Smartwatch,369.0622222222222,9,3321.56,540.67,0.16277592456556556
2356,2024,2024Q1,2024-02,2024-02-13,North,Accessories,Headphones,538.0385714285715,7,3766.27,914.49,0.24281052606424924
2357,2022,2022Q2,2022-05,2022-05-07,West,Accessories,Keyboard,525.1166666666667,3,1575.35,249.315,0.15826006919097343
2358,2022,2022Q2,2022-05,2022-05-19,East,Electronics,Laptop,323.315,2,646.63,110.13,0.17031378067828587
2359,2022,2022Q3,2022-08,2022-08-12,South,Electronics,Smartphone,533.048,10,5330.48,739.46,0.1387229667872312
2360,2023,2023Q4,2023-10,2023-10-13,North,Electronics,Smartwatch,163.04222222222222,9,1467.38,384.22,0.26184083195900176
2361,2024,2024Q3,2024-07,2024-07-05,North,Electronics,Tablet,660.0071428571429,7,4620.05,990.79,0.2144543890217638
2362,2023,2023Q1,2023-03,2023-03-17,West,Electronics,Tablet,148.07125,8,1184.57,148.69,0.1255223414403539
2363,2023,2023Q4,2023-11,2023-11-01,East,Electronics,Camera,113.45,1,113.45,20.07,0.1769061260467166
2364,2024,2024Q4,2024-10,2024-10-02,East,Office,Printer,417.105,8,3336.84,492.76,0.14767264837391064
2365,2023,2023Q2,2023-04,2023-04-09,South,Electronics,Smartphone,1056.13,8,8449.04,954.66,0.11299035156656849
2366,2022,2022Q3,2022-07,2022-07-09,North,Accessories,Headphones,366.09666666666664,3,1098.29,144.24,0.13133143341011938
2367,2024,2024Q1,2024-03,2024-03-10,South,Electronics,Camera,550.1,8,4400.8,351.82,0.0799445555353572
2368,2022,2022Q2,2022-05,2022-05-08,North,Office,Printer,702.12125,8,5616.97,723.42,0.12879185753172973
2369,2022,2022Q3,2022-07,2022-07-19,North,Electronics,Smartwatch,1185.375,2,2370.75,641.23,0.27047558789412635
2370,2023,2023Q1,2023-01,2023-01-24,West,Accessories,Mouse,747.8916666666668,3,2243.675,344.38,0.15348925312266704
2371,2023,2023Q1,2023-03,2023-03-30,South,Accessories,Keyboard,370.06125,8,2960.49,878.11,0.2966096828565542
2372,2022,2022Q1,2022-03,2022-03-24,East,Electronics,Smartwatch,897.12,1,897.12,250.78,0.2795389691457107
2373,2023,2023Q1,2023-03,2023-03-25,East,Electronics,Smartphone,589.475,4,2357.9,241.02,0.10221807540608169
2374,2023,2023Q1,2023-01,2023-01-20,East,Electronics,Smartwatch,513.32,2,1026.64,64.51,0.06283604768955038
2375,2022,2022Q1,2022-03,2022-03-03,East,Electronics,Smartphone,740.0957142857143,14,10361.34,926.7,0.08943823868341354
2376,2022,2022Q4,2022-11,2022-11-02,South,Accessories,Headphones,405.156,5,2025.78,295.13,0.14568709336650573
2377,2024,2024Q4,2024-12,2024-12-24,North,Electronics,Tablet,151.04888888888888,9,1359.44,187.72,0.13808627081739538
2378,2023,2023Q1,2023-03,2023-03-30,South,Electronics,Camera,459.2,4,1836.8,462.52,0.2518074912891986
2379,2022,2022Q4,2022-12,2022-12-03,West,Electronics,Tablet,351.025,2,702.05,112.04,0.15958977280820455
2380,2024,2024Q1,2024-03,2024-03-07,West,Electronics,Smartwatch,714.105,2,1428.21,398.24,0.2788385461521765
2381,2023,2023Q1,2023-01,2023-01-08,North,Electronics,Camera,979.0600000000001,7,6853.42,1259.03,0.18370827995365815
2382,2022,2022Q2,2022-05,2022-05-16,West,Electronics,Camera,746.125,2,1492.25,276.56,0.18533087619366728
2383,2023,2023Q1,2023-01,2023-01-08,South,Electronics,Camera,181.05,5,905.25,70.91,0.07833195249930958
2384,2024,2024Q2,2024-04,2024-04-08,West,Electronics,Tablet,375.195,4,1500.78,127.81,0.08516238222790816
2385,2023,2023Q1,2023-03,2023-03-17,South,Electronics,Smartwatch,968.0055555555555,9,8712.05,1034.27,0.11871717907955075
2386,2024,2024Q3,2024-07,2024-07-23,East,Accessories,Monitor,327.0225,4,1308.09,368.28,0.2815402609912162
2387,2024,2024Q1,2024-03,2024-03-06,South,Electronics,Smartphone,662.0625,4,2648.25,707.32,0.26708958746341926
2388,2022,2022Q1,2022-03,2022-03-18,South,Electronics,Camera,1090.0633333333333,9,9810.57,1666.96,0.16991469404937737
2389,2024,2024Q2,2024-05,2024-05-03,North,Accessories,Headphones,1097.1266666666668,3,3291.38,274.1,0.08327813865308777
2390,2022,2022Q3,2022-09,2022-09-22,North,Electronics,Smartwatch,758.29,1,758.29,96.44,0.12718089385327513
2391,2022,2022Q3,2022-09,2022-09-29,East,Accessories,Keyboard,348.04285714285714,7,2436.3,715.14,0.2935352789065386
2392,2024,2024Q2,2024-06,2024-06-01,North,Electronics,Smartwatch,80.02,7,560.14,163.16,0.29128432177669866
2393,2022,2022Q4,2022-10,2022-10-20,West,Electronics,Smartphone,530.09,16,8481.44,1039.44,0.12255466052934408
2394,2024,2024Q3,2024-09,2024-09-05,East,Accessories,Monitor,677.12125,8,5416.97,403.52,0.07449182845760637
2395,2023,2023Q3,2023-07,2023-07-16,East,Electronics,Smartphone,216.0075,8,1728.06,477.7,0.27643716074673336
2396,2023,2023Q3,2023-07,2023-07-15,West,Accessories,Keyboard,788.6275,4,3154.51,400.575,0.1269848566021347
2397,2023,2023Q3,2023-08,2023-08-08,North,Accessories,Keyboard,425.0175,8,3400.14,758.57,0.22309963707376756
2398,2022,2022Q2,2022-04,2022-04-29,East,Electronics,Laptop,403.83,2,807.66,144.9,0.1794071762870515
2399,2022,2022Q4,2022-12,2022-12-17,South,Accessories,Keyboard,527.215,2,1054.43,187.81,0.17811519019754748
2400,2022,2022Q3,2022-09,2022-09-30,West,Accessories,Headphones,545.41,2,1090.82,296.12,0.2714655030160797
2401,2022,2022Q4,2022-11,2022-11-06,North,Accessories,Keyboard,212.38666666666666,3,637.16,158.96,0.24948207671542472
2402,2024,2024Q2,2024-04,2024-04-11,South,Accessories,Mouse,352.1133333333333,3,1056.34,70.54,0.06677774201488158
2403,2023,2023Q2,2023-06,2023-06-01,North,Accessories,Mouse,655.90125,4,2623.605,460.545,0.17553900072610015
2404,2024,2024Q1,2024-01,2024-01-18,West,Accessories,Monitor,1083.104,5,5415.52,1261.65,0.23296931781250924
2405,2022,2022Q1,2022-02,2022-02-24,West,Electronics,Smartphone,632.62,1,632.62,81.54,0.128892542126395
2406,2023,2023Q1,2023-01,2023-01-28,East,Electronics,Tablet,169.91,1,169.91,22.99,0.13530692719675122
2407,2023,2023Q4,2023-10,2023-10-01,West,Electronics,Tablet,209.07714285714286,7,1463.54,175.13,0.11966191562922776
2408,2022,2022Q4,2022-12,2022-12-18,East,Electronics,Camera,941.04125,8,7528.33,1283.07,0.1704322206917072
2409,2022,2022Q4,2022-12,2022-12-24,West,Electronics,Smartwatch,579.115,2,1158.23,227.61,0.19651537259438973
2410,2022,2022Q2,2022-06,2022-06-17,West,Accessories,Monitor,50.1475,4,200.59,20.25,0.1009521910364425
2411,2023,2023Q1,2023-01,2023-01-01,West,Electronics,Smartphone,757.035,4,3028.14,361.34,0.11932737588090378
2412,2024,2024Q3,2024-07,2024-07-07,South,Electronics,Smartwatch,376.0228571428571,7,2632.16,738.93,0.2807314145036776
2413,2023,2023Q2,2023-06,2023-06-04,East,Electronics,Camera,295.07125,8,2360.57,653.3,0.2767551904836543
2414,2023,2023Q3,2023-08,2023-08-29,South,Accessories,Keyboard,1318.9525,2,2637.905,297.145,0.11264431433277543
2415,2023,2023Q2,2023-04,2023-04-06,East,Accessories,Monitor,191.0922222222222,9,1719.83,251.85,0.14643889221609113
2416,2023,2023Q1,2023-02,2023-02-04,West,Electronics,Smartphone,326.09666666666664,12,3913.16,868.06,0.2218309499228245
2417,2022,2022Q3,2022-08,2022-08-27,West,Accessories,Keyboard,625.15,3,1875.45,152.07,0.08108453971046949
2418,2022,2022Q2,2022-06,2022-06-13,South,Accessories,Monitor,246.0825,4,984.33,157.72,0.1602308169008361
2419,2023,2023Q3,2023-08,2023-08-20,South,Electronics,Camera,904.03,4,3616.12,789.63,0.21836388172958862
2420,2024,2024Q4,2024-10,2024-10-18,West,Electronics,Tablet,912.05,5,4560.25,1180.8,0.25893317252343623
2421,2022,2022Q3,2022-08,2022-08-17,North,Electronics,Camera,1014.1959999999999,5,5070.98,889.97,0.17550256557903998
2422,2022,2022Q2,2022-04,2022-04-21,North,Electronics,Smartwatch,901.01,5,4505.05,1351.28,0.299947836317022
2423,2022,2022Q1,2022-01,2022-01-13,South,Electronics,Tablet,958.055,2,1916.11,503.83,0.262944194226845
2424,2024,2024Q3,2024-08,2024-08-28,West,Electronics,Camera,1159.1257142857144,7,8113.88,1103.57,0.1360101455777014
2425,2022,2022Q3,2022-08,2022-08-13,North,Electronics,Laptop,201.03444444444443,18,3618.62,784.88,0.21690036533264062
2426,2023,2023Q3,2023-09,2023-09-01,South,Electronics,Laptop,409.28999999999996,3,1227.87,229.75,0.18711264221782437
2427,2023,2023Q3,2023-07,2023-07-20,South,Electronics,Laptop,340.135,6,2040.81,124.65,0.06107868934393697
2428,2022,2022Q4,2022-12,2022-12-22,West,Electronics,Tablet,1054.1616666666666,6,6324.97,629.2,0.09947873270545157
2429,2023,2023Q2,2023-05,2023-05-14,South,Electronics,Laptop,1188.71,2,2377.42,220.64,0.09280648770515937
2430,2022,2022Q3,2022-08,2022-08-27,South,Electronics,Smartphone,485.26,2,970.52,262.19,0.2701541441701356
2431,2022,2022Q3,2022-07,2022-07-15,South,Accessories,Keyboard,188.16,5,940.8,56.7,0.06026785714285715
2432,2024,2024Q2,2024-05,2024-05-17,East,Electronics,Camera,424.13714285714286,7,2968.96,485.13,0.1634006520801897
2433,2022,2022Q1,2022-03,2022-03-09,East,Accessories,Mouse,724.09,3,2172.27,364.77,0.16792111477854962
2434,2022,2022Q2,2022-06,2022-06-22,North,Accessories,Headphones,323.1228571428572,7,2261.86,566.36,0.25039569204106354
2435,2022,2022Q1,2022-01,2022-01-16,North,Office,Printer,1107.2225,4,4428.89,600.55,0.13559831018607368
2436,2024,2024Q3,2024-08,2024-08-23,East,Accessories,Keyboard,559.24,2,1118.48,83.89,0.07500357628209713
2437,2024,2024Q4,2024-11,2024-11-24,South,Electronics,Smartphone,67.0475,16,1072.76,114.16,0.1064170923598941
2438,2024,2024Q4,2024-10,2024-10-20,North,Accessories,Monitor,396.04200000000003,5,1980.21,249.22,0.12585533857520162
2439,2023,2023Q2,2023-04,2023-04-16,West,Electronics,Smartwatch,499.16,3,1497.48,122.76,0.08197772257392419
2440,2024,2024Q3,2024-07,2024-07-18,North,Electronics,Laptop,700.1149999999999,6,4200.69,1013.7,0.24131749783964065
2441,2022,2022Q4,2022-11,2022-11-29,South,Electronics,Smartwatch,314.132,5,1570.66,312.81,0.19915831561254504
2442,2023,2023Q3,2023-07,2023-07-01,East,Accessories,Monitor,107.0075,4,428.03,86.62,0.20236899282760556
2443,2024,2024Q4,2024-12,2024-12-13,North,Electronics,Tablet,155.06,3,465.18,98.93,0.21267036416011006
2444,2022,2022Q3,2022-08,2022-08-27,North,Electronics,Smartwatch,531.015,2,1062.03,83.49,0.07861359848591848
2445,2024,2024Q1,2024-02,2024-02-04,South,Accessories,Mouse,218.135,3,654.405,171.805,0.26253619700338476
2446,2024,2024Q4,2024-12,2024-12-12,South,Accessories,Headphones,946.0288888888889,9,8514.26,1291.97,0.1517419012339299
2447,2023,2023Q1,2023-02,2023-02-07,North,Electronics,Tablet,606.14,2,1212.28,151.07,0.12461642524829247
2448,2023,2023Q2,2023-04,2023-04-24,West,Accessories,Headphones,644.215,4,2576.86,503.57,0.19542000729570097
2449,2023,2023Q3,2023-09,2023-09-26,East,Accessories,Keyboard,600.08375,8,4800.67,606.19,0.12627195787254697
2450,2022,2022Q4,2022-10,2022-10-02,East,Electronics,Smartwatch,288.136,5,1440.68,274.54,0.19056278979370853
2451,2023,2023Q1,2023-01,2023-01-18,North,Electronics,Smartphone,434.0228571428571,7,3038.16,570.98,0.18793611923006032
2452,2024,2024Q1,2024-03,2024-03-07,East,Accessories,Monitor,408.2475,4,1632.99,247.88,0.15179517327111616
2453,2022,2022Q3,2022-08,2022-08-29,North,Electronics,Camera,1073.0966666666668,9,9657.87,1187.22,0.12292772629989841
2454,2022,2022Q1,2022-01,2022-01-31,East,Electronics,Smartwatch,881.0040000000001,5,4405.02,450.83,0.10234459775438022
2455,2023,2023Q4,2023-12,2023-12-14,East,Accessories,Keyboard,430.0575,2,860.115,180.39,0.20972776896112727
2456,2023,2023Q3,2023-08,2023-08-13,South,Electronics,Camera,651.0742857142858,7,4557.52,234.62,0.05147975214590391
2457,2024,2024Q4,2024-12,2024-12-12,West,Accessories,Headphones,340.0942857142857,7,2380.66,431.43,0.18122285416649167
2458,2022,2022Q1,2022-02,2022-02-11,North,Accessories,Headphones,57.12125,8,456.97,74.99,0.16410267632448516
2459,2023,2023Q4,2023-11,2023-11-16,East,Electronics,Camera,1089.0066666666667,6,6534.04,355.03,0.05433544943097991
2460,2022,2022Q1,2022-03,2022-03-04,North,Electronics,Smartphone,576.0616666666666,6,3456.37,307.46,0.08895459687475588
2461,2022,2022Q3,2022-09,2022-09-16,West,Electronics,Smartphone,483.185,2,966.37,241.54,0.24994567298239803
2462,2022,2022Q4,2022-12,2022-12-02,East,Accessories,Mouse,645.105,4,2580.42,669.67,0.2595197680997667
2463,2022,2022Q2,2022-05,2022-05-19,South,Electronics,Smartwatch,532.0525,4,2128.21,614.05,0.28852885758454283
2464,2022,2022Q2,2022-06,2022-06-05,South,Electronics,Smartphone,713.1066666666667,9,6417.96,1100.52,0.1714750481461399
2465,2022,2022Q2,2022-06,2022-06-11,East,Accessories,Keyboard,571.02,7,3997.14,494.78,0.12378350520622244
2466,2023,2023Q1,2023-03,2023-03-14,West,Electronics,Laptop,879.22,2,1758.44,299.04,0.17005982575464618
2467,2023,2023Q4,2023-11,2023-11-17,North,Electronics,Laptop,805.2266666666666,6,4831.36,1076.78,0.2228730626573056
2468,2024,2024Q3,2024-09,2024-09-27,West,Electronics,Camera,266.16,4,1064.64,314.84,0.2957243763149984
2469,2022,2022Q1,2022-02,2022-02-17,South,Accessories,Mouse,289.085,4,1156.34,326.92,0.2827196153380494
2470,2022,2022Q2,2022-05,2022-05-12,North,Electronics,Smartphone,1184.97,1,1184.97,218.27,0.18419875608665198
2471,2022,2022Q1,2022-02,2022-02-05,South,Accessories,Keyboard,975.035,1,975.035,105.58,0.10828329239463198
2472,2022,2022Q3,2022-08,2022-08-29,South,Electronics,Laptop,272.0725,4,1088.29,295.09,0.27115015299230905
2473,2024,2024Q2,2024-04,2024-04-20,South,Electronics,Camera,998.09,1,998.09,196.17,0.19654540171728
2474,2024,2024Q2,2024-05,2024-05-25,East,Electronics,Smartphone,961.0733333333333,6,5766.44,675.17,0.1170861051185827
2475,2024,2024Q4,2024-10,2024-10-09,West,Electronics,Tablet,520.005,6,3120.03,274.65,0.0880279997307718
2476,2022,2022Q1,2022-03,2022-03-07,East,Office,Printer,91.05714285714285,7,637.4,68.11,0.1068559774082209
2477,2023,2023Q4,2023-10,2023-10-26,West,Electronics,Laptop,551.0833333333334,6,3306.5,697.74,0.21102071676999848
2478,2022,2022Q2,2022-05,2022-05-31,South,Accessories,Monitor,1170.0516666666667,6,7020.31,726.72,0.10351679626683152
2479,2022,2022Q3,2022-09,2022-09-16,South,Electronics,Camera,853.0242857142857,7,5971.17,502.14,0.08409407201603705
2480,2023,2023Q4,2023-11,2023-11-22,North,Electronics,Laptop,375.115,2,750.23,77.68,0.10354158058195487
2481,2024,2024Q2,2024-04,2024-04-26,North,Electronics,Tablet,793.1133333333333,3,2379.34,523.0,0.21980885455630553
2482,2022,2022Q3,2022-08,2022-08-21,North,Electronics,Camera,699.77,1,699.77,108.94,0.15567972333766808
2483,2022,2022Q1,2022-02,2022-02-02,North,Accessories,Monitor,225.12125,8,1800.97,494.02,0.2743077341654775
2484,2024,2024Q3,2024-07,2024-07-11,South,Electronics,Tablet,251.154,5,1255.77,236.25,0.1881315846054612
2485,2022,2022Q2,2022-06,2022-06-04,East,Electronics,Smartwatch,222.0811111111111,9,1998.73,343.58,0.17189915596403715
2486,2022,2022Q4,2022-11,2022-11-26,East,Accessories,Headphones,307.84,1,307.84,80.19,0.26049246361746364
2487,2023,2023Q4,2023-11,2023-11-01,South,Accessories,Monitor,251.0716666666667,6,1506.43,407.73,0.2706597717783103
2488,2024,2024Q4,2024-10,2024-10-26,North,Electronics,Tablet,308.08125,8,2464.65,216.51,0.08784614448298947
2489,2023,2023Q2,2023-05,2023-05-12,South,Electronics,Smartwatch,161.32,2,322.64,42.03,0.1302690304983883
2490,2022,2022Q1,2022-03,2022-03-08,South,Accessories,Keyboard,547.035,4,2188.14,265.54,0.12135420951127443
2491,2023,2023Q4,2023-12,2023-12-22,West,Office,Printer,326.00444444444446,9,2934.04,473.34,0.16132704393941458
2492,2022,2022Q4,2022-12,2022-12-15,East,Accessories,Monitor,609.19,4,2436.76,142.81,0.058606510284147796
2493,2022,2022Q3,2022-09,2022-09-23,West,Electronics,Smartwatch,243.205,4,972.82,97.55,0.10027548775724182
2494,2024,2024Q4,2024-10,2024-10-03,South,Electronics,Laptop,914.0316666666666,6,5484.19,540.4,0.09853779683052556
2495,2024,2024Q4,2024-10,2024-10-17,West,Electronics,Camera,394.115,8,3152.92,337.36,0.10699922611420525
2496,2024,2024Q1,2024-03,2024-03-22,East,Accessories,Keyboard,754.07375,4,3016.295,435.085,0.1442448434254607
2497,2023,2023Q2,2023-04,2023-04-10,West,Electronics,Camera,912.0699999999999,7,6384.49,1324.49,0.2074543150666694
2498,2022,2022Q4,2022-11,2022-11-04,South,Electronics,Smartwatch,930.0966666666667,6,5580.58,394.03,0.0706073562246218
2499,2022,2022Q2,2022-04,2022-04-16,East,Electronics,Camera,618.46,2,1236.92,120.74,0.09761342689907188
2500,2024,2024Q2,2024-06,2024-06-11,East,Electronics,Camera,101.09333333333333,9,909.84,138.04,0.15171898355754856
2501,2024,2024Q4,2024-11,2024-11-12,South,Electronics,Smartwatch,281.65,1,281.65,67.85,0.24090182851056274
2502,2023,2023Q1,2023-03,2023-03-07,West,Electronics,Laptop,717.0916666666667,12,8605.1,552.7,0.06422935236080929
2503,2023,2023Q1,2023-02,2023-02-16,South,Electronics,Smartphone,194.20666666666668,6,1165.24,96.16,0.08252377192681336
2504,2024,2024Q3,2024-08,2024-08-01,North,Accessories,Headphones,96.085,6,576.51,162.75,0.2823021283238799
2505,2023,2023Q3,2023-09,2023-09-24,South,Accessories,Keyboard,1066.4325,2,2132.865,398.06,0.18663159646766206
2506,2023,2023Q2,2023-06,2023-06-24,East,Electronics,Smartwatch,671.03125,8,5368.25,333.53,0.062130116890979366
2507,2023,2023Q4,2023-12,2023-12-04,South,Accessories,Headphones,314.04,1,314.04,66.23,0.21089670105719016
2508,2024,2024Q4,2024-12,2024-12-24,West,Electronics,Tablet,446.00333333333333,6,2676.02,646.7,0.24166486050178998
2509,2022,2022Q1,2022-02,2022-02-13,North,Electronics,Laptop,846.085,8,6768.68,1895.04,0.2799718704385493
2510,2023,2023Q3,2023-07,2023-07-20,West,Accessories,Mouse,531.0383333333333,6,3186.23,794.94,0.24949234675462853
2511,2024,2024Q4,2024-12,2024-12-20,South,Electronics,Smartwatch,458.2425,4,1832.97,528.69,0.2884335259169545
2512,2024,2024Q1,2024-02,2024-02-16,West,Electronics,Tablet,381.03,1,381.03,63.18,0.16581371545547596
2513,2022,2022Q4,2022-11,2022-11-29,South,Electronics,Smartphone,503.0488888888888,9,4527.44,677.34,0.14960772533705585
2514,2022,2022Q2,2022-05,2022-05-25,South,Office,Printer,403.1375,4,1612.55,240.42,0.14909305137825182
2515,2024,2024Q1,2024-01,2024-01-04,East,Electronics,Camera,179.22,1,179.22,42.37,0.23641334672469588
2516,2024,2024Q2,2024-05,2024-05-31,West,Electronics,Smartwatch,1051.2333333333333,3,3153.7,224.29,0.07111963725148239
2517,2023,2023Q2,2023-04,2023-04-18,East,Electronics,Tablet,483.0575,8,3864.46,855.75,0.22144102927705295
2518,2023,2023Q1,2023-03,2023-03-31,South,Electronics,Camera,610.135,6,3660.81,675.38,0.18448922506221302
2519,2024,2024Q3,2024-08,2024-08-03,East,Electronics,Smartwatch,106.26666666666667,3,318.8,49.93,0.1566185696361355
2520,2023,2023Q4,2023-12,2023-12-16,South,Accessories,Mouse,241.63,1,241.63,31.635,0.1309233125025866
2521,2024,2024Q1,2024-01,2024-01-02,West,Accessories,Monitor,1062.138,5,5310.69,806.12,0.15179195170495738
2522,2024,2024Q1,2024-03,2024-03-06,West,Accessories,Keyboard,859.1133333333333,6,5154.68,779.43,0.15120822243087834
2523,2023,2023Q3,2023-09,2023-09-19,East,Accessories,Keyboard,842.705,4,3370.82,411.585,0.12210233711678463
2524,2022,2022Q2,2022-05,2022-05-13,North,Electronics,Camera,260.48,2,520.96,61.33,0.11772496928746927
2525,2024,2024Q2,2024-06,2024-06-19,East,Electronics,Tablet,160.07999999999998,7,1120.56,111.79,0.09976261869065468
2526,2022,2022Q3,2022-07,2022-07-12,East,Accessories,Keyboard,911.61,1,911.61,155.3,0.170357938153377
2527,2022,2022Q1,2022-03,2022-03-21,South,Accessories,Monitor,133.08375,8,1064.67,190.73,0.17914471150685188
2528,2024,2024Q2,2024-04,2024-04-28,North,Electronics,Laptop,283.06,14,3962.84,808.6,0.20404558347044038
2529,2022,2022Q2,2022-04,2022-04-20,South,Electronics,Camera,856.094,5,4280.47,540.47,0.1262641719250456
2530,2024,2024Q2,2024-06,2024-06-25,South,Electronics,Smartwatch,1025.028,5,5125.14,268.39,0.05236734996507412
2531,2024,2024Q4,2024-12,2024-12-26,West,Accessories,Monitor,225.00857142857143,7,1575.06,313.96,0.19933208893629448
2532,2022,2022Q4,2022-10,2022-10-01,East,Electronics,Smartphone,572.08125,8,4576.65,900.04,0.1966591284017786
2533,2024,2024Q2,2024-06,2024-06-01,South,Accessories,Monitor,937.0457142857142,7,6559.32,1141.32,0.17399974387588957
2534,2023,2023Q3,2023-07,2023-07-20,South,Electronics,Tablet,619.38,1,619.38,35.36,0.05708934741192806
2535,2024,2024Q2,2024-06,2024-06-09,West,Accessories,Headphones,311.0125,8,2488.1,151.95,0.061070696515413365
2536,2022,2022Q4,2022-10,2022-10-29,West,Accessories,Mouse,634.23,2,1268.46,74.425,0.05867350961007836
2537,2022,2022Q1,2022-02,2022-02-03,West,Electronics,Tablet,677.01625,8,5416.13,297.5,0.054928519071735724
2538,2023,2023Q1,2023-02,2023-02-13,East,Electronics,Smartwatch,1167.205,2,2334.41,158.07,0.06771304098251807
2539,2022,2022Q3,2022-07,2022-07-28,East,Electronics,Camera,120.10333333333334,9,1080.93,183.42,0.16968721378812687
2540,2024,2024Q2,2024-05,2024-05-08,South,Electronics,Tablet,331.105,4,1324.42,127.07,0.09594388487035833
2541,2023,2023Q3,2023-07,2023-07-16,West,Electronics,Camera,1152.255,2,2304.51,444.08,0.19270040051898232
2542,2024,2024Q1,2024-02,2024-02-21,East,Electronics,Smartphone,1184.1,4,4736.4,1026.24,0.21667088928299977
2543,2023,2023Q3,2023-08,2023-08-14,West,Accessories,Mouse,365.7475,4,1462.99,228.745,0.15635445218354194
2544,2023,2023Q1,2023-01,2023-01-27,East,Electronics,Laptop,705.0644444444445,9,6345.58,1627.26,0.256439915657828
2545,2022,2022Q2,2022-06,2022-06-13,East,Accessories,Headphones,469.0255555555555,9,4221.23,912.84,0.21624976606344598
2546,2022,2022Q4,2022-12,2022-12-12,North,Accessories,Keyboard,872.1149999999999,3,2616.345,635.32,0.2428273029741873
2547,2024,2024Q3,2024-08,2024-08-01,East,Electronics,Camera,180.0425,8,1440.34,402.06,0.27914242470527795
2548,2023,2023Q1,2023-03,2023-03-31,North,Accessories,Monitor,513.16,2,1026.32,226.4,0.2205939667939824
2549,2024,2024Q3,2024-09,2024-09-21,North,Electronics,Camera,1065.0342857142857,7,7455.24,1008.42,0.13526325108246012
2550,2023,2023Q4,2023-11,2023-11-29,East,Office,Printer,307.06375,8,2456.51,404.35,0.1646034414677734
2551,2022,2022Q4,2022-11,2022-11-01,North,Electronics,Camera,953.0566666666667,3,2859.17,404.56,0.1414956088655099
2552,2022,2022Q1,2022-01,2022-01-18,South,Accessories,Keyboard,466.31,1,466.31,102.48,0.2197679655165019
2553,2023,2023Q1,2023-02,2023-02-22,West,Electronics,Laptop,289.28333333333336,3,867.85,58.2,0.0670622803479864
2554,2023,2023Q1,2023-02,2023-02-24,South,Accessories,Monitor,648.0166666666667,6,3888.1,275.72,0.07091381394511459
2555,2024,2024Q2,2024-04,2024-04-12,North,Electronics,Tablet,758.22,4,3032.88,347.2,0.1144786473582865
2556,2023,2023Q4,2023-12,2023-12-22,North,Electronics,Tablet,672.0171428571429,7,4704.12,978.81,0.20807504910589014
2557,2022,2022Q4,2022-10,2022-10-27,West,Office,Printer,1062.0766666666666,3,3186.23,527.75,0.16563462148055852
2558,2022,2022Q4,2022-10,2022-10-14,West,Electronics,Smartwatch,243.98,1,243.98,21.75,0.08914665136486598
2559,2023,2023Q2,2023-06,2023-06-20,North,Electronics,Smartphone,299.32666666666665,3,897.98,235.67,0.26244459787523106
2560,2022,2022Q3,2022-09,2022-09-18,South,Electronics,Laptop,157.065,4,628.26,156.98,0.24986470569509436
2561,2024,2024Q4,2024-12,2024-12-21,East,Accessories,Monitor,175.045,6,1050.27,172.83,0.16455768516667144
2562,2022,2022Q2,2022-05,2022-05-16,North,Accessories,Monitor,379.1025,8,3032.82,278.85,0.09194413120462144
2563,2023,2023Q3,2023-09,2023-09-27,West,Accessories,Keyboard,920.96,1,920.96,118.24,0.12838776928422516
2564,2024,2024Q1,2024-03,2024-03-02,South,Electronics,Laptop,334.305,2,668.61,90.67,0.1356096977311138
2565,2024,2024Q2,2024-05,2024-05-31,East,Accessories,Mouse,1497.655,2,2995.31,701.765,0.23428793680787632
2566,2023,2023Q2,2023-04,2023-04-11,East,Accessories,Keyboard,721.10375,8,5768.83,368.49,0.06387603725538801
2567,2024,2024Q2,2024-05,2024-05-01,North,Electronics,Laptop,1123.8,1,1123.8,318.09,0.2830485851575013
2568,2024,2024Q4,2024-12,2024-12-20,West,Accessories,Keyboard,584.0425,4,2336.17,453.04,0.19392424352679813
2569,2023,2023Q4,2023-11,2023-11-22,West,Electronics,Laptop,73.005,6,438.03,26.03,0.05942515352829716
2570,2022,2022Q4,2022-12,2022-12-23,North,Electronics,Tablet,990.0383333333333,6,5940.23,318.72,0.05365448812588065
2571,2022,2022Q2,2022-06,2022-06-22,West,Electronics,Camera,616.0733333333334,3,1848.22,549.34,0.2972265206523033
2572,2023,2023Q1,2023-03,2023-03-17,North,Accessories,Keyboard,706.0133333333333,3,2118.04,321.05,0.1515788181526317
2573,2022,2022Q1,2022-01,2022-01-16,North,Electronics,Smartphone,77.07666666666667,6,462.46,73.46,0.15884617047960903
2574,2024,2024Q1,2024-01,2024-01-12,South,Accessories,Headphones,163.08666666666667,6,978.52,182.46,0.1864652740873973
2575,2023,2023Q2,2023-05,2023-05-22,North,Accessories,Monitor,992.164,5,4960.82,420.98,0.0848609705653501
2576,2022,2022Q1,2022-03,2022-03-09,South,Electronics,Camera,459.14000000000004,3,1377.42,330.44,0.23989777990736302
2577,2023,2023Q1,2023-02,2023-02-09,West,Electronics,Camera,979.2,2,1958.4,227.77,0.11630412581699347
2578,2024,2024Q4,2024-11,2024-11-21,North,Accessories,Mouse,199.215,4,796.86,75.15,0.09430765755590693
2579,2024,2024Q3,2024-08,2024-08-14,North,Accessories,Monitor,342.91,1,342.91,37.64,0.1097664110116357
2580,2024,2024Q3,2024-08,2024-08-14,South,Accessories,Monitor,967.0828571428572,7,6769.58,1549.67,0.22891671270595815
2581,2024,2024Q1,2024-01,2024-01-11,East,Electronics,Smartwatch,564.1042857142858,7,3948.73,758.36,0.1920516216606352
2582,2023,2023Q2,2023-06,2023-06-27,South,Accessories,Headphones,372.1425,4,1488.57,74.52,0.05006146838912513
2583,2024,2024Q1,2024-01,2024-01-17,South,Accessories,Mouse,240.17800000000003,5,1200.89,201.8,0.16804203549034466
2584,2023,2023Q1,2023-01,2023-01-10,North,Electronics,Smartwatch,1119.19,4,4476.76,977.6,0.21837221562022532
2585,2023,2023Q3,2023-08,2023-08-01,West,Accessories,Monitor,1178.69,1,1178.69,292.15,0.24785991227549226
2586,2024,2024Q4,2024-12,2024-12-26,South,Electronics,Smartwatch,361.03375,8,2888.27,149.92,0.0519065045857901
2587,2024,2024Q4,2024-12,2024-12-13,South,Electronics,Smartphone,284.12,6,1704.72,193.18,0.11332066263081328
2588,2024,2024Q1,2024-03,2024-03-12,East,Accessories,Keyboard,631.1085714285715,7,4417.76,562.79,0.12739261526203324
2589,2024,2024Q2,2024-05,2024-05-20,West,Electronics,Camera,191.075,4,764.3,178.83,0.2339788041345022
2590,2024,2024Q2,2024-06,2024-06-28,South,Accessories,Headphones,1000.2475,4,4000.99,964.43,0.2410478406594368
2591,2024,2024Q4,2024-10,2024-10-21,East,Accessories,Monitor,259.1,9,2331.9,558.0,0.23928984947896564
2592,2023,2023Q4,2023-11,2023-11-25,East,Electronics,Camera,247.38,2,494.76,56.41,0.11401487589942598
2593,2023,2023Q3,2023-09,2023-09-05,East,Accessories,Headphones,97.005,2,194.01,52.16,0.2688521210246894
2594,2022,2022Q2,2022-04,2022-04-11,North,Electronics,Camera,82.12,5,410.6,121.77,0.2965660009741841
2595,2024,2024Q4,2024-12,2024-12-06,East,Electronics,Smartphone,209.14666666666668,12,2509.76,721.74,0.28757331378299117
2596,2022,2022Q2,2022-06,2022-06-04,East,Electronics,Tablet,572.0533333333334,6,3432.32,452.4,0.1318058922245012
2597,2024,2024Q1,2024-03,2024-03-22,North,Electronics,Camera,948.2025,4,3792.81,997.99,0.26312681099237767
2598,2024,2024Q4,2024-11,2024-11-19,West,Electronics,Tablet,78.0442857142857,7,546.31,117.9,0.21581153557503985
2599,2022,2022Q1,2022-02,2022-02-24,East,Electronics,Smartwatch,484.19666666666666,3,1452.59,217.06,0.1494296394715646
2600,2023,2023Q4,2023-12,2023-12-01,North,Accessories,Mouse,1160.97,1,1160.97,149.81,0.12903864871615975
2601,2024,2024Q1,2024-01,2024-01-14,West,Electronics,Laptop,788.0783333333334,12,9456.94,1364.02,0.14423481591296972
2602,2023,2023Q1,2023-02,2023-02-12,North,Electronics,Camera,306.06333333333333,6,1836.38,508.81,0.2770722835143053
2603,2024,2024Q3,2024-09,2024-09-01,West,Electronics,Laptop,1169.08,5,5845.4,941.79,0.16111643343483764
2604,2023,2023Q4,2023-12,2023-12-27,South,Accessories,Monitor,682.0511111111111,9,6138.46,851.14,0.13865692698168597
2605,2022,2022Q1,2022-03,2022-03-23,West,Electronics,Camera,708.37,2,1416.74,136.75,0.09652441520674224
2606,2024,2024Q4,2024-12,2024-12-27,West,Accessories,Keyboard,925.65,1,925.65,174.45,0.1884621617241938
2607,2023,2023Q4,2023-11,2023-11-29,North,Electronics,Tablet,326.154,5,1630.77,190.38,0.11674239776301992
2608,2022,2022Q3,2022-08,2022-08-16,West,Electronics,Camera,800.0116666666667,6,4800.07,930.44,0.19383883985025221
2609,2023,2023Q4,2023-11,2023-11-23,South,Electronics,Smartwatch,61.5,1,61.5,16.11,0.26195121951219513
2610,2023,2023Q3,2023-09,2023-09-21,East,Accessories,Monitor,157.01333333333335,6,942.08,80.27,0.08520507812499999
2611,2022,2022Q2,2022-05,2022-05-12,South,Electronics,Camera,908.018,5,4540.09,939.71,0.20698047836056113
2612,2022,2022Q4,2022-11,2022-11-27,North,Accessories,Headphones,1030.24,1,1030.24,190.47,0.18487925143655848
2613,2024,2024Q4,2024-11,2024-11-24,West,Electronics,Smartwatch,1070.0325,8,8560.26,991.94,0.11587732148322598
2614,2022,2022Q3,2022-08,2022-08-23,West,Electronics,Camera,173.0911111111111,9,1557.82,117.36,0.07533604652655634
2615,2023,2023Q2,2023-05,2023-05-04,East,Electronics,Tablet,101.00571428571428,7,707.04,124.59,0.1762135098438561
2616,2022,2022Q3,2022-08,2022-08-05,West,Accessories,Mouse,681.194,5,3405.97,476.39,0.13986911217656056
2617,2024,2024Q4,2024-11,2024-11-15,West,Electronics,Tablet,787.1116666666667,6,4722.67,522.16,0.1105645747003284
2618,2022,2022Q1,2022-01,2022-01-04,North,Accessories,Headphones,1075.39,2,2150.78,625.93,0.2910246515217734
2619,2022,2022Q4,2022-11,2022-11-04,West,Accessories,Monitor,517.0642857142857,7,3619.45,827.39,0.22859550484189586
2620,2023,2023Q3,2023-08,2023-08-09,South,Electronics,Smartwatch,973.24,4,3892.96,909.22,0.23355492992478732
2621,2022,2022Q3,2022-08,2022-08-02,South,Electronics,Camera,54.01,1,54.01,13.29,0.24606554341788556
2622,2023,2023Q4,2023-12,2023-12-04,South,Accessories,Keyboard,612.47,1,612.47,136.25,0.22245987558574296
2623,2022,2022Q3,2022-09,2022-09-03,East,Accessories,Monitor,770.014,5,3850.07,419.55,0.10897204466412298
2624,2024,2024Q2,2024-04,2024-04-20,East,Electronics,Camera,601.03,5,3005.15,389.93,0.12975392243315642
2625,2022,2022Q4,2022-11,2022-11-08,West,Electronics,Tablet,683.066,5,3415.33,496.48,0.14536809034558887
2626,2023,2023Q1,2023-01,2023-01-13,West,Electronics,Camera,574.2766666666666,3,1722.83,203.04,0.11785260298462413
2627,2022,2022Q2,2022-04,2022-04-14,East,Accessories,Mouse,511.03,4,2044.12,426.68,0.20873529929749723
2628,2022,2022Q4,2022-11,2022-11-27,West,Accessories,Mouse,610.0933333333334,6,3660.56,1079.0,0.29476364272133226
2629,2024,2024Q2,2024-05,2024-05-13,West,Electronics,Camera,875.0300000000001,6,5250.18,1228.49,0.23399007272131622
2630,2022,2022Q2,2022-04,2022-04-17,North,Electronics,Laptop,82.0575,8,656.46,181.78,0.2769094842031502
2631,2023,2023Q3,2023-09,2023-09-29,West,Electronics,Smartphone,228.09428571428572,14,3193.32,719.42,0.225289040872822
2632,2023,2023Q1,2023-02,2023-02-11,South,Office,Printer,349.1257142857143,7,2443.88,661.21,0.27055747418040166
2633,2023,2023Q3,2023-07,2023-07-23,East,Electronics,Smartwatch,776.0200000000001,7,5432.14,870.08,0.16017260232615507
2634,2022,2022Q1,2022-02,2022-02-19,East,Electronics,Tablet,1099.078,5,5495.39,1276.27,0.23224375340057757
2635,2022,2022Q2,2022-04,2022-04-18,North,Accessories,Mouse,748.055,6,4488.33,939.05,0.20922035590074703
2636,2023,2023Q4,2023-10,2023-10-18,West,Electronics,Camera,1141.0083333333334,6,6846.05,932.21,0.1361675710811344
2637,2023,2023Q4,2023-12,2023-12-29,West,Accessories,Mouse,370.00625,8,2960.05,607.64,0.2052803162108748
2638,2023,2023Q3,2023-07,2023-07-31,South,Electronics,Smartphone,419.11,2,838.22,199.0,0.2374078404237551
2639,2024,2024Q3,2024-09,2024-09-03,West,Electronics,Laptop,1041.1516666666666,12,12493.82,654.28,0.052368290883012564
2640,2022,2022Q3,2022-09,2022-09-12,South,Electronics,Tablet,475.18,4,1900.72,372.18,0.19581000883875585
2641,2023,2023Q2,2023-06,2023-06-08,North,Accessories,Monitor,493.13142857142856,7,3451.92,397.29,0.11509247027741083
2642,2024,2024Q4,2024-11,2024-11-24,West,Electronics,Smartphone,806.225,4,3224.9,688.74,0.21356941300505441
2643,2022,2022Q3,2022-08,2022-08-13,South,Electronics,Laptop,889.15,5,4445.75,642.83,0.14459427543159198
2644,2024,2024Q3,2024-08,2024-08-06,North,Electronics,Smartwatch,144.046,5,720.23,63.84,0.08863835163767131
2645,2024,2024Q2,2024-04,2024-04-16,East,Accessories,Mouse,714.19,1,714.19,117.245,0.1641649981097467
2646,2024,2024Q4,2024-12,2024-12-27,East,Electronics,Tablet,883.1225,4,3532.49,665.2,0.18830909641640883
2647,2024,2024Q3,2024-09,2024-09-08,North,Electronics,Camera,1088.0983333333334,6,6528.59,549.62,0.08418663141658458
2648,2023,2023Q3,2023-09,2023-09-04,East,Accessories,Monitor,743.54,1,743.54,216.5,0.2911746509938941
2649,2023,2023Q4,2023-10,2023-10-13,East,Electronics,Smartwatch,293.15000000000003,6,1758.9,287.36,0.16337483654556825
2650,2024,2024Q4,2024-10,2024-10-21,East,Electronics,Smartphone,995.09,1,995.09,149.86,0.15059944326643823
2651,2024,2024Q4,2024-10,2024-10-05,West,Accessories,Keyboard,448.06666666666666,9,4032.6,876.91,0.21745523979566533
2652,2022,2022Q4,2022-10,2022-10-29,East,Electronics,Smartphone,80.065,12,960.78,262.16,0.27286163325631263
2653,2024,2024Q4,2024-10,2024-10-25,East,Electronics,Laptop,989.25,2,1978.5,299.98,0.15161991407632044
2654,2022,2022Q1,2022-01,2022-01-24,North,Electronics,Smartphone,734.07,18,13213.26,1519.1,0.11496784290931987
2655,2024,2024Q1,2024-02,2024-02-06,East,Electronics,Smartwatch,152.04999999999998,6,912.3,256.58,0.28124520442836787
2656,2022,2022Q3,2022-07,2022-07-21,South,Accessories,Mouse,728.1675,2,1456.335,165.555,0.11367920155733399
2657,2023,2023Q1,2023-02,2023-02-03,West,Electronics,Camera,169.136,5,845.68,69.35,0.0820050137167723
2658,2023,2023Q3,2023-08,2023-08-10,South,Accessories,Monitor,701.1175,4,2804.47,382.82,0.13650351046721843
2659,2024,2024Q4,2024-12,2024-12-28,East,Electronics,Laptop,104.005,4,416.02,23.06,0.055430027402528725
2660,2022,2022Q4,2022-11,2022-11-19,East,Electronics,Smartwatch,379.54,1,379.54,42.24,0.1112926173789324
2661,2024,2024Q2,2024-05,2024-05-18,West,Accessories,Mouse,613.885,1,613.885,56.69,0.09234628635656515
2662,2023,2023Q3,2023-08,2023-08-03,East,Accessories,Headphones,793.0642857142857,7,5551.45,392.37,0.07067883165659422
2663,2022,2022Q1,2022-01,2022-01-26,West,Accessories,Headphones,997.065,6,5982.39,944.81,0.15793186335227224
2664,2022,2022Q4,2022-12,2022-12-07,West,Electronics,Smartphone,933.0625,8,7464.5,937.2,0.1255542903074553
2665,2024,2024Q1,2024-02,2024-02-01,East,Accessories,Headphones,362.09000000000003,5,1810.45,171.47,0.0947112596315833
2666,2023,2023Q1,2023-01,2023-01-30,South,Electronics,Smartphone,934.1383333333333,12,11209.66,1230.14,0.10973927844377084
2667,2022,2022Q2,2022-04,2022-04-28,West,Electronics,Laptop,216.295,2,432.59,81.31,0.1879608867518898
2668,2024,2024Q4,2024-11,2024-11-27,East,Accessories,Keyboard,208.18,1,208.18,34.29,0.16471322893649726
2669,2022,2022Q3,2022-09,2022-09-07,North,Accessories,Monitor,153.0925,8,1224.74,281.43,0.22978754674461518
2670,2022,2022Q1,2022-03,2022-03-12,West,Office,Printer,646.09625,8,5168.77,672.6,0.13012767060635314
2671,2022,2022Q4,2022-11,2022-11-10,East,Accessories,Monitor,1087.0233333333333,6,6522.14,502.98,0.07711885976075337
2672,2022,2022Q3,2022-09,2022-09-03,South,Accessories,Keyboard,218.03400000000002,5,1090.17,140.7,0.1290624398029665
2673,2024,2024Q3,2024-09,2024-09-30,South,Electronics,Laptop,579.1933333333333,6,3475.16,706.34,0.2032539508972249
2674,2024,2024Q1,2024-03,2024-03-19,South,Electronics,Smartwatch,648.0055555555556,9,5832.05,1007.54,0.17275914987011426
2675,2023,2023Q2,2023-06,2023-06-07,South,Accessories,Mouse,1000.95,1,1000.95,210.04,0.20984065138118785
2676,2024,2024Q3,2024-08,2024-08-13,West,Accessories,Monitor,916.08,2,1832.16,489.21,0.26701270631385904
2677,2024,2024Q2,2024-05,2024-05-05,East,Electronics,Smartwatch,562.0116666666667,6,3372.07,934.42,0.2771057540323896
2678,2024,2024Q4,2024-12,2024-12-16,South,Electronics,Camera,1046.175,2,2092.35,549.42,0.2625851315506488
2679,2023,2023Q1,2023-03,2023-03-19,South,Accessories,Monitor,187.10714285714286,7,1309.75,138.46,0.10571483107463257
2680,2024,2024Q2,2024-04,2024-04-28,North,Accessories,Keyboard,837.0125,4,3348.05,203.68,0.06083541165753199
2681,2022,2022Q3,2022-09,2022-09-29,East,Accessories,Keyboard,255.1275,2,510.255,81.18,0.15909692212717172
2682,2023,2023Q1,2023-01,2023-01-13,West,Electronics,Tablet,853.59,1,853.59,97.5,0.11422345622605701
2683,2023,2023Q1,2023-01,2023-01-06,East,Electronics,Camera,1104.175,4,4416.7,1081.53,0.24487286888400842
2684,2023,2023Q1,2023-01,2023-01-11,North,Accessories,Headphones,479.0275,8,3832.22,741.44,0.19347532239798343
2685,2024,2024Q4,2024-12,2024-12-16,South,Accessories,Monitor,469.035,4,1876.14,221.18,0.11789098894538787
2686,2024,2024Q1,2024-03,2024-03-14,South,Electronics,Laptop,878.1933333333333,3,2634.58,392.21,0.14887002861936247
2687,2023,2023Q3,2023-08,2023-08-26,North,Electronics,Laptop,1027.89,2,2055.78,519.84,0.252867524735137
2688,2024,2024Q2,2024-06,2024-06-18,East,Accessories,Mouse,795.365,1,795.365,73.6,0.09253613121019909
2689,2024,2024Q3,2024-08,2024-08-20,South,Electronics,Camera,276.015,4,1104.06,63.57,0.05757839247866964
2690,2024,2024Q3,2024-09,2024-09-18,South,Electronics,Smartphone,617.1133333333333,6,3702.68,397.42,0.10733306685968003
2691,2024,2024Q4,2024-11,2024-11-06,South,Electronics,Smartphone,704.235,2,1408.47,193.09,0.1370920218393008
2692,2022,2022Q2,2022-05,2022-05-24,South,Electronics,Laptop,663.04,7,4641.28,1341.98,0.28914006480970766
2693,2022,2022Q4,2022-10,2022-10-01,West,Electronics,Tablet,373.0571428571429,7,2611.4,539.37,0.2065443823236578
2694,2023,2023Q4,2023-12,2023-12-05,North,Electronics,Laptop,956.1325,8,7649.06,1423.84,0.18614574862793595
2695,2023,2023Q1,2023-03,2023-03-08,East,Electronics,Smartphone,1021.15,2,2042.3,501.34,0.24547813739411448
2696,2023,2023Q1,2023-03,2023-03-14,East,Electronics,Camera,1173.0625,4,4692.25,409.07,0.08717992434333209
2697,2024,2024Q3,2024-09,2024-09-25,West,Electronics,Smartphone,463.2225,8,3705.78,1070.14,0.28877591222360743
2698,2022,2022Q1,2022-02,2022-02-05,South,Accessories,Monitor,1025.2066666666667,3,3075.62,804.06,0.2614302156963474
2699,2024,2024Q4,2024-12,2024-12-11,North,Accessories,Keyboard,104.145,3,312.435,33.495,0.1072062989101733
2700,2023,2023Q3,2023-07,2023-07-13,South,Electronics,Smartwatch,867.37,2,1734.74,310.76,0.17913923700381612
2701,2022,2022Q3,2022-08,2022-08-31,East,Electronics,Camera,734.104,5,3670.52,924.95,0.2519942678421586
2702,2024,2024Q3,2024-08,2024-08-16,North,Electronics,Smartwatch,662.0342857142857,7,4634.24,1358.44,0.29313112829719656
2703,2024,2024Q1,2024-01,2024-01-20,North,Accessories,Headphones,160.04444444444445,9,1440.4,94.41,0.06554429325187447
2704,2023,2023Q2,2023-04,2023-04-11,West,Electronics,Laptop,856.1033333333334,12,10273.24,2450.8,0.23856154436185664
2705,2022,2022Q1,2022-02,2022-02-03,East,Accessories,Keyboard,711.085,1,711.085,164.49,0.2313225563751169
2706,2024,2024Q4,2024-12,2024-12-22,West,Electronics,Camera,212.01833333333332,6,1272.11,336.3,0.2643639307921485
2707,2023,2023Q2,2023-06,2023-06-26,North,Accessories,Keyboard,123.07875,8,984.63,72.54,0.07367234392614486
2708,2022,2022Q4,2022-11,2022-11-12,North,Electronics,Smartphone,636.9,1,636.9,42.4,0.06657246035484378
2709,2023,2023Q3,2023-08,2023-08-05,North,Electronics,Laptop,677.1466666666666,3,2031.44,450.23,0.2216309612885441
2710,2022,2022Q1,2022-02,2022-02-23,West,Accessories,Mouse,354.0488888888889,9,3186.44,483.22,0.1516488620529494
2711,2022,2022Q2,2022-05,2022-05-06,South,Accessories,Headphones,134.02,1,134.02,33.12,0.24712729443366657
2712,2024,2024Q2,2024-04,2024-04-27,South,Electronics,Tablet,353.114,5,1765.57,347.42,0.19677497918519232
2713,2023,2023Q3,2023-07,2023-07-28,East,Accessories,Keyboard,907.085,2,1814.17,358.905,0.19783427131966683
2714,2024,2024Q4,2024-12,2024-12-06,West,Accessories,Monitor,250.1825,4,1000.73,198.92,0.19877489432714118
2715,2023,2023Q1,2023-03,2023-03-08,North,Electronics,Camera,1067.44,2,2134.88,119.89,0.05615772315071573
2716,2024,2024Q4,2024-11,2024-11-03,East,Electronics,Laptop,107.14666666666666,3,321.44,72.13,0.22439646590343454
2717,2023,2023Q1,2023-02,2023-02-19,South,Electronics,Camera,1042.22,3,3126.66,710.14,0.22712415165064317
2718,2023,2023Q4,2023-11,2023-11-05,South,Accessories,Monitor,778.1057142857143,7,5446.74,697.21,0.12800500850049756
2719,2023,2023Q2,2023-05,2023-05-02,East,Electronics,Tablet,1131.88,1,1131.88,140.55,0.1241739407004276
2720,2023,2023Q3,2023-09,2023-09-16,North,Electronics,Laptop,974.0257142857143,14,13636.36,2696.52,0.1977448527319607
2721,2023,2023Q1,2023-03,2023-03-29,East,Electronics,Smartphone,331.1014285714286,14,4635.42,1355.22,0.29236185717799035
2722,2023,2023Q1,2023-01,2023-01-27,East,Electronics,Smartwatch,66.135,6,396.81,89.51,0.22557395226934807
2723,2023,2023Q4,2023-11,2023-11-16,South,Electronics,Smartphone,558.13,2,1116.26,99.62,0.08924444125920485
2724,2023,2023Q1,2023-03,2023-03-21,East,Electronics,Smartphone,226.08555555555554,9,2034.77,593.13,0.29149731910731924
2725,2022,2022Q2,2022-06,2022-06-01,West,Accessories,Mouse,760.0225,4,3040.09,585.965,0.1927459384426119
2726,2023,2023Q1,2023-02,2023-02-04,East,Electronics,Smartwatch,689.005,2,1378.01,183.1,0.1328727657999579
2727,2024,2024Q1,2024-03,2024-03-04,East,Accessories,Monitor,161.13666666666668,3,483.41,120.11,0.248464036739
2728,2023,2023Q3,2023-09,2023-09-16,East,Electronics,Smartwatch,1010.0633333333333,9,9090.57,727.64,0.08004338561828356
2729,2024,2024Q1,2024-01,2024-01-10,North,Electronics,Camera,744.138,5,3720.69,1077.21,0.28951887956266176
2730,2022,2022Q3,2022-07,2022-07-02,East,Electronics,Smartphone,1112.1225,8,8896.98,1825.26,0.2051550076542827
2731,2024,2024Q4,2024-10,2024-10-01,South,Accessories,Mouse,816.14,2,1632.28,319.9,0.19598353223711618
2732,2024,2024Q2,2024-05,2024-05-26,East,Accessories,Headphones,561.2133333333334,3,1683.64,129.64,0.07699983369366371
2733,2022,2022Q1,2022-01,2022-01-10,West,Electronics,Camera,868.0414285714286,7,6076.29,788.14,0.12970743661016837
2734,2023,2023Q3,2023-07,2023-07-19,West,Electronics,Smartwatch,1194.26,2,2388.52,492.54,0.20621137775693735
2735,2023,2023Q3,2023-07,2023-07-11,East,Electronics,Smartphone,147.03166666666667,6,882.19,180.63,0.20475181083440072
2736,2022,2022Q2,2022-06,2022-06-05,West,Electronics,Laptop,1187.1666666666667,3,3561.5,206.87,0.05808507651270532
2737,2024,2024Q4,2024-10,2024-10-20,East,Electronics,Tablet,485.1242857142857,7,3395.87,350.26,0.1031429353891639
2738,2022,2022Q1,2022-01,2022-01-31,South,Electronics,Smartphone,561.1116666666667,6,3366.67,460.75,0.1368563001422771
2739,2022,2022Q4,2022-11,2022-11-30,East,Accessories,Mouse,315.445,1,315.445,72.07,0.22847089032953444
2740,2023,2023Q3,2023-07,2023-07-14,South,Electronics,Camera,440.72,1,440.72,34.74,0.07882555817752768
2741,2024,2024Q4,2024-12,2024-12-29,South,Accessories,Monitor,834.1016666666666,6,5004.61,1197.36,0.2392514101997958
2742,2022,2022Q1,2022-02,2022-02-16,South,Electronics,Laptop,230.065,16,3681.04,922.42,0.2505867906895877
2743,2022,2022Q4,2022-11,2022-11-06,South,Electronics,Tablet,638.0071428571429,7,4466.05,763.14,0.17087582987203456
2744,2022,2022Q4,2022-12,2022-12-27,South,Electronics,Tablet,508.08500000000004,6,3048.51,823.36,0.2700860420336492
2745,2024,2024Q2,2024-06,2024-06-03,South,Accessories,Mouse,711.1,7,4977.7,516.7,0.10380296120698315
2746,2022,2022Q3,2022-07,2022-07-01,South,Accessories,Keyboard,670.01,3,2010.03,387.31,0.19268866633831336
2747,2022,2022Q1,2022-01,2022-01-30,South,Electronics,Camera,669.065,8,5352.52,1133.57,0.21178248750121434
2748,2024,2024Q1,2024-01,2024-01-07,North,Electronics,Camera,1034.14,4,4136.56,294.21,0.07112431585665382
2749,2022,2022Q2,2022-04,2022-04-30,West,Electronics,Camera,792.04375,8,6336.35,439.42,0.06934907320460518
2750,2023,2023Q4,2023-11,2023-11-28,East,Electronics,Laptop,609.0877777777778,9,5481.79,1540.75,0.281066950758785
2751,2024,2024Q4,2024-10,2024-10-15,West,Electronics,Camera,1061.0133333333333,6,6366.08,318.97,0.05010461696994069
2752,2024,2024Q4,2024-12,2024-12-20,South,Accessories,Mouse,118.955,1,118.955,24.97,0.20991131099995797
2753,2022,2022Q1,2022-03,2022-03-18,North,Accessories,Keyboard,1046.3575,4,4185.43,762.9,0.18227517841655455
2754,2024,2024Q3,2024-09,2024-09-29,West,Electronics,Smartphone,158.17,2,316.34,65.78,0.20794082316494913
2755,2023,2023Q1,2023-03,2023-03-11,West,Accessories,Keyboard,724.63,3,2173.89,356.395,0.16394343780044068
2756,2022,2022Q3,2022-09,2022-09-13,East,Electronics,Smartphone,841.21,4,3364.84,527.28,0.1567028447117842
2757,2023,2023Q3,2023-07,2023-07-29,South,Electronics,Camera,366.0733333333333,3,1098.22,77.81,0.07085101345814136
2758,2022,2022Q2,2022-05,2022-05-14,West,Accessories,Headphones,361.26666666666665,3,1083.8,257.44,0.23753460047979333
2759,2022,2022Q3,2022-09,2022-09-09,East,Electronics,Laptop,407.2475,4,1628.99,314.96,0.19334679770900987
2760,2024,2024Q4,2024-11,2024-11-19,South,Accessories,Keyboard,368.0275,2,736.055,193.635,0.2630713737424513
2761,2024,2024Q2,2024-04,2024-04-17,West,Accessories,Monitor,855.31,3,2565.93,510.73,0.19904284216638804
2762,2024,2024Q4,2024-10,2024-10-18,South,Accessories,Mouse,738.18,3,2214.54,127.34,0.05750178366613383
2763,2024,2024Q2,2024-06,2024-06-16,West,Accessories,Monitor,325.1066666666667,3,975.32,291.81,0.2991941106508633
2764,2024,2024Q4,2024-10,2024-10-06,North,Electronics,Smartphone,100.15666666666668,6,600.94,76.88,0.12793290511531932
2765,2024,2024Q1,2024-02,2024-02-27,East,Accessories,Monitor,1124.44,2,2248.88,473.21,0.21042029810394505
2766,2023,2023Q4,2023-10,2023-10-10,North,Accessories,Monitor,269.07166666666666,6,1614.43,166.62,0.1032067045334886
2767,2022,2022Q2,2022-05,2022-05-03,West,Accessories,Monitor,738.355,2,1476.71,195.74,0.13255141496976386
2768,2024,2024Q4,2024-11,2024-11-05,South,Office,Printer,875.1200000000001,5,4375.6,347.43,0.07940168205503245
2769,2024,2024Q3,2024-09,2024-09-03,North,Electronics,Smartwatch,266.15,4,1064.6,263.48,0.2474920157805749
2770,2022,2022Q4,2022-10,2022-10-04,North,Accessories,Headphones,178.09,6,1068.54,190.77,0.17853332584648213
2771,2023,2023Q4,2023-12,2023-12-17,East,Accessories,Keyboard,190.29,1,190.29,27.43,0.14414840506595197
2772,2024,2024Q4,2024-12,2024-12-03,North,Accessories,Keyboard,619.775,1,619.775,71.675,0.11564680730910411
2773,2023,2023Q3,2023-09,2023-09-10,East,Accessories,Monitor,697.28,2,1394.56,408.32,0.2927948600275356
2774,2024,2024Q1,2024-02,2024-02-07,North,Electronics,Smartphone,412.08000000000004,5,2060.4,403.19,0.19568530382450008
2775,2023,2023Q2,2023-06,2023-06-09,East,Electronics,Laptop,1060.85,2,2121.7,114.52,0.053975585615308484
2776,2022,2022Q4,2022-12,2022-12-16,North,Accessories,Monitor,1116.1114285714286,7,7812.78,1478.43,0.1892322579158763
2777,2024,2024Q2,2024-06,2024-06-17,North,Electronics,Camera,1011.0171428571429,7,7077.12,804.15,0.1136267295170917
2778,2023,2023Q2,2023-06,2023-06-10,West,Electronics,Smartphone,816.0028571428572,14,11424.04,1858.84,0.1627130157107293
2779,2024,2024Q2,2024-06,2024-06-18,West,Electronics,Tablet,496.065,2,992.13,238.18,0.24006934575106087
2780,2022,2022Q2,2022-04,2022-04-13,North,Electronics,Smartwatch,878.225,2,1756.45,165.6,0.09428107831136667
2781,2023,2023Q2,2023-04,2023-04-09,West,Accessories,Monitor,908.2375,4,3632.95,566.81,0.15601921303623775
2782,2024,2024Q1,2024-03,2024-03-17,East,Accessories,Headphones,978.15,4,3912.6,550.09,0.14059448959770998
2783,2022,2022Q4,2022-11,2022-11-02,South,Electronics,Tablet,51.08375,8,408.67,83.16,0.20348936794969044
2784,2022,2022Q4,2022-12,2022-12-18,South,Electronics,Smartphone,1014.225,8,8113.8,1537.62,0.1895067662500924
2785,2024,2024Q2,2024-05,2024-05-07,West,Electronics,Laptop,770.11,2,1540.22,243.5,0.1580942982171378
2786,2022,2022Q1,2022-02,2022-02-07,North,Electronics,Smartwatch,177.30666666666664,3,531.92,73.35,0.13789667619190857
2787,2024,2024Q2,2024-04,2024-04-01,East,Electronics,Laptop,650.1342857142856,14,9101.88,1785.46,0.19616386944235698
2788,2023,2023Q2,2023-04,2023-04-07,West,Electronics,Smartwatch,496.008,5,2480.04,601.66,0.24260092579151948
2789,2022,2022Q1,2022-02,2022-02-25,West,Accessories,Keyboard,193.10999999999999,7,1351.77,310.03,0.22935114701465484
2790,2023,2023Q3,2023-09,2023-09-03,South,Accessories,Monitor,923.068,5,4615.34,251.0,0.05438385904397076
2791,2024,2024Q1,2024-03,2024-03-22,West,Accessories,Mouse,829.34,1,829.34,165.05,0.19901367352352473
2792,2024,2024Q1,2024-03,2024-03-15,West,Electronics,Camera,59.32,3,177.96,43.41,0.2439312204989885
2793,2023,2023Q2,2023-04,2023-04-26,South,Electronics,Laptop,55.016,5,275.08,64.9,0.2359313654209685
2794,2024,2024Q3,2024-08,2024-08-13,South,Accessories,Keyboard,342.34,2,684.68,71.39,0.10426768709470119
2795,2023,2023Q4,2023-10,2023-10-20,South,Electronics,Laptop,664.1825,4,2656.73,687.63,0.25882569926187454
2796,2024,2024Q3,2024-07,2024-07-12,West,Electronics,Laptop,238.092,10,2380.92,693.58,0.29130756178284023
2797,2024,2024Q3,2024-08,2024-08-31,South,Electronics,Laptop,509.28999999999996,6,3055.74,728.1,0.23827288970920305
2798,2023,2023Q4,2023-10,2023-10-19,East,Accessories,Mouse,292.14,4,1168.56,177.54,0.15193058122817826
2799,2023,2023Q2,2023-04,2023-04-16,South,Electronics,Tablet,791.11875,8,6328.95,1257.81,0.1987391273433982
2800,2024,2024Q2,2024-06,2024-06-17,North,Electronics,Smartphone,731.0466666666666,3,2193.14,477.95,0.21792954394156325
2801,2023,2023Q2,2023-04,2023-04-28,East,Electronics,Smartwatch,950.01125,8,7600.09,1099.88,0.14471933884993468
2802,2023,2023Q1,2023-03,2023-03-15,West,Office,Printer,196.05555555555554,9,1764.5,322.11,0.18255029753471239
2803,2022,2022Q2,2022-05,2022-05-20,East,Accessories,Keyboard,635.31,1,635.31,42.145,0.06633769340951662
2804,2023,2023Q1,2023-01,2023-01-21,North,Electronics,Tablet,607.44,1,607.44,33.77,0.055593968128539444
2805,2023,2023Q1,2023-03,2023-03-23,South,Accessories,Mouse,836.145,2,1672.29,469.64,0.28083645779141175
2806,2023,2023Q2,2023-06,2023-06-28,South,Accessories,Keyboard,953.0683333333333,3,2859.205,679.13,0.2375240670046394
2807,2022,2022Q2,2022-04,2022-04-30,South,Accessories,Headphones,73.11,8,584.88,107.27,0.18340514293530297
2808,2023,2023Q1,2023-03,2023-03-24,West,Electronics,Camera,1065.09,7,7455.63,966.64,0.12965235667542516
2809,2022,2022Q2,2022-06,2022-06-02,West,Electronics,Tablet,121.10000000000001,7,847.7,154.05,0.18172702607054383
2810,2022,2022Q3,2022-07,2022-07-31,West,Accessories,Mouse,426.17,3,1278.51,178.78,0.13983465127374836
2811,2024,2024Q1,2024-01,2024-01-21,East,Accessories,Keyboard,824.11,8,6592.88,1024.82,0.15544344808338692
2812,2023,2023Q3,2023-09,2023-09-13,East,Accessories,Monitor,443.0875,8,3544.7,454.14,0.12811803537675967
2813,2023,2023Q4,2023-12,2023-12-19,West,Electronics,Camera,653.24,3,1959.72,274.27,0.13995366685036637
2814,2022,2022Q3,2022-08,2022-08-02,South,Accessories,Mouse,564.04,6,3384.24,924.03,0.2730391461598468
2815,2023,2023Q4,2023-11,2023-11-25,North,Electronics,Smartphone,307.35,2,614.7,100.4,0.1633317065235074
2816,2022,2022Q3,2022-07,2022-07-29,West,Electronics,Camera,1113.0922222222223,9,10017.83,1468.72,0.14661059331212448
2817,2024,2024Q4,2024-11,2024-11-04,South,Electronics,Tablet,1133.1314285714286,7,7931.92,504.39,0.06358990004942057
2818,2024,2024Q4,2024-10,2024-10-20,North,Electronics,Laptop,584.405,4,2337.62,396.8,0.1697452964981477
2819,2024,2024Q1,2024-03,2024-03-19,South,Electronics,Smartphone,1085.0066666666667,9,9765.06,909.99,0.09318836750619044
2820,2023,2023Q3,2023-09,2023-09-21,South,Electronics,Tablet,182.02625,8,1456.21,271.26,0.18627807802446075
2821,2022,2022Q2,2022-06,2022-06-24,West,Electronics,Smartwatch,1157.04,2,2314.08,600.76,0.2596107308303948
2822,2023,2023Q4,2023-10,2023-10-06,North,Electronics,Smartwatch,915.52,1,915.52,264.3,0.28868839566585114
2823,2022,2022Q4,2022-12,2022-12-06,North,Electronics,Laptop,290.59,2,581.18,122.28,0.21039953198664788
2824,2022,2022Q1,2022-01,2022-01-15,North,Electronics,Tablet,512.14,7,3584.98,940.88,0.26245055760422653
2825,2024,2024Q1,2024-03,2024-03-04,West,Accessories,Mouse,209.01333333333332,3,627.04,102.785,0.16392096198009698
2826,2023,2023Q1,2023-01,2023-01-24,North,Electronics,Laptop,482.17600000000004,5,2410.88,636.83,0.26414836076453413
2827,2023,2023Q3,2023-09,2023-09-04,East,Accessories,Keyboard,736.04,8,5888.32,354.27,0.06016486875713276
2828,2023,2023Q3,2023-09,2023-09-20,East,Electronics,Tablet,442.03,4,1768.12,345.33,0.19530914191344478
2829,2022,2022Q2,2022-06,2022-06-01,North,Accessories,Headphones,511.205,2,1022.41,76.04,0.07437329447090699
2830,2023,2023Q4,2023-12,2023-12-03,North,Electronics,Tablet,961.18,3,2883.54,671.91,0.23301566824112027
2831,2023,2023Q1,2023-02,2023-02-15,North,Accessories,Monitor,1016.2225,4,4064.89,771.16,0.18971239074120086
2832,2022,2022Q3,2022-09,2022-09-18,East,Accessories,Monitor,1117.24,1,1117.24,119.89,0.10730908309763346
2833,2022,2022Q2,2022-04,2022-04-12,South,Electronics,Laptop,65.065,4,260.26,66.02,0.25366940751556133
